/* Generated by tools/generate_registries.py; do not edit. */
#include "registry_data.h"

const registry_name_record_t radio_company_records[] = {
    {0u, {0x01, 0x00, 0x00}},
    {1u, {0x0d, 0x00, 0x00}},
    {2u, {0x21, 0x00, 0x00}},
    {3u, {0x2d, 0x00, 0x00}},
    {4u, {0x37, 0x00, 0x00}},
    {5u, {0x45, 0x00, 0x00}},
    {6u, {0x4a, 0x00, 0x00}},
    {7u, {0x54, 0x00, 0x00}},
    {8u, {0x5b, 0x00, 0x00}},
    {9u, {0x64, 0x00, 0x00}},
    {10u, {0x7d, 0x00, 0x00}},
    {11u, {0xae, 0x00, 0x00}},
    {12u, {0xbb, 0x00, 0x00}},
    {13u, {0xca, 0x00, 0x00}},
    {14u, {0xe1, 0x00, 0x00}},
    {15u, {0xfb, 0x00, 0x00}},
    {16u, {0x10, 0x01, 0x00}},
    {17u, {0x24, 0x01, 0x00}},
    {18u, {0x32, 0x01, 0x00}},
    {19u, {0x3e, 0x01, 0x00}},
    {20u, {0x50, 0x01, 0x00}},
    {21u, {0x70, 0x01, 0x00}},
    {22u, {0x78, 0x01, 0x00}},
    {23u, {0x8b, 0x01, 0x00}},
    {24u, {0x94, 0x01, 0x00}},
    {25u, {0xa5, 0x01, 0x00}},
    {26u, {0xc3, 0x01, 0x00}},
    {27u, {0xd2, 0x01, 0x00}},
    {28u, {0xec, 0x01, 0x00}},
    {29u, {0x02, 0x02, 0x00}},
    {30u, {0x0b, 0x02, 0x00}},
    {31u, {0x14, 0x02, 0x00}},
    {32u, {0x1f, 0x02, 0x00}},
    {33u, {0x2f, 0x02, 0x00}},
    {34u, {0x3c, 0x02, 0x00}},
    {35u, {0x4c, 0x02, 0x00}},
    {36u, {0x6a, 0x02, 0x00}},
    {37u, {0x72, 0x02, 0x00}},
    {38u, {0x7b, 0x02, 0x00}},
    {39u, {0x8a, 0x02, 0x00}},
    {40u, {0x99, 0x02, 0x00}},
    {41u, {0xab, 0x02, 0x00}},
    {42u, {0xb7, 0x02, 0x00}},
    {43u, {0xd1, 0x02, 0x00}},
    {44u, {0xd9, 0x02, 0x00}},
    {45u, {0xf9, 0x02, 0x00}},
    {46u, {0x0b, 0x03, 0x00}},
    {47u, {0x1b, 0x03, 0x00}},
    {48u, {0x32, 0x03, 0x00}},
    {49u, {0x46, 0x03, 0x00}},
    {50u, {0x55, 0x03, 0x00}},
    {51u, {0x70, 0x03, 0x00}},
    {52u, {0x7b, 0x03, 0x00}},
    {54u, {0xa9, 0x03, 0x00}},
    {55u, {0xc9, 0x03, 0x00}},
    {56u, {0xde, 0x03, 0x00}},
    {57u, {0xf4, 0x03, 0x00}},
    {58u, {0x15, 0x04, 0x00}},
    {59u, {0x34, 0x04, 0x00}},
    {60u, {0x47, 0x04, 0x00}},
    {61u, {0x5a, 0x04, 0x00}},
    {62u, {0x6a, 0x04, 0x00}},
    {63u, {0x81, 0x04, 0x00}},
    {64u, {0x94, 0x04, 0x00}},
    {65u, {0xac, 0x04, 0x00}},
    {66u, {0xd5, 0x04, 0x00}},
    {67u, {0xf8, 0x04, 0x00}},
    {68u, {0x0e, 0x05, 0x00}},
    {69u, {0x1c, 0x05, 0x00}},
    {70u, {0x39, 0x05, 0x00}},
    {71u, {0x48, 0x05, 0x00}},
    {72u, {0x51, 0x05, 0x00}},
    {73u, {0x6f, 0x05, 0x00}},
    {74u, {0x80, 0x05, 0x00}},
    {75u, {0x99, 0x05, 0x00}},
    {76u, {0xaf, 0x05, 0x00}},
    {77u, {0xbb, 0x05, 0x00}},
    {78u, {0xd9, 0x05, 0x00}},
    {79u, {0xec, 0x05, 0x00}},
    {80u, {0xf5, 0x05, 0x00}},
    {81u, {0x0b, 0x06, 0x00}},
    {82u, {0x24, 0x06, 0x00}},
    {83u, {0x34, 0x06, 0x00}},
    {84u, {0x41, 0x06, 0x00}},
    {85u, {0x54, 0x06, 0x00}},
    {86u, {0x66, 0x06, 0x00}},
    {87u, {0x8a, 0x06, 0x00}},
    {88u, {0xb0, 0x06, 0x00}},
    {89u, {0xbc, 0x06, 0x00}},
    {90u, {0xd5, 0x06, 0x00}},
    {91u, {0xf1, 0x06, 0x00}},
    {92u, {0x0f, 0x07, 0x00}},
    {93u, {0x2a, 0x07, 0x00}},
    {94u, {0x4c, 0x07, 0x00}},
    {95u, {0x61, 0x07, 0x00}},
    {96u, {0x71, 0x07, 0x00}},
    {97u, {0x84, 0x07, 0x00}},
    {98u, {0x99, 0x07, 0x00}},
    {99u, {0xa8, 0x07, 0x00}},
    {100u, {0xb7, 0x07, 0x00}},
    {101u, {0xd2, 0x07, 0x00}},
    {103u, {0xdb, 0x07, 0x00}},
    {104u, {0xe6, 0x07, 0x00}},
    {105u, {0xf5, 0x07, 0x00}},
    {106u, {0x0b, 0x08, 0x00}},
    {107u, {0x17, 0x08, 0x00}},
    {108u, {0x28, 0x08, 0x00}},
    {110u, {0x47, 0x08, 0x00}},
    {111u, {0x68, 0x08, 0x00}},
    {112u, {0x71, 0x08, 0x00}},
    {113u, {0x7e, 0x08, 0x00}},
    {114u, {0x8d, 0x08, 0x00}},
    {115u, {0xb7, 0x08, 0x00}},
    {116u, {0xc8, 0x08, 0x00}},
    {117u, {0xd2, 0x08, 0x00}},
    {118u, {0xef, 0x08, 0x00}},
    {119u, {0x08, 0x09, 0x00}},
    {120u, {0x1f, 0x09, 0x00}},
    {121u, {0x2a, 0x09, 0x00}},
    {122u, {0x36, 0x09, 0x00}},
    {123u, {0x50, 0x09, 0x00}},
    {125u, {0x65, 0x09, 0x00}},
    {127u, {0x80, 0x09, 0x00}},
    {128u, {0x8f, 0x09, 0x00}},
    {129u, {0xb0, 0x09, 0x00}},
    {130u, {0xbd, 0x09, 0x00}},
    {131u, {0xc6, 0x09, 0x00}},
    {132u, {0xe0, 0x09, 0x00}},
    {133u, {0xf4, 0x09, 0x00}},
    {134u, {0x05, 0x0a, 0x00}},
    {135u, {0x10, 0x0a, 0x00}},
    {137u, {0x2b, 0x0a, 0x00}},
    {138u, {0x3a, 0x0a, 0x00}},
    {139u, {0x42, 0x0a, 0x00}},
    {140u, {0x62, 0x0a, 0x00}},
    {141u, {0x6e, 0x0a, 0x00}},
    {142u, {0x7d, 0x0a, 0x00}},
    {143u, {0x8a, 0x0a, 0x00}},
    {144u, {0xa8, 0x0a, 0x00}},
    {145u, {0xc1, 0x0a, 0x00}},
    {146u, {0xe9, 0x0a, 0x00}},
    {147u, {0xfb, 0x0a, 0x00}},
    {148u, {0x17, 0x0b, 0x00}},
    {149u, {0x2f, 0x0b, 0x00}},
    {150u, {0x42, 0x0b, 0x00}},
    {151u, {0x57, 0x0b, 0x00}},
    {152u, {0x6b, 0x0b, 0x00}},
    {153u, {0x79, 0x0b, 0x00}},
    {154u, {0xa1, 0x0b, 0x00}},
    {155u, {0xa9, 0x0b, 0x00}},
    {156u, {0xdb, 0x0b, 0x00}},
    {157u, {0xe9, 0x0b, 0x00}},
    {158u, {0xf7, 0x0b, 0x00}},
    {159u, {0x08, 0x0c, 0x00}},
    {160u, {0x12, 0x0c, 0x00}},
    {161u, {0x35, 0x0c, 0x00}},
    {162u, {0x4a, 0x0c, 0x00}},
    {163u, {0x64, 0x0c, 0x00}},
    {164u, {0x74, 0x0c, 0x00}},
    {165u, {0x7e, 0x0c, 0x00}},
    {166u, {0x8f, 0x0c, 0x00}},
    {167u, {0xa0, 0x0c, 0x00}},
    {168u, {0xb4, 0x0c, 0x00}},
    {169u, {0xc8, 0x0c, 0x00}},
    {170u, {0xde, 0x0c, 0x00}},
    {171u, {0xec, 0x0c, 0x00}},
    {172u, {0x0d, 0x0d, 0x00}},
    {173u, {0x22, 0x0d, 0x00}},
    {174u, {0x3b, 0x0d, 0x00}},
    {175u, {0x48, 0x0d, 0x00}},
    {176u, {0x50, 0x0d, 0x00}},
    {177u, {0x6a, 0x0d, 0x00}},
    {178u, {0x83, 0x0d, 0x00}},
    {179u, {0x8d, 0x0d, 0x00}},
    {180u, {0xad, 0x0d, 0x00}},
    {181u, {0xc6, 0x0d, 0x00}},
    {182u, {0xd5, 0x0d, 0x00}},
    {183u, {0xe8, 0x0d, 0x00}},
    {184u, {0xf3, 0x0d, 0x00}},
    {185u, {0x1b, 0x0e, 0x00}},
    {186u, {0x32, 0x0e, 0x00}},
    {187u, {0x4f, 0x0e, 0x00}},
    {188u, {0x6b, 0x0e, 0x00}},
    {189u, {0x7a, 0x0e, 0x00}},
    {190u, {0x8c, 0x0e, 0x00}},
    {191u, {0x9c, 0x0e, 0x00}},
    {192u, {0xb8, 0x0e, 0x00}},
    {193u, {0xd8, 0x0e, 0x00}},
    {194u, {0x03, 0x0f, 0x00}},
    {195u, {0x0e, 0x0f, 0x00}},
    {196u, {0x18, 0x0f, 0x00}},
    {197u, {0x27, 0x0f, 0x00}},
    {198u, {0x42, 0x0f, 0x00}},
    {199u, {0x4c, 0x0f, 0x00}},
    {200u, {0x57, 0x0f, 0x00}},
    {201u, {0x60, 0x0f, 0x00}},
    {202u, {0x67, 0x0f, 0x00}},
    {203u, {0x6c, 0x0f, 0x00}},
    {204u, {0x78, 0x0f, 0x00}},
    {205u, {0x8a, 0x0f, 0x00}},
    {206u, {0xa4, 0x0f, 0x00}},
    {207u, {0xb5, 0x0f, 0x00}},
    {208u, {0xbf, 0x0f, 0x00}},
    {209u, {0xcc, 0x0f, 0x00}},
    {210u, {0xe6, 0x0f, 0x00}},
    {211u, {0x06, 0x10, 0x00}},
    {213u, {0x2c, 0x10, 0x00}},
    {214u, {0x49, 0x10, 0x00}},
    {215u, {0x5f, 0x10, 0x00}},
    {216u, {0x7b, 0x10, 0x00}},
    {217u, {0xa0, 0x10, 0x00}},
    {218u, {0xb5, 0x10, 0x00}},
    {219u, {0xbf, 0x10, 0x00}},
    {220u, {0xcf, 0x10, 0x00}},
    {221u, {0xe0, 0x10, 0x00}},
    {222u, {0xf4, 0x10, 0x00}},
    {223u, {0xfe, 0x10, 0x00}},
    {224u, {0x14, 0x11, 0x00}},
    {225u, {0x1b, 0x11, 0x00}},
    {226u, {0x27, 0x11, 0x00}},
    {227u, {0x34, 0x11, 0x00}},
    {228u, {0x48, 0x11, 0x00}},
    {229u, {0x5c, 0x11, 0x00}},
    {231u, {0x7b, 0x11, 0x00}},
    {232u, {0x8b, 0x11, 0x00}},
    {233u, {0x9d, 0x11, 0x00}},
    {234u, {0xac, 0x11, 0x00}},
    {235u, {0xbe, 0x11, 0x00}},
    {236u, {0xd5, 0x11, 0x00}},
    {237u, {0xec, 0x11, 0x00}},
    {238u, {0xfd, 0x11, 0x00}},
    {239u, {0x1a, 0x12, 0x00}},
    {240u, {0x2c, 0x12, 0x00}},
    {241u, {0x39, 0x12, 0x00}},
    {242u, {0x53, 0x12, 0x00}},
    {243u, {0x66, 0x12, 0x00}},
    {244u, {0x79, 0x12, 0x00}},
    {245u, {0x87, 0x12, 0x00}},
    {247u, {0x95, 0x12, 0x00}},
    {248u, {0xac, 0x12, 0x00}},
    {250u, {0xbf, 0x12, 0x00}},
    {251u, {0xd0, 0x12, 0x00}},
    {252u, {0xdd, 0x12, 0x00}},
    {253u, {0xf0, 0x12, 0x00}},
    {254u, {0x04, 0x13, 0x00}},
    {255u, {0x1d, 0x13, 0x00}},
    {256u, {0x30, 0x13, 0x00}},
    {257u, {0x48, 0x13, 0x00}},
    {258u, {0x54, 0x13, 0x00}},
    {259u, {0x67, 0x13, 0x00}},
    {260u, {0x7a, 0x13, 0x00}},
    {261u, {0x98, 0x13, 0x00}},
    {262u, {0xc4, 0x13, 0x00}},
    {263u, {0xe2, 0x13, 0x00}},
    {264u, {0xed, 0x13, 0x00}},
    {265u, {0x0b, 0x14, 0x00}},
    {266u, {0x13, 0x14, 0x00}},
    {267u, {0x20, 0x14, 0x00}},
    {268u, {0x29, 0x14, 0x00}},
    {269u, {0x41, 0x14, 0x00}},
    {270u, {0x53, 0x14, 0x00}},
    {271u, {0x5b, 0x14, 0x00}},
    {272u, {0x7f, 0x14, 0x00}},
    {273u, {0x96, 0x14, 0x00}},
    {274u, {0xa6, 0x14, 0x00}},
    {275u, {0xb2, 0x14, 0x00}},
    {277u, {0xd4, 0x14, 0x00}},
    {278u, {0xe0, 0x14, 0x00}},
    {279u, {0xf2, 0x14, 0x00}},
    {280u, {0x0a, 0x15, 0x00}},
    {282u, {0x20, 0x15, 0x00}},
    {283u, {0x34, 0x15, 0x00}},
    {284u, {0x4f, 0x15, 0x00}},
    {285u, {0x55, 0x15, 0x00}},
    {286u, {0x5f, 0x15, 0x00}},
    {287u, {0x6f, 0x15, 0x00}},
    {288u, {0x7d, 0x15, 0x00}},
    {289u, {0x88, 0x15, 0x00}},
    {290u, {0xa4, 0x15, 0x00}},
    {291u, {0xb2, 0x15, 0x00}},
    {292u, {0xbd, 0x15, 0x00}},
    {293u, {0xc8, 0x15, 0x00}},
    {294u, {0xd0, 0x15, 0x00}},
    {295u, {0xe0, 0x15, 0x00}},
    {296u, {0xfa, 0x15, 0x00}},
    {297u, {0x0d, 0x16, 0x00}},
    {298u, {0x1f, 0x16, 0x00}},
    {299u, {0x44, 0x16, 0x00}},
    {300u, {0x4c, 0x16, 0x00}},
    {301u, {0x63, 0x16, 0x00}},
    {302u, {0x74, 0x16, 0x00}},
    {303u, {0x7f, 0x16, 0x00}},
    {304u, {0x90, 0x16, 0x00}},
    {305u, {0xa6, 0x16, 0x00}},
    {306u, {0xbc, 0x16, 0x00}},
    {307u, {0xc5, 0x16, 0x00}},
    {308u, {0xda, 0x16, 0x00}},
    {309u, {0xf4, 0x16, 0x00}},
    {310u, {0x01, 0x17, 0x00}},
    {311u, {0x0f, 0x17, 0x00}},
    {312u, {0x24, 0x17, 0x00}},
    {313u, {0x2e, 0x17, 0x00}},
    {314u, {0x48, 0x17, 0x00}},
    {315u, {0x5e, 0x17, 0x00}},
    {316u, {0x67, 0x17, 0x00}},
    {317u, {0x86, 0x17, 0x00}},
    {318u, {0x93, 0x17, 0x00}},
    {320u, {0x9d, 0x17, 0x00}},
    {321u, {0xc1, 0x17, 0x00}},
    {322u, {0xd0, 0x17, 0x00}},
    {323u, {0xe3, 0x17, 0x00}},
    {324u, {0xf0, 0x17, 0x00}},
    {325u, {0xfd, 0x17, 0x00}},
    {326u, {0x0e, 0x18, 0x00}},
    {327u, {0x16, 0x18, 0x00}},
    {328u, {0x28, 0x18, 0x00}},
    {329u, {0x3c, 0x18, 0x00}},
    {330u, {0x4a, 0x18, 0x00}},
    {331u, {0x5c, 0x18, 0x00}},
    {332u, {0x68, 0x18, 0x00}},
    {333u, {0x75, 0x18, 0x00}},
    {334u, {0x9b, 0x18, 0x00}},
    {335u, {0xab, 0x18, 0x00}},
    {336u, {0xba, 0x18, 0x00}},
    {337u, {0xce, 0x18, 0x00}},
    {338u, {0xd5, 0x18, 0x00}},
    {339u, {0xf3, 0x18, 0x00}},
    {340u, {0xfc, 0x18, 0x00}},
    {341u, {0x0e, 0x19, 0x00}},
    {342u, {0x16, 0x19, 0x00}},
    {343u, {0x24, 0x19, 0x00}},
    {344u, {0x51, 0x19, 0x00}},
    {345u, {0x5f, 0x19, 0x00}},
    {346u, {0x6f, 0x19, 0x00}},
    {347u, {0x78, 0x19, 0x00}},
    {348u, {0x91, 0x19, 0x00}},
    {349u, {0xa1, 0x19, 0x00}},
    {350u, {0xb0, 0x19, 0x00}},
    {351u, {0xca, 0x19, 0x00}},
    {352u, {0xd8, 0x19, 0x00}},
    {353u, {0xdd, 0x19, 0x00}},
    {354u, {0xe3, 0x19, 0x00}},
    {355u, {0xf5, 0x19, 0x00}},
    {356u, {0x07, 0x1a, 0x00}},
    {357u, {0x38, 0x1a, 0x00}},
    {358u, {0x51, 0x1a, 0x00}},
    {359u, {0x60, 0x1a, 0x00}},
    {360u, {0x7f, 0x1a, 0x00}},
    {361u, {0x8c, 0x1a, 0x00}},
    {362u, {0x97, 0x1a, 0x00}},
    {363u, {0xae, 0x1a, 0x00}},
    {364u, {0xb6, 0x1a, 0x00}},
    {365u, {0xbf, 0x1a, 0x00}},
    {366u, {0xcc, 0x1a, 0x00}},
    {367u, {0xd8, 0x1a, 0x00}},
    {368u, {0xe7, 0x1a, 0x00}},
    {369u, {0xfe, 0x1a, 0x00}},
    {370u, {0x16, 0x1b, 0x00}},
    {371u, {0x3b, 0x1b, 0x00}},
    {372u, {0x49, 0x1b, 0x00}},
    {373u, {0x57, 0x1b, 0x00}},
    {374u, {0x68, 0x1b, 0x00}},
    {375u, {0x73, 0x1b, 0x00}},
    {376u, {0x7f, 0x1b, 0x00}},
    {377u, {0x98, 0x1b, 0x00}},
    {378u, {0xb4, 0x1b, 0x00}},
    {379u, {0xc6, 0x1b, 0x00}},
    {380u, {0xd2, 0x1b, 0x00}},
    {381u, {0xe9, 0x1b, 0x00}},
    {382u, {0xf3, 0x1b, 0x00}},
    {383u, {0xff, 0x1b, 0x00}},
    {384u, {0x11, 0x1c, 0x00}},
    {385u, {0x2b, 0x1c, 0x00}},
    {387u, {0x4a, 0x1c, 0x00}},
    {388u, {0x56, 0x1c, 0x00}},
    {391u, {0x5d, 0x1c, 0x00}},
    {392u, {0x70, 0x1c, 0x00}},
    {393u, {0x7a, 0x1c, 0x00}},
    {394u, {0x94, 0x1c, 0x00}},
    {395u, {0xb2, 0x1c, 0x00}},
    {396u, {0xc7, 0x1c, 0x00}},
    {397u, {0xcf, 0x1c, 0x00}},
    {398u, {0xe6, 0x1c, 0x00}},
    {400u, {0xf1, 0x1c, 0x00}},
    {401u, {0x0e, 0x1d, 0x00}},
    {402u, {0x1e, 0x1d, 0x00}},
    {403u, {0x2d, 0x1d, 0x00}},
    {404u, {0x44, 0x1d, 0x00}},
    {405u, {0x60, 0x1d, 0x00}},
    {406u, {0x65, 0x1d, 0x00}},
    {407u, {0x77, 0x1d, 0x00}},
    {408u, {0x85, 0x1d, 0x00}},
    {409u, {0xab, 0x1d, 0x00}},
    {410u, {0xbe, 0x1d, 0x00}},
    {411u, {0xc9, 0x1d, 0x00}},
    {412u, {0xd9, 0x1d, 0x00}},
    {413u, {0xed, 0x1d, 0x00}},
    {414u, {0xf8, 0x1d, 0x00}},
    {415u, {0xff, 0x1d, 0x00}},
    {416u, {0x0f, 0x1e, 0x00}},
    {417u, {0x2d, 0x1e, 0x00}},
    {418u, {0x33, 0x1e, 0x00}},
    {420u, {0x44, 0x1e, 0x00}},
    {421u, {0x58, 0x1e, 0x00}},
    {422u, {0x70, 0x1e, 0x00}},
    {423u, {0x82, 0x1e, 0x00}},
    {424u, {0x97, 0x1e, 0x00}},
    {425u, {0x9e, 0x1e, 0x00}},
    {426u, {0xa9, 0x1e, 0x00}},
    {427u, {0xc5, 0x1e, 0x00}},
    {428u, {0xda, 0x1e, 0x00}},
    {429u, {0xf0, 0x1e, 0x00}},
    {431u, {0x0b, 0x1f, 0x00}},
    {432u, {0x27, 0x1f, 0x00}},
    {433u, {0x40, 0x1f, 0x00}},
    {434u, {0x54, 0x1f, 0x00}},
    {435u, {0x5e, 0x1f, 0x00}},
    {436u, {0x6a, 0x1f, 0x00}},
    {437u, {0x7c, 0x1f, 0x00}},
    {438u, {0x8b, 0x1f, 0x00}},
    {439u, {0x9f, 0x1f, 0x00}},
    {440u, {0xb8, 0x1f, 0x00}},
    {441u, {0xc2, 0x1f, 0x00}},
    {442u, {0xce, 0x1f, 0x00}},
    {443u, {0xe0, 0x1f, 0x00}},
    {444u, {0x04, 0x20, 0x00}},
    {445u, {0x11, 0x20, 0x00}},
    {446u, {0x22, 0x20, 0x00}},
    {447u, {0x36, 0x20, 0x00}},
    {449u, {0x5b, 0x20, 0x00}},
    {450u, {0x6b, 0x20, 0x00}},
    {452u, {0x7d, 0x20, 0x00}},
    {453u, {0x92, 0x20, 0x00}},
    {454u, {0x9e, 0x20, 0x00}},
    {455u, {0xab, 0x20, 0x00}},
    {456u, {0xba, 0x20, 0x00}},
    {457u, {0xcb, 0x20, 0x00}},
    {458u, {0xd2, 0x20, 0x00}},
    {459u, {0xe5, 0x20, 0x00}},
    {460u, {0xf2, 0x20, 0x00}},
    {461u, {0x00, 0x21, 0x00}},
    {462u, {0x1f, 0x21, 0x00}},
    {463u, {0x39, 0x21, 0x00}},
    {464u, {0x3d, 0x21, 0x00}},
    {465u, {0x54, 0x21, 0x00}},
    {466u, {0x65, 0x21, 0x00}},
    {467u, {0x76, 0x21, 0x00}},
    {468u, {0x86, 0x21, 0x00}},
    {469u, {0x94, 0x21, 0x00}},
    {470u, {0x9d, 0x21, 0x00}},
    {472u, {0xae, 0x21, 0x00}},
    {473u, {0xbf, 0x21, 0x00}},
    {474u, {0xd2, 0x21, 0x00}},
    {475u, {0xec, 0x21, 0x00}},
    {477u, {0xff, 0x21, 0x00}},
    {478u, {0x18, 0x22, 0x00}},
    {479u, {0x38, 0x22, 0x00}},
    {480u, {0x49, 0x22, 0x00}},
    {481u, {0x62, 0x22, 0x00}},
    {483u, {0x6c, 0x22, 0x00}},
    {484u, {0x7c, 0x22, 0x00}},
    {485u, {0x90, 0x22, 0x00}},
    {486u, {0xa4, 0x22, 0x00}},
    {490u, {0xc2, 0x22, 0x00}},
    {492u, {0xe4, 0x22, 0x00}},
    {494u, {0x0b, 0x23, 0x00}},
    {495u, {0x19, 0x23, 0x00}},
    {496u, {0x36, 0x23, 0x00}},
    {497u, {0x42, 0x23, 0x00}},
    {498u, {0x61, 0x23, 0x00}},
    {499u, {0x6d, 0x23, 0x00}},
    {500u, {0x85, 0x23, 0x00}},
    {501u, {0x9b, 0x23, 0x00}},
    {502u, {0xb2, 0x23, 0x00}},
    {503u, {0xbd, 0x23, 0x00}},
    {504u, {0xce, 0x23, 0x00}},
    {505u, {0x04, 0x24, 0x00}},
    {506u, {0x13, 0x24, 0x00}},
    {507u, {0x1e, 0x24, 0x00}},
    {508u, {0x30, 0x24, 0x00}},
    {509u, {0x43, 0x24, 0x00}},
    {510u, {0x65, 0x24, 0x00}},
    {511u, {0x7f, 0x24, 0x00}},
    {512u, {0x9d, 0x24, 0x00}},
    {513u, {0xc5, 0x24, 0x00}},
    {514u, {0xcf, 0x24, 0x00}},
    {515u, {0xda, 0x24, 0x00}},
    {518u, {0xe4, 0x24, 0x00}},
    {519u, {0xf8, 0x24, 0x00}},
    {520u, {0x03, 0x25, 0x00}},
    {521u, {0x10, 0x25, 0x00}},
    {522u, {0x23, 0x25, 0x00}},
    {523u, {0x30, 0x25, 0x00}},
    {524u, {0x4a, 0x25, 0x00}},
    {526u, {0x65, 0x25, 0x00}},
    {527u, {0x7f, 0x25, 0x00}},
    {528u, {0x8d, 0x25, 0x00}},
    {529u, {0x94, 0x25, 0x00}},
    {530u, {0xb1, 0x25, 0x00}},
    {531u, {0xc4, 0x25, 0x00}},
    {532u, {0xcd, 0x25, 0x00}},
    {533u, {0xea, 0x25, 0x00}},
    {534u, {0x00, 0x26, 0x00}},
    {535u, {0x08, 0x26, 0x00}},
    {537u, {0x17, 0x26, 0x00}},
    {538u, {0x24, 0x26, 0x00}},
    {539u, {0x39, 0x26, 0x00}},
    {540u, {0x4c, 0x26, 0x00}},
    {541u, {0x59, 0x26, 0x00}},
    {542u, {0x60, 0x26, 0x00}},
    {543u, {0x6d, 0x26, 0x00}},
    {544u, {0x87, 0x26, 0x00}},
    {545u, {0x98, 0x26, 0x00}},
    {546u, {0xaf, 0x26, 0x00}},
    {547u, {0xbf, 0x26, 0x00}},
    {548u, {0xdb, 0x26, 0x00}},
    {549u, {0xe6, 0x26, 0x00}},
    {550u, {0xfd, 0x26, 0x00}},
    {551u, {0x0a, 0x27, 0x00}},
    {552u, {0x20, 0x27, 0x00}},
    {553u, {0x34, 0x27, 0x00}},
    {554u, {0x45, 0x27, 0x00}},
    {555u, {0x5e, 0x27, 0x00}},
    {556u, {0x6a, 0x27, 0x00}},
    {557u, {0x7f, 0x27, 0x00}},
    {558u, {0x86, 0x27, 0x00}},
    {560u, {0x91, 0x27, 0x00}},
    {561u, {0xae, 0x27, 0x00}},
    {562u, {0xb5, 0x27, 0x00}},
    {564u, {0xcb, 0x27, 0x00}},
    {565u, {0xf0, 0x27, 0x00}},
    {566u, {0xf9, 0x27, 0x00}},
    {567u, {0x07, 0x28, 0x00}},
    {568u, {0x15, 0x28, 0x00}},
    {569u, {0x20, 0x28, 0x00}},
    {570u, {0x2c, 0x28, 0x00}},
    {571u, {0x3e, 0x28, 0x00}},
    {573u, {0x6e, 0x28, 0x00}},
    {574u, {0x7c, 0x28, 0x00}},
    {575u, {0x8d, 0x28, 0x00}},
    {576u, {0xa8, 0x28, 0x00}},
    {577u, {0xbd, 0x28, 0x00}},
    {579u, {0xc8, 0x28, 0x00}},
    {580u, {0xd4, 0x28, 0x00}},
    {581u, {0xdf, 0x28, 0x00}},
    {582u, {0xee, 0x28, 0x00}},
    {583u, {0x03, 0x29, 0x00}},
    {584u, {0x13, 0x29, 0x00}},
    {586u, {0x28, 0x29, 0x00}},
    {587u, {0x32, 0x29, 0x00}},
    {588u, {0x3c, 0x29, 0x00}},
    {589u, {0x50, 0x29, 0x00}},
    {590u, {0x65, 0x29, 0x00}},
    {591u, {0x83, 0x29, 0x00}},
    {592u, {0xa1, 0x29, 0x00}},
    {593u, {0xb7, 0x29, 0x00}},
    {594u, {0xca, 0x29, 0x00}},
    {595u, {0xdd, 0x29, 0x00}},
    {596u, {0xe9, 0x29, 0x00}},
    {597u, {0xf3, 0x29, 0x00}},
    {598u, {0x11, 0x2a, 0x00}},
    {599u, {0x23, 0x2a, 0x00}},
    {600u, {0x40, 0x2a, 0x00}},
    {601u, {0x4c, 0x2a, 0x00}},
    {602u, {0x53, 0x2a, 0x00}},
    {603u, {0x90, 0x2a, 0x00}},
    {604u, {0xb0, 0x2a, 0x00}},
    {605u, {0xd5, 0x2a, 0x00}},
    {606u, {0xf0, 0x2a, 0x00}},
    {607u, {0x02, 0x2b, 0x00}},
    {609u, {0x17, 0x2b, 0x00}},
    {610u, {0x23, 0x2b, 0x00}},
    {612u, {0x3e, 0x2b, 0x00}},
    {613u, {0x48, 0x2b, 0x00}},
    {614u, {0x58, 0x2b, 0x00}},
    {615u, {0x72, 0x2b, 0x00}},
    {616u, {0x81, 0x2b, 0x00}},
    {617u, {0x88, 0x2b, 0x00}},
    {618u, {0x9c, 0x2b, 0x00}},
    {619u, {0xa4, 0x2b, 0x00}},
    {620u, {0xc6, 0x2b, 0x00}},
    {621u, {0xe1, 0x2b, 0x00}},
    {622u, {0xef, 0x2b, 0x00}},
    {623u, {0xfe, 0x2b, 0x00}},
    {624u, {0x10, 0x2c, 0x00}},
    {625u, {0x23, 0x2c, 0x00}},
    {626u, {0x2f, 0x2c, 0x00}},
    {627u, {0x45, 0x2c, 0x00}},
    {628u, {0x4e, 0x2c, 0x00}},
    {629u, {0x5e, 0x2c, 0x00}},
    {630u, {0x65, 0x2c, 0x00}},
    {631u, {0x84, 0x2c, 0x00}},
    {632u, {0x90, 0x2c, 0x00}},
    {633u, {0xa5, 0x2c, 0x00}},
    {634u, {0xc7, 0x2c, 0x00}},
    {635u, {0xd4, 0x2c, 0x00}},
    {636u, {0xdc, 0x2c, 0x00}},
    {637u, {0xe9, 0x2c, 0x00}},
    {638u, {0x07, 0x2d, 0x00}},
    {639u, {0x17, 0x2d, 0x00}},
    {640u, {0x2b, 0x2d, 0x00}},
    {641u, {0x3c, 0x2d, 0x00}},
    {642u, {0x43, 0x2d, 0x00}},
    {643u, {0x4d, 0x2d, 0x00}},
    {644u, {0x62, 0x2d, 0x00}},
    {645u, {0x76, 0x2d, 0x00}},
    {646u, {0x8a, 0x2d, 0x00}},
    {647u, {0x98, 0x2d, 0x00}},
    {649u, {0xac, 0x2d, 0x00}},
    {650u, {0xb7, 0x2d, 0x00}},
    {651u, {0xc0, 0x2d, 0x00}},
    {652u, {0xcf, 0x2d, 0x00}},
    {654u, {0xdc, 0x2d, 0x00}},
    {655u, {0xec, 0x2d, 0x00}},
    {656u, {0x05, 0x2e, 0x00}},
    {657u, {0x11, 0x2e, 0x00}},
    {659u, {0x20, 0x2e, 0x00}},
    {660u, {0x2a, 0x2e, 0x00}},
    {661u, {0x35, 0x2e, 0x00}},
    {662u, {0x43, 0x2e, 0x00}},
    {663u, {0x49, 0x2e, 0x00}},
    {664u, {0x59, 0x2e, 0x00}},
    {665u, {0x63, 0x2e, 0x00}},
    {666u, {0x7f, 0x2e, 0x00}},
    {667u, {0x8d, 0x2e, 0x00}},
    {668u, {0xa2, 0x2e, 0x00}},
    {669u, {0xbb, 0x2e, 0x00}},
    {670u, {0xce, 0x2e, 0x00}},
    {671u, {0xe2, 0x2e, 0x00}},
    {672u, {0xf9, 0x2e, 0x00}},
    {674u, {0x10, 0x2f, 0x00}},
    {675u, {0x1b, 0x2f, 0x00}},
    {676u, {0x21, 0x2f, 0x00}},
    {677u, {0x36, 0x2f, 0x00}},
    {678u, {0x4b, 0x2f, 0x00}},
    {679u, {0x5d, 0x2f, 0x00}},
    {680u, {0x7a, 0x2f, 0x00}},
    {681u, {0x87, 0x2f, 0x00}},
    {682u, {0x91, 0x2f, 0x00}},
    {683u, {0x9d, 0x2f, 0x00}},
    {685u, {0xab, 0x2f, 0x00}},
    {686u, {0xbd, 0x2f, 0x00}},
    {687u, {0xcf, 0x2f, 0x00}},
    {688u, {0xe4, 0x2f, 0x00}},
    {689u, {0xfd, 0x2f, 0x00}},
    {690u, {0x07, 0x30, 0x00}},
    {691u, {0x16, 0x30, 0x00}},
    {692u, {0x24, 0x30, 0x00}},
    {693u, {0x32, 0x30, 0x00}},
    {694u, {0x54, 0x30, 0x00}},
    {695u, {0x67, 0x30, 0x00}},
    {696u, {0x7d, 0x30, 0x00}},
    {697u, {0x91, 0x30, 0x00}},
    {698u, {0xa4, 0x30, 0x00}},
    {699u, {0xbf, 0x30, 0x00}},
    {700u, {0xd0, 0x30, 0x00}},
    {701u, {0xdc, 0x30, 0x00}},
    {702u, {0xe8, 0x30, 0x00}},
    {704u, {0x05, 0x31, 0x00}},
    {705u, {0x13, 0x31, 0x00}},
    {706u, {0x24, 0x31, 0x00}},
    {707u, {0x3a, 0x31, 0x00}},
    {708u, {0x64, 0x31, 0x00}},
    {709u, {0x7a, 0x31, 0x00}},
    {710u, {0x96, 0x31, 0x00}},
    {711u, {0xa5, 0x31, 0x00}},
    {712u, {0xc2, 0x31, 0x00}},
    {713u, {0xca, 0x31, 0x00}},
    {714u, {0xd8, 0x31, 0x00}},
    {715u, {0xeb, 0x31, 0x00}},
    {717u, {0xfe, 0x31, 0x00}},
    {718u, {0x12, 0x32, 0x00}},
    {719u, {0x41, 0x32, 0x00}},
    {720u, {0x47, 0x32, 0x00}},
    {721u, {0x4a, 0x32, 0x00}},
    {722u, {0x57, 0x32, 0x00}},
    {723u, {0x63, 0x32, 0x00}},
    {724u, {0x79, 0x32, 0x00}},
    {725u, {0x85, 0x32, 0x00}},
    {726u, {0x97, 0x32, 0x00}},
    {727u, {0xa6, 0x32, 0x00}},
    {728u, {0xc1, 0x32, 0x00}},
    {729u, {0xc9, 0x32, 0x00}},
    {730u, {0xe2, 0x32, 0x00}},
    {731u, {0xeb, 0x32, 0x00}},
    {732u, {0x06, 0x33, 0x00}},
    {733u, {0x21, 0x33, 0x00}},
    {734u, {0x43, 0x33, 0x00}},
    {735u, {0x59, 0x33, 0x00}},
    {736u, {0x72, 0x33, 0x00}},
    {737u, {0x89, 0x33, 0x00}},
    {738u, {0x9b, 0x33, 0x00}},
    {739u, {0xa6, 0x33, 0x00}},
    {740u, {0xc2, 0x33, 0x00}},
    {741u, {0xd1, 0x33, 0x00}},
    {742u, {0xf8, 0x33, 0x00}},
    {743u, {0xff, 0x33, 0x00}},
    {744u, {0x14, 0x34, 0x00}},
    {745u, {0x30, 0x34, 0x00}},
    {746u, {0x4d, 0x34, 0x00}},
    {747u, {0x5d, 0x34, 0x00}},
    {749u, {0x6e, 0x34, 0x00}},
    {750u, {0x7e, 0x34, 0x00}},
    {751u, {0x99, 0x34, 0x00}},
    {752u, {0xae, 0x34, 0x00}},
    {753u, {0xc0, 0x34, 0x00}},
    {754u, {0xd3, 0x34, 0x00}},
    {755u, {0xdf, 0x34, 0x00}},
    {756u, {0xec, 0x34, 0x00}},
    {757u, {0xf8, 0x34, 0x00}},
    {758u, {0x09, 0x35, 0x00}},
    {760u, {0x1d, 0x35, 0x00}},
    {761u, {0x2b, 0x35, 0x00}},
    {763u, {0x48, 0x35, 0x00}},
    {764u, {0x64, 0x35, 0x00}},
    {766u, {0x90, 0x35, 0x00}},
    {767u, {0xbc, 0x35, 0x00}},
    {768u, {0xd1, 0x35, 0x00}},
    {769u, {0xe1, 0x35, 0x00}},
    {770u, {0xf8, 0x35, 0x00}},
    {771u, {0x0a, 0x36, 0x00}},
    {772u, {0x1c, 0x36, 0x00}},
    {773u, {0x2c, 0x36, 0x00}},
    {774u, {0x36, 0x36, 0x00}},
    {775u, {0x4b, 0x36, 0x00}},
    {776u, {0x64, 0x36, 0x00}},
    {777u, {0x72, 0x36, 0x00}},
    {778u, {0x7d, 0x36, 0x00}},
    {779u, {0x85, 0x36, 0x00}},
    {780u, {0xa3, 0x36, 0x00}},
    {781u, {0xac, 0x36, 0x00}},
    {783u, {0xbb, 0x36, 0x00}},
    {784u, {0xc9, 0x36, 0x00}},
    {785u, {0xdb, 0x36, 0x00}},
    {786u, {0xe5, 0x36, 0x00}},
    {787u, {0x01, 0x37, 0x00}},
    {788u, {0x0f, 0x37, 0x00}},
    {789u, {0x22, 0x37, 0x00}},
    {790u, {0x3b, 0x37, 0x00}},
    {791u, {0x56, 0x37, 0x00}},
    {792u, {0x71, 0x37, 0x00}},
    {793u, {0x87, 0x37, 0x00}},
    {794u, {0x9a, 0x37, 0x00}},
    {795u, {0xbf, 0x37, 0x00}},
    {796u, {0xc6, 0x37, 0x00}},
    {797u, {0xdb, 0x37, 0x00}},
    {798u, {0xe8, 0x37, 0x00}},
    {799u, {0xf4, 0x37, 0x00}},
    {800u, {0x06, 0x38, 0x00}},
    {803u, {0x21, 0x38, 0x00}},
    {804u, {0x37, 0x38, 0x00}},
    {806u, {0x43, 0x38, 0x00}},
    {807u, {0x6a, 0x38, 0x00}},
    {808u, {0x7c, 0x38, 0x00}},
    {809u, {0x89, 0x38, 0x00}},
    {810u, {0x95, 0x38, 0x00}},
    {811u, {0xab, 0x38, 0x00}},
    {812u, {0xb2, 0x38, 0x00}},
    {813u, {0xc5, 0x38, 0x00}},
    {814u, {0xd9, 0x38, 0x00}},
    {815u, {0xe3, 0x38, 0x00}},
    {816u, {0xed, 0x38, 0x00}},
    {817u, {0x04, 0x39, 0x00}},
    {819u, {0x1e, 0x39, 0x00}},
    {820u, {0x29, 0x39, 0x00}},
    {821u, {0x37, 0x39, 0x00}},
    {822u, {0x45, 0x39, 0x00}},
    {823u, {0x4c, 0x39, 0x00}},
    {824u, {0x5f, 0x39, 0x00}},
    {825u, {0xa2, 0x2e, 0x00}},
    {826u, {0x69, 0x39, 0x00}},
    {827u, {0x7a, 0x39, 0x00}},
    {829u, {0x92, 0x39, 0x00}},
    {830u, {0xa9, 0x39, 0x00}},
    {831u, {0xb4, 0x39, 0x00}},
    {833u, {0xd0, 0x39, 0x00}},
    {834u, {0xe9, 0x39, 0x00}},
    {835u, {0xfd, 0x39, 0x00}},
    {836u, {0x1b, 0x3a, 0x00}},
    {837u, {0x25, 0x3a, 0x00}},
    {838u, {0x37, 0x3a, 0x00}},
    {839u, {0x53, 0x3a, 0x00}},
    {841u, {0x66, 0x3a, 0x00}},
    {843u, {0x6e, 0x3a, 0x00}},
    {844u, {0x7c, 0x3a, 0x00}},
    {845u, {0x91, 0x3a, 0x00}},
    {847u, {0xab, 0x3a, 0x00}},
    {848u, {0xc5, 0x3a, 0x00}},
    {849u, {0xdc, 0x3a, 0x00}},
    {850u, {0xe7, 0x3a, 0x00}},
    {851u, {0x0a, 0x3b, 0x00}},
    {852u, {0x23, 0x3b, 0x00}},
    {853u, {0x30, 0x3b, 0x00}},
    {854u, {0x44, 0x3b, 0x00}},
    {855u, {0x5a, 0x3b, 0x00}},
    {856u, {0x6b, 0x3b, 0x00}},
    {857u, {0x7a, 0x3b, 0x00}},
    {858u, {0x8f, 0x3b, 0x00}},
    {859u, {0xa5, 0x3b, 0x00}},
    {860u, {0xb1, 0x3b, 0x00}},
    {861u, {0xc3, 0x3b, 0x00}},
    {862u, {0xc7, 0x3b, 0x00}},
    {863u, {0xd9, 0x3b, 0x00}},
    {864u, {0xe1, 0x3b, 0x00}},
    {865u, {0xf5, 0x3b, 0x00}},
    {866u, {0x03, 0x3c, 0x00}},
    {867u, {0x14, 0x3c, 0x00}},
    {868u, {0x1f, 0x3c, 0x00}},
    {869u, {0x36, 0x3c, 0x00}},
    {870u, {0x49, 0x3c, 0x00}},
    {872u, {0x73, 0x3c, 0x00}},
    {873u, {0x80, 0x3c, 0x00}},
    {874u, {0x8b, 0x3c, 0x00}},
    {875u, {0x9c, 0x3c, 0x00}},
    {876u, {0xb3, 0x3c, 0x00}},
    {877u, {0xba, 0x3c, 0x00}},
    {878u, {0xca, 0x3c, 0x00}},
    {879u, {0xe4, 0x3c, 0x00}},
    {880u, {0xf0, 0x3c, 0x00}},
    {882u, {0x01, 0x3d, 0x00}},
    {883u, {0x12, 0x3d, 0x00}},
    {884u, {0x20, 0x3d, 0x00}},
    {885u, {0x32, 0x3d, 0x00}},
    {886u, {0x3c, 0x3d, 0x00}},
    {887u, {0x63, 0x3d, 0x00}},
    {888u, {0x6c, 0x3d, 0x00}},
    {889u, {0x7d, 0x3d, 0x00}},
    {890u, {0xa9, 0x3d, 0x00}},
    {891u, {0xb1, 0x3d, 0x00}},
    {892u, {0xc3, 0x3d, 0x00}},
    {893u, {0xdb, 0x3d, 0x00}},
    {894u, {0xe9, 0x3d, 0x00}},
    {895u, {0xf8, 0x3d, 0x00}},
    {896u, {0x1c, 0x3e, 0x00}},
    {897u, {0x31, 0x3e, 0x00}},
    {898u, {0x43, 0x3e, 0x00}},
    {899u, {0x5a, 0x3e, 0x00}},
    {901u, {0x6e, 0x3e, 0x00}},
    {902u, {0xa1, 0x3e, 0x00}},
    {903u, {0xae, 0x3e, 0x00}},
    {904u, {0xc0, 0x3e, 0x00}},
    {905u, {0xd5, 0x3e, 0x00}},
    {906u, {0xeb, 0x3e, 0x00}},
    {907u, {0xff, 0x3e, 0x00}},
    {908u, {0x04, 0x3f, 0x00}},
    {909u, {0x10, 0x3f, 0x00}},
    {910u, {0x1b, 0x3f, 0x00}},
    {911u, {0x2b, 0x3f, 0x00}},
    {912u, {0x37, 0x3f, 0x00}},
    {913u, {0x47, 0x3f, 0x00}},
    {914u, {0x56, 0x3f, 0x00}},
    {915u, {0x5a, 0x3f, 0x00}},
    {917u, {0x69, 0x3f, 0x00}},
    {918u, {0x72, 0x3f, 0x00}},
    {919u, {0x7d, 0x3f, 0x00}},
    {920u, {0x8d, 0x3f, 0x00}},
    {921u, {0x9e, 0x3f, 0x00}},
    {922u, {0xb0, 0x3f, 0x00}},
    {923u, {0xb5, 0x3f, 0x00}},
    {924u, {0xdb, 0x3f, 0x00}},
    {925u, {0xed, 0x3f, 0x00}},
    {926u, {0x0b, 0x40, 0x00}},
    {927u, {0x1f, 0x40, 0x00}},
    {928u, {0x31, 0x40, 0x00}},
    {929u, {0x46, 0x40, 0x00}},
    {930u, {0x56, 0x40, 0x00}},
    {931u, {0x6a, 0x40, 0x00}},
    {932u, {0x88, 0x40, 0x00}},
    {933u, {0x97, 0x40, 0x00}},
    {934u, {0xbd, 0x40, 0x00}},
    {935u, {0xc9, 0x40, 0x00}},
    {936u, {0xd3, 0x40, 0x00}},
    {938u, {0xe0, 0x40, 0x00}},
    {939u, {0xf0, 0x40, 0x00}},
    {941u, {0x0b, 0x41, 0x00}},
    {942u, {0x0f, 0x41, 0x00}},
    {943u, {0x1d, 0x41, 0x00}},
    {944u, {0x3a, 0x41, 0x00}},
    {945u, {0x49, 0x41, 0x00}},
    {946u, {0x67, 0x41, 0x00}},
    {947u, {0x83, 0x41, 0x00}},
    {948u, {0xa2, 0x41, 0x00}},
    {949u, {0xb4, 0x41, 0x00}},
    {950u, {0xc1, 0x41, 0x00}},
    {951u, {0xc8, 0x41, 0x00}},
    {952u, {0xd4, 0x41, 0x00}},
    {953u, {0xe3, 0x41, 0x00}},
    {954u, {0xfa, 0x41, 0x00}},
    {955u, {0x24, 0x42, 0x00}},
    {956u, {0x2b, 0x42, 0x00}},
    {957u, {0x38, 0x42, 0x00}},
    {958u, {0x3f, 0x42, 0x00}},
    {959u, {0x55, 0x42, 0x00}},
    {960u, {0x6a, 0x42, 0x00}},
    {961u, {0x7c, 0x42, 0x00}},
    {962u, {0x95, 0x42, 0x00}},
    {963u, {0xa2, 0x42, 0x00}},
    {964u, {0xba, 0x42, 0x00}},
    {965u, {0xcf, 0x42, 0x00}},
    {966u, {0xe6, 0x42, 0x00}},
    {967u, {0xef, 0x42, 0x00}},
    {968u, {0x0f, 0x43, 0x00}},
    {969u, {0x23, 0x43, 0x00}},
    {970u, {0x33, 0x43, 0x00}},
    {971u, {0x52, 0x43, 0x00}},
    {972u, {0x5d, 0x43, 0x00}},
    {973u, {0x75, 0x43, 0x00}},
    {974u, {0x8d, 0x43, 0x00}},
    {975u, {0x9c, 0x43, 0x00}},
    {976u, {0xa7, 0x43, 0x00}},
    {977u, {0xb3, 0x43, 0x00}},
    {978u, {0xc0, 0x43, 0x00}},
    {979u, {0xde, 0x43, 0x00}},
    {980u, {0xf4, 0x43, 0x00}},
    {981u, {0x03, 0x44, 0x00}},
    {982u, {0x19, 0x44, 0x00}},
    {983u, {0x2a, 0x44, 0x00}},
    {984u, {0x33, 0x44, 0x00}},
    {985u, {0x43, 0x44, 0x00}},
    {986u, {0x54, 0x44, 0x00}},
    {987u, {0x61, 0x44, 0x00}},
    {988u, {0x70, 0x44, 0x00}},
    {989u, {0x7a, 0x44, 0x00}},
    {990u, {0x94, 0x44, 0x00}},
    {991u, {0xa7, 0x44, 0x00}},
    {992u, {0xbe, 0x44, 0x00}},
    {993u, {0xd9, 0x44, 0x00}},
    {994u, {0xf5, 0x44, 0x00}},
    {995u, {0x00, 0x45, 0x00}},
    {996u, {0x12, 0x45, 0x00}},
    {997u, {0x1e, 0x45, 0x00}},
    {998u, {0x25, 0x45, 0x00}},
    {999u, {0x38, 0x45, 0x00}},
    {1001u, {0x50, 0x45, 0x00}},
    {1002u, {0x77, 0x45, 0x00}},
    {1003u, {0x82, 0x45, 0x00}},
    {1004u, {0x90, 0x45, 0x00}},
    {1005u, {0x9f, 0x45, 0x00}},
    {1006u, {0xb4, 0x45, 0x00}},
    {1008u, {0xc6, 0x45, 0x00}},
    {1009u, {0xcc, 0x45, 0x00}},
    {1010u, {0xe6, 0x45, 0x00}},
    {1012u, {0xf7, 0x45, 0x00}},
    {1013u, {0x0c, 0x46, 0x00}},
    {1014u, {0x18, 0x46, 0x00}},
    {1015u, {0x2e, 0x46, 0x00}},
    {1016u, {0x3c, 0x46, 0x00}},
    {1017u, {0x4b, 0x46, 0x00}},
    {1018u, {0x67, 0x46, 0x00}},
    {1019u, {0x81, 0x46, 0x00}},
    {1020u, {0x8d, 0x46, 0x00}},
    {1021u, {0x9c, 0x46, 0x00}},
    {1022u, {0xa9, 0x46, 0x00}},
    {1023u, {0xb4, 0x46, 0x00}},
    {1024u, {0xbd, 0x46, 0x00}},
    {1025u, {0xd8, 0x46, 0x00}},
    {1026u, {0xe7, 0x46, 0x00}},
    {1027u, {0x02, 0x47, 0x00}},
    {1028u, {0x1a, 0x47, 0x00}},
    {1029u, {0x28, 0x47, 0x00}},
    {1031u, {0x43, 0x47, 0x00}},
    {1032u, {0x52, 0x47, 0x00}},
    {1034u, {0x61, 0x47, 0x00}},
    {1035u, {0x76, 0x47, 0x00}},
    {1037u, {0x85, 0x47, 0x00}},
    {1038u, {0xa4, 0x47, 0x00}},
    {1039u, {0xb7, 0x47, 0x00}},
    {1040u, {0xce, 0x47, 0x00}},
    {1041u, {0xe9, 0x47, 0x00}},
    {1042u, {0xf4, 0x47, 0x00}},
    {1043u, {0xfa, 0x47, 0x00}},
    {1046u, {0x0e, 0x48, 0x00}},
    {1047u, {0x18, 0x48, 0x00}},
    {1049u, {0x28, 0x48, 0x00}},
    {1050u, {0x35, 0x48, 0x00}},
    {1051u, {0x49, 0x48, 0x00}},
    {1052u, {0x61, 0x48, 0x00}},
    {1053u, {0x71, 0x48, 0x00}},
    {1054u, {0xa5, 0x48, 0x00}},
    {1055u, {0xbf, 0x48, 0x00}},
    {1056u, {0xd1, 0x48, 0x00}},
    {1057u, {0xe0, 0x48, 0x00}},
    {1058u, {0xf4, 0x48, 0x00}},
    {1059u, {0xfe, 0x48, 0x00}},
    {1060u, {0x0f, 0x49, 0x00}},
    {1061u, {0x20, 0x49, 0x00}},
    {1062u, {0x4b, 0x49, 0x00}},
    {1063u, {0x58, 0x49, 0x00}},
    {1064u, {0x7c, 0x49, 0x00}},
    {1065u, {0x8b, 0x49, 0x00}},
    {1066u, {0x97, 0x49, 0x00}},
    {1067u, {0xa2, 0x49, 0x00}},
    {1068u, {0xb9, 0x49, 0x00}},
    {1069u, {0xc4, 0x49, 0x00}},
    {1070u, {0xd0, 0x49, 0x00}},
    {1071u, {0xe0, 0x49, 0x00}},
    {1072u, {0xec, 0x49, 0x00}},
    {1073u, {0xfa, 0x49, 0x00}},
    {1074u, {0x07, 0x4a, 0x00}},
    {1075u, {0x17, 0x4a, 0x00}},
    {1076u, {0x23, 0x4a, 0x00}},
    {1077u, {0x34, 0x4a, 0x00}},
    {1078u, {0x4a, 0x4a, 0x00}},
    {1079u, {0x70, 0x4a, 0x00}},
    {1080u, {0x7f, 0x4a, 0x00}},
    {1081u, {0x8a, 0x4a, 0x00}},
    {1082u, {0xa0, 0x4a, 0x00}},
    {1083u, {0xb0, 0x4a, 0x00}},
    {1085u, {0xc2, 0x4a, 0x00}},
    {1086u, {0xd5, 0x4a, 0x00}},
    {1087u, {0xe8, 0x4a, 0x00}},
    {1088u, {0xfb, 0x4a, 0x00}},
    {1090u, {0x0b, 0x4b, 0x00}},
    {1091u, {0x1b, 0x4b, 0x00}},
    {1092u, {0x34, 0x4b, 0x00}},
    {1093u, {0x45, 0x4b, 0x00}},
    {1094u, {0x58, 0x4b, 0x00}},
    {1095u, {0x66, 0x4b, 0x00}},
    {1096u, {0x83, 0x4b, 0x00}},
    {1097u, {0x96, 0x4b, 0x00}},
    {1098u, {0xa6, 0x4b, 0x00}},
    {1099u, {0xb3, 0x4b, 0x00}},
    {1100u, {0xbd, 0x4b, 0x00}},
    {1101u, {0xd1, 0x4b, 0x00}},
    {1102u, {0xe4, 0x4b, 0x00}},
    {1103u, {0xf0, 0x4b, 0x00}},
    {1104u, {0x14, 0x4c, 0x00}},
    {1105u, {0x2b, 0x4c, 0x00}},
    {1106u, {0x3e, 0x4c, 0x00}},
    {1107u, {0x54, 0x4c, 0x00}},
    {1108u, {0x67, 0x4c, 0x00}},
    {1110u, {0x87, 0x4c, 0x00}},
    {1111u, {0x9c, 0x4c, 0x00}},
    {1112u, {0xaa, 0x4c, 0x00}},
    {1114u, {0xc2, 0x4c, 0x00}},
    {1116u, {0xd6, 0x4c, 0x00}},
    {1117u, {0xea, 0x4c, 0x00}},
    {1118u, {0x08, 0x4d, 0x00}},
    {1119u, {0x14, 0x4d, 0x00}},
    {1120u, {0x2f, 0x4d, 0x00}},
    {1121u, {0x38, 0x4d, 0x00}},
    {1122u, {0x4c, 0x4d, 0x00}},
    {1123u, {0x60, 0x4d, 0x00}},
    {1124u, {0x74, 0x4d, 0x00}},
    {1125u, {0x8e, 0x4d, 0x00}},
    {1127u, {0xac, 0x4d, 0x00}},
    {1128u, {0xb7, 0x4d, 0x00}},
    {1129u, {0xc3, 0x4d, 0x00}},
    {1130u, {0xcd, 0x4d, 0x00}},
    {1131u, {0xda, 0x4d, 0x00}},
    {1132u, {0xe8, 0x4d, 0x00}},
    {1133u, {0x0e, 0x4e, 0x00}},
    {1134u, {0x2b, 0x4e, 0x00}},
    {1135u, {0x37, 0x4e, 0x00}},
    {1136u, {0x4c, 0x4e, 0x00}},
    {1137u, {0x5b, 0x4e, 0x00}},
    {1138u, {0x65, 0x4e, 0x00}},
    {1139u, {0x77, 0x4e, 0x00}},
    {1140u, {0x87, 0x4e, 0x00}},
    {1141u, {0x9c, 0x4e, 0x00}},
    {1143u, {0xa6, 0x4e, 0x00}},
    {1144u, {0xbe, 0x4e, 0x00}},
    {1145u, {0xdd, 0x4e, 0x00}},
    {1146u, {0xf0, 0x4e, 0x00}},
    {1147u, {0x0d, 0x4f, 0x00}},
    {1149u, {0x2d, 0x4f, 0x00}},
    {1150u, {0x37, 0x4f, 0x00}},
    {1151u, {0x46, 0x4f, 0x00}},
    {1153u, {0x55, 0x4f, 0x00}},
    {1154u, {0x66, 0x4f, 0x00}},
    {1156u, {0x8f, 0x4f, 0x00}},
    {1157u, {0xa6, 0x4f, 0x00}},
    {1158u, {0xb1, 0x4f, 0x00}},
    {1159u, {0xfc, 0x4f, 0x00}},
    {1160u, {0x14, 0x50, 0x00}},
    {1161u, {0x32, 0x50, 0x00}},
    {1162u, {0x47, 0x50, 0x00}},
    {1164u, {0x51, 0x50, 0x00}},
    {1165u, {0x5e, 0x50, 0x00}},
    {1166u, {0x70, 0x50, 0x00}},
    {1167u, {0x88, 0x50, 0x00}},
    {1168u, {0x99, 0x50, 0x00}},
    {1169u, {0xa4, 0x50, 0x00}},
    {1170u, {0xc4, 0x50, 0x00}},
    {1171u, {0xd9, 0x50, 0x00}},
    {1172u, {0xe9, 0x50, 0x00}},
    {1174u, {0x0d, 0x51, 0x00}},
    {1175u, {0x22, 0x51, 0x00}},
    {1176u, {0x33, 0x51, 0x00}},
    {1177u, {0x49, 0x51, 0x00}},
    {1178u, {0x60, 0x51, 0x00}},
    {1179u, {0x6a, 0x51, 0x00}},
    {1180u, {0x76, 0x51, 0x00}},
    {1181u, {0x7e, 0x51, 0x00}},
    {1182u, {0x94, 0x51, 0x00}},
    {1183u, {0xa0, 0x51, 0x00}},
    {1186u, {0xae, 0x51, 0x00}},
    {1187u, {0xc1, 0x51, 0x00}},
    {1188u, {0xd3, 0x51, 0x00}},
    {1189u, {0xf2, 0x51, 0x00}},
    {1190u, {0x20, 0x52, 0x00}},
    {1191u, {0x32, 0x52, 0x00}},
    {1192u, {0x4b, 0x52, 0x00}},
    {1194u, {0x58, 0x52, 0x00}},
    {1195u, {0x63, 0x52, 0x00}},
    {1196u, {0x77, 0x52, 0x00}},
    {1197u, {0x85, 0x52, 0x00}},
    {1198u, {0x8f, 0x52, 0x00}},
    {1199u, {0xaa, 0x52, 0x00}},
    {1201u, {0xc7, 0x52, 0x00}},
    {1202u, {0xec, 0x52, 0x00}},
    {1203u, {0x03, 0x53, 0x00}},
    {1204u, {0x1e, 0x53, 0x00}},
    {1205u, {0x2f, 0x53, 0x00}},
    {1206u, {0x3d, 0x53, 0x00}},
    {1207u, {0x56, 0x53, 0x00}},
    {1208u, {0x6b, 0x53, 0x00}},
    {1209u, {0x76, 0x53, 0x00}},
    {1210u, {0x94, 0x53, 0x00}},
    {1211u, {0xaf, 0x53, 0x00}},
    {1212u, {0xbc, 0x53, 0x00}},
    {1213u, {0xd6, 0x53, 0x00}},
    {1214u, {0xe3, 0x53, 0x00}},
    {1215u, {0xef, 0x53, 0x00}},
    {1216u, {0x03, 0x54, 0x00}},
    {1217u, {0x1c, 0x54, 0x00}},
    {1218u, {0x2d, 0x54, 0x00}},
    {1219u, {0x41, 0x54, 0x00}},
    {1220u, {0x61, 0x54, 0x00}},
    {1221u, {0x72, 0x54, 0x00}},
    {1222u, {0x8e, 0x54, 0x00}},
    {1223u, {0x99, 0x54, 0x00}},
    {1224u, {0xac, 0x54, 0x00}},
    {1225u, {0xda, 0x54, 0x00}},
    {1226u, {0xed, 0x54, 0x00}},
    {1227u, {0x00, 0x55, 0x00}},
    {1229u, {0x11, 0x55, 0x00}},
    {1230u, {0x27, 0x55, 0x00}},
    {1231u, {0x36, 0x55, 0x00}},
    {1232u, {0x5b, 0x55, 0x00}},
    {1233u, {0x6f, 0x55, 0x00}},
    {1234u, {0x78, 0x55, 0x00}},
    {1235u, {0x90, 0x55, 0x00}},
    {1236u, {0x9e, 0x55, 0x00}},
    {1237u, {0xb8, 0x55, 0x00}},
    {1238u, {0xc6, 0x55, 0x00}},
    {1239u, {0xd1, 0x55, 0x00}},
    {1240u, {0xdf, 0x55, 0x00}},
    {1241u, {0xf4, 0x55, 0x00}},
    {1242u, {0x07, 0x56, 0x00}},
    {1243u, {0x1d, 0x56, 0x00}},
    {1244u, {0x34, 0x56, 0x00}},
    {1245u, {0x52, 0x56, 0x00}},
    {1246u, {0x62, 0x56, 0x00}},
    {1247u, {0x7f, 0x56, 0x00}},
    {1248u, {0x94, 0x56, 0x00}},
    {1249u, {0xa3, 0x56, 0x00}},
    {1251u, {0xb3, 0x56, 0x00}},
    {1252u, {0xc0, 0x56, 0x00}},
    {1253u, {0xcc, 0x56, 0x00}},
    {1254u, {0xd5, 0x56, 0x00}},
    {1256u, {0xf5, 0x56, 0x00}},
    {1257u, {0x0b, 0x57, 0x00}},
    {1258u, {0x25, 0x57, 0x00}},
    {1259u, {0x4a, 0x57, 0x00}},
    {1260u, {0x64, 0x57, 0x00}},
    {1262u, {0x77, 0x57, 0x00}},
    {1263u, {0x7f, 0x57, 0x00}},
    {1264u, {0x8f, 0x57, 0x00}},
    {1265u, {0x9c, 0x57, 0x00}},
    {1266u, {0xa6, 0x57, 0x00}},
    {1267u, {0xc8, 0x57, 0x00}},
    {1268u, {0xd9, 0x57, 0x00}},
    {1269u, {0xe9, 0x57, 0x00}},
    {1270u, {0xfd, 0x57, 0x00}},
    {1271u, {0x0c, 0x58, 0x00}},
    {1272u, {0x30, 0x58, 0x00}},
    {1273u, {0x4c, 0x58, 0x00}},
    {1274u, {0x57, 0x58, 0x00}},
    {1275u, {0x65, 0x58, 0x00}},
    {1276u, {0x84, 0x58, 0x00}},
    {1277u, {0x97, 0x58, 0x00}},
    {1278u, {0xa3, 0x58, 0x00}},
    {1279u, {0xb7, 0x58, 0x00}},
    {1280u, {0xcd, 0x58, 0x00}},
    {1281u, {0xd9, 0x58, 0x00}},
    {1282u, {0xe5, 0x58, 0x00}},
    {1283u, {0xf6, 0x58, 0x00}},
    {1284u, {0x04, 0x59, 0x00}},
    {1285u, {0x10, 0x59, 0x00}},
    {1286u, {0x1d, 0x59, 0x00}},
    {1288u, {0x23, 0x59, 0x00}},
    {1289u, {0x3b, 0x59, 0x00}},
    {1290u, {0x4e, 0x59, 0x00}},
    {1291u, {0x5c, 0x59, 0x00}},
    {1292u, {0x6a, 0x59, 0x00}},
    {1293u, {0x75, 0x59, 0x00}},
    {1294u, {0x84, 0x59, 0x00}},
    {1295u, {0xb0, 0x59, 0x00}},
    {1296u, {0xcb, 0x59, 0x00}},
    {1297u, {0xe1, 0x59, 0x00}},
    {1298u, {0xf8, 0x59, 0x00}},
    {1299u, {0x02, 0x5a, 0x00}},
    {1300u, {0x16, 0x5a, 0x00}},
    {1301u, {0x21, 0x5a, 0x00}},
    {1302u, {0x37, 0x5a, 0x00}},
    {1303u, {0x41, 0x5a, 0x00}},
    {1304u, {0x55, 0x5a, 0x00}},
    {1305u, {0x61, 0x5a, 0x00}},
    {1306u, {0x6f, 0x5a, 0x00}},
    {1308u, {0x7f, 0x5a, 0x00}},
    {1309u, {0x84, 0x5a, 0x00}},
    {1310u, {0x97, 0x5a, 0x00}},
    {1311u, {0xab, 0x5a, 0x00}},
    {1312u, {0xb9, 0x5a, 0x00}},
    {1313u, {0xcc, 0x5a, 0x00}},
    {1314u, {0xdc, 0x5a, 0x00}},
    {1315u, {0xea, 0x5a, 0x00}},
    {1316u, {0xf8, 0x5a, 0x00}},
    {1317u, {0x1c, 0x5b, 0x00}},
    {1318u, {0x48, 0x5b, 0x00}},
    {1319u, {0x65, 0x5b, 0x00}},
    {1320u, {0x73, 0x5b, 0x00}},
    {1321u, {0x88, 0x5b, 0x00}},
    {1322u, {0x92, 0x5b, 0x00}},
    {1323u, {0xa6, 0x5b, 0x00}},
    {1324u, {0xb2, 0x5b, 0x00}},
    {1325u, {0xbe, 0x5b, 0x00}},
    {1326u, {0xc9, 0x5b, 0x00}},
    {1327u, {0xd7, 0x5b, 0x00}},
    {1328u, {0xe7, 0x5b, 0x00}},
    {1329u, {0xf5, 0x5b, 0x00}},
    {1330u, {0x07, 0x5c, 0x00}},
    {1331u, {0x1d, 0x5c, 0x00}},
    {1332u, {0x35, 0x5c, 0x00}},
    {1333u, {0x4a, 0x5c, 0x00}},
    {1334u, {0x6f, 0x5c, 0x00}},
    {1335u, {0x87, 0x5c, 0x00}},
    {1336u, {0x9e, 0x5c, 0x00}},
    {1337u, {0xa8, 0x5c, 0x00}},
    {1338u, {0xc0, 0x5c, 0x00}},
    {1339u, {0xd0, 0x5c, 0x00}},
    {1340u, {0xd8, 0x5c, 0x00}},
    {1341u, {0xf5, 0x5c, 0x00}},
    {1342u, {0xfd, 0x5c, 0x00}},
    {1343u, {0x0b, 0x5d, 0x00}},
    {1344u, {0x18, 0x5d, 0x00}},
    {1345u, {0x28, 0x5d, 0x00}},
    {1346u, {0x35, 0x5d, 0x00}},
    {1347u, {0x48, 0x5d, 0x00}},
    {1348u, {0x5a, 0x5d, 0x00}},
    {1350u, {0x6c, 0x5d, 0x00}},
    {1351u, {0x85, 0x5d, 0x00}},
    {1352u, {0xb7, 0x5d, 0x00}},
    {1353u, {0xe5, 0x5d, 0x00}},
    {1354u, {0x0f, 0x5e, 0x00}},
    {1355u, {0x1c, 0x5e, 0x00}},
    {1356u, {0x3e, 0x5e, 0x00}},
    {1357u, {0x5b, 0x5e, 0x00}},
    {1358u, {0x63, 0x5e, 0x00}},
    {1359u, {0x7d, 0x5e, 0x00}},
    {1361u, {0x84, 0x5e, 0x00}},
    {1362u, {0x8b, 0x5e, 0x00}},
    {1363u, {0x99, 0x5e, 0x00}},
    {1364u, {0xac, 0x5e, 0x00}},
    {1365u, {0xc1, 0x5e, 0x00}},
    {1366u, {0xd9, 0x5e, 0x00}},
    {1367u, {0xe9, 0x5e, 0x00}},
    {1368u, {0x02, 0x5f, 0x00}},
    {1369u, {0x11, 0x5f, 0x00}},
    {1370u, {0x1e, 0x5f, 0x00}},
    {1371u, {0x30, 0x5f, 0x00}},
    {1372u, {0x48, 0x5f, 0x00}},
    {1373u, {0x4d, 0x5f, 0x00}},
    {1374u, {0x5f, 0x5f, 0x00}},
    {1375u, {0x77, 0x5f, 0x00}},
    {1376u, {0x9d, 0x5f, 0x00}},
    {1377u, {0xb1, 0x5f, 0x00}},
    {1378u, {0xbf, 0x5f, 0x00}},
    {1379u, {0xd1, 0x5f, 0x00}},
    {1380u, {0xde, 0x5f, 0x00}},
    {1382u, {0xeb, 0x5f, 0x00}},
    {1383u, {0x12, 0x60, 0x00}},
    {1384u, {0x34, 0x60, 0x00}},
    {1386u, {0x42, 0x60, 0x00}},
    {1387u, {0x54, 0x60, 0x00}},
    {1388u, {0x63, 0x60, 0x00}},
    {1389u, {0x7b, 0x60, 0x00}},
    {1390u, {0x98, 0x60, 0x00}},
    {1391u, {0xa4, 0x60, 0x00}},
    {1392u, {0xb2, 0x60, 0x00}},
    {1393u, {0xcf, 0x60, 0x00}},
    {1394u, {0xdd, 0x60, 0x00}},
    {1395u, {0xe9, 0x60, 0x00}},
    {1396u, {0x06, 0x61, 0x00}},
    {1397u, {0x21, 0x61, 0x00}},
    {1398u, {0x35, 0x61, 0x00}},
    {1399u, {0x46, 0x61, 0x00}},
    {1400u, {0x5b, 0x61, 0x00}},
    {1402u, {0x7d, 0x61, 0x00}},
    {1403u, {0x8a, 0x61, 0x00}},
    {1404u, {0xa8, 0x61, 0x00}},
    {1405u, {0xbe, 0x61, 0x00}},
    {1406u, {0xd3, 0x61, 0x00}},
    {1407u, {0xdd, 0x61, 0x00}},
    {1409u, {0xfc, 0x61, 0x00}},
    {1410u, {0x11, 0x62, 0x00}},
    {1411u, {0x2a, 0x62, 0x00}},
    {1412u, {0x43, 0x62, 0x00}},
    {1413u, {0x61, 0x62, 0x00}},
    {1414u, {0x78, 0x62, 0x00}},
    {1415u, {0x80, 0x62, 0x00}},
    {1416u, {0x8d, 0x62, 0x00}},
    {1417u, {0x9c, 0x62, 0x00}},
    {1418u, {0xae, 0x62, 0x00}},
    {1419u, {0xc3, 0x62, 0x00}},
    {1420u, {0xdd, 0x62, 0x00}},
    {1421u, {0xf9, 0x62, 0x00}},
    {1422u, {0x19, 0x63, 0x00}},
    {1423u, {0x3a, 0x63, 0x00}},
    {1424u, {0x58, 0x63, 0x00}},
    {1425u, {0x61, 0x63, 0x00}},
    {1426u, {0x75, 0x63, 0x00}},
    {1427u, {0x7e, 0x63, 0x00}},
    {1428u, {0x9a, 0x63, 0x00}},
    {1429u, {0xa9, 0x63, 0x00}},
    {1430u, {0xb9, 0x63, 0x00}},
    {1431u, {0xc9, 0x63, 0x00}},
    {1432u, {0xd8, 0x63, 0x00}},
    {1433u, {0xe5, 0x63, 0x00}},
    {1434u, {0xf4, 0x63, 0x00}},
    {1435u, {0x0a, 0x64, 0x00}},
    {1436u, {0x23, 0x64, 0x00}},
    {1437u, {0x39, 0x64, 0x00}},
    {1438u, {0x4e, 0x64, 0x00}},
    {1439u, {0x5c, 0x64, 0x00}},
    {1440u, {0x77, 0x64, 0x00}},
    {1441u, {0x95, 0x64, 0x00}},
    {1442u, {0xb9, 0x64, 0x00}},
    {1443u, {0xce, 0x64, 0x00}},
    {1444u, {0xed, 0x64, 0x00}},
    {1445u, {0x05, 0x65, 0x00}},
    {1446u, {0x0f, 0x65, 0x00}},
    {1447u, {0x26, 0x65, 0x00}},
    {1448u, {0x30, 0x65, 0x00}},
    {1449u, {0x4a, 0x65, 0x00}},
    {1450u, {0x52, 0x65, 0x00}},
    {1451u, {0x61, 0x65, 0x00}},
    {1452u, {0x6c, 0x65, 0x00}},
    {1453u, {0x87, 0x65, 0x00}},
    {1454u, {0x8c, 0x65, 0x00}},
    {1455u, {0xa0, 0x65, 0x00}},
    {1456u, {0xae, 0x65, 0x00}},
    {1457u, {0xba, 0x65, 0x00}},
    {1458u, {0xdc, 0x65, 0x00}},
    {1459u, {0xf4, 0x65, 0x00}},
    {1460u, {0x0a, 0x66, 0x00}},
    {1461u, {0x25, 0x66, 0x00}},
    {1462u, {0x31, 0x66, 0x00}},
    {1463u, {0x49, 0x66, 0x00}},
    {1464u, {0x6f, 0x66, 0x00}},
    {1465u, {0x83, 0x66, 0x00}},
    {1466u, {0xa6, 0x66, 0x00}},
    {1467u, {0xb0, 0x66, 0x00}},
    {1468u, {0xc3, 0x66, 0x00}},
    {1469u, {0xda, 0x66, 0x00}},
    {1471u, {0xec, 0x66, 0x00}},
    {1472u, {0x0b, 0x67, 0x00}},
    {1473u, {0x1e, 0x67, 0x00}},
    {1474u, {0x2e, 0x67, 0x00}},
    {1475u, {0x3f, 0x67, 0x00}},
    {1476u, {0x4d, 0x67, 0x00}},
    {1477u, {0x68, 0x67, 0x00}},
    {1479u, {0x7c, 0x67, 0x00}},
    {1480u, {0x94, 0x67, 0x00}},
    {1481u, {0x9e, 0x67, 0x00}},
    {1482u, {0xb3, 0x67, 0x00}},
    {1483u, {0xc2, 0x67, 0x00}},
    {1484u, {0xd1, 0x67, 0x00}},
    {1485u, {0xe3, 0x67, 0x00}},
    {1486u, {0xf1, 0x67, 0x00}},
    {1487u, {0xfb, 0x67, 0x00}},
    {1488u, {0x07, 0x68, 0x00}},
    {1489u, {0x21, 0x68, 0x00}},
    {1490u, {0x2b, 0x68, 0x00}},
    {1491u, {0x44, 0x68, 0x00}},
    {1492u, {0x55, 0x68, 0x00}},
    {1493u, {0x69, 0x68, 0x00}},
    {1494u, {0x75, 0x68, 0x00}},
    {1495u, {0x95, 0x68, 0x00}},
    {1496u, {0xa1, 0x68, 0x00}},
    {1497u, {0xb0, 0x68, 0x00}},
    {1498u, {0xcd, 0x68, 0x00}},
    {1499u, {0xea, 0x68, 0x00}},
    {1500u, {0x0c, 0x69, 0x00}},
    {1501u, {0x1b, 0x69, 0x00}},
    {1502u, {0x29, 0x69, 0x00}},
    {1503u, {0x39, 0x69, 0x00}},
    {1504u, {0x56, 0x69, 0x00}},
    {1505u, {0x67, 0x69, 0x00}},
    {1506u, {0x7b, 0x69, 0x00}},
    {1507u, {0x8d, 0x69, 0x00}},
    {1508u, {0xa6, 0x69, 0x00}},
    {1509u, {0xbb, 0x69, 0x00}},
    {1510u, {0xd0, 0x69, 0x00}},
    {1511u, {0xe8, 0x69, 0x00}},
    {1512u, {0xf4, 0x69, 0x00}},
    {1513u, {0xfb, 0x69, 0x00}},
    {1514u, {0x0b, 0x6a, 0x00}},
    {1515u, {0x23, 0x6a, 0x00}},
    {1516u, {0x3f, 0x6a, 0x00}},
    {1517u, {0x50, 0x6a, 0x00}},
    {1519u, {0x64, 0x6a, 0x00}},
    {1520u, {0x6d, 0x6a, 0x00}},
    {1521u, {0x73, 0x6a, 0x00}},
    {1522u, {0x88, 0x6a, 0x00}},
    {1523u, {0x9b, 0x6a, 0x00}},
    {1524u, {0xa3, 0x6a, 0x00}},
    {1525u, {0xb1, 0x6a, 0x00}},
    {1526u, {0xb8, 0x6a, 0x00}},
    {1527u, {0xc3, 0x6a, 0x00}},
    {1528u, {0xd0, 0x6a, 0x00}},
    {1529u, {0xda, 0x6a, 0x00}},
    {1530u, {0x00, 0x6b, 0x00}},
    {1531u, {0x1d, 0x6b, 0x00}},
    {1532u, {0x29, 0x6b, 0x00}},
    {1533u, {0x37, 0x6b, 0x00}},
    {1534u, {0x40, 0x6b, 0x00}},
    {1535u, {0x48, 0x6b, 0x00}},
    {1536u, {0x57, 0x6b, 0x00}},
    {1537u, {0x6a, 0x6b, 0x00}},
    {1538u, {0x7f, 0x6b, 0x00}},
    {1539u, {0x98, 0x6b, 0x00}},
    {1541u, {0xad, 0x6b, 0x00}},
    {1542u, {0xd7, 0x6b, 0x00}},
    {1543u, {0xe2, 0x6b, 0x00}},
    {1544u, {0xf9, 0x6b, 0x00}},
    {1545u, {0x07, 0x6c, 0x00}},
    {1546u, {0x1d, 0x6c, 0x00}},
    {1547u, {0x26, 0x6c, 0x00}},
    {1548u, {0x3d, 0x6c, 0x00}},
    {1549u, {0x4f, 0x6c, 0x00}},
    {1550u, {0x5f, 0x6c, 0x00}},
    {1551u, {0x6a, 0x6c, 0x00}},
    {1552u, {0x83, 0x6c, 0x00}},
    {1553u, {0x98, 0x6c, 0x00}},
    {1554u, {0xa4, 0x6c, 0x00}},
    {1555u, {0xb2, 0x6c, 0x00}},
    {1556u, {0xc5, 0x6c, 0x00}},
    {1557u, {0xe0, 0x6c, 0x00}},
    {1558u, {0xf9, 0x6c, 0x00}},
    {1560u, {0x17, 0x6d, 0x00}},
    {1561u, {0x32, 0x6d, 0x00}},
    {1562u, {0x48, 0x6d, 0x00}},
    {1563u, {0x61, 0x6d, 0x00}},
    {1564u, {0x78, 0x6d, 0x00}},
    {1565u, {0x8b, 0x6d, 0x00}},
    {1566u, {0x9f, 0x6d, 0x00}},
    {1567u, {0xb6, 0x6d, 0x00}},
    {1568u, {0xc2, 0x6d, 0x00}},
    {1569u, {0xcd, 0x6d, 0x00}},
    {1570u, {0xdd, 0x6d, 0x00}},
    {1572u, {0xec, 0x6d, 0x00}},
    {1573u, {0xf9, 0x6d, 0x00}},
    {1574u, {0x0c, 0x6e, 0x00}},
    {1575u, {0x16, 0x6e, 0x00}},
    {1576u, {0x1f, 0x6e, 0x00}},
    {1577u, {0x28, 0x6e, 0x00}},
    {1579u, {0x38, 0x6e, 0x00}},
    {1580u, {0x4c, 0x6e, 0x00}},
    {1581u, {0x58, 0x6e, 0x00}},
    {1582u, {0x79, 0x6e, 0x00}},
    {1583u, {0x81, 0x6e, 0x00}},
    {1584u, {0x93, 0x6e, 0x00}},
    {1585u, {0xa2, 0x6e, 0x00}},
    {1586u, {0xb6, 0x6e, 0x00}},
    {1587u, {0xcf, 0x6e, 0x00}},
    {1588u, {0xdd, 0x6e, 0x00}},
    {1589u, {0xea, 0x6e, 0x00}},
    {1590u, {0xf4, 0x6e, 0x00}},
    {1591u, {0x18, 0x6f, 0x00}},
    {1592u, {0x32, 0x6f, 0x00}},
    {1593u, {0x4b, 0x6f, 0x00}},
    {1594u, {0x71, 0x6f, 0x00}},
    {1595u, {0x82, 0x6f, 0x00}},
    {1596u, {0x93, 0x6f, 0x00}},
    {1597u, {0xb4, 0x6f, 0x00}},
    {1598u, {0xcf, 0x6f, 0x00}},
    {1599u, {0xe3, 0x6f, 0x00}},
    {1600u, {0xf2, 0x6f, 0x00}},
    {1601u, {0x03, 0x70, 0x00}},
    {1602u, {0x29, 0x70, 0x00}},
    {1603u, {0x45, 0x70, 0x00}},
    {1604u, {0x58, 0x70, 0x00}},
    {1605u, {0x6b, 0x70, 0x00}},
    {1606u, {0x6f, 0x70, 0x00}},
    {1607u, {0x8f, 0x70, 0x00}},
    {1608u, {0x96, 0x70, 0x00}},
    {1609u, {0xaa, 0x70, 0x00}},
    {1610u, {0xc4, 0x70, 0x00}},
    {1611u, {0xe2, 0x70, 0x00}},
    {1612u, {0xf1, 0x70, 0x00}},
    {1613u, {0x03, 0x71, 0x00}},
    {1614u, {0x0b, 0x71, 0x00}},
    {1615u, {0x32, 0x71, 0x00}},
    {1616u, {0x49, 0x71, 0x00}},
    {1617u, {0x57, 0x71, 0x00}},
    {1618u, {0x69, 0x71, 0x00}},
    {1619u, {0x96, 0x71, 0x00}},
    {1620u, {0xa1, 0x71, 0x00}},
    {1621u, {0xb9, 0x71, 0x00}},
    {1622u, {0xc6, 0x71, 0x00}},
    {1623u, {0xf1, 0x71, 0x00}},
    {1624u, {0x04, 0x72, 0x00}},
    {1625u, {0x13, 0x72, 0x00}},
    {1626u, {0x2a, 0x72, 0x00}},
    {1627u, {0x3c, 0x72, 0x00}},
    {1628u, {0x4f, 0x72, 0x00}},
    {1629u, {0x63, 0x72, 0x00}},
    {1630u, {0x71, 0x72, 0x00}},
    {1631u, {0x78, 0x72, 0x00}},
    {1632u, {0x8a, 0x72, 0x00}},
    {1633u, {0x9f, 0x72, 0x00}},
    {1634u, {0xb5, 0x72, 0x00}},
    {1635u, {0xcf, 0x72, 0x00}},
    {1636u, {0xf0, 0x72, 0x00}},
    {1637u, {0x05, 0x73, 0x00}},
    {1638u, {0x20, 0x73, 0x00}},
    {1640u, {0x40, 0x73, 0x00}},
    {1641u, {0x54, 0x73, 0x00}},
    {1642u, {0x67, 0x73, 0x00}},
    {1643u, {0x7c, 0x73, 0x00}},
    {1644u, {0x8c, 0x73, 0x00}},
    {1645u, {0x96, 0x73, 0x00}},
    {1646u, {0xac, 0x73, 0x00}},
    {1647u, {0xc4, 0x73, 0x00}},
    {1648u, {0xd7, 0x73, 0x00}},
    {1649u, {0xed, 0x73, 0x00}},
    {1650u, {0x00, 0x74, 0x00}},
    {1651u, {0x05, 0x74, 0x00}},
    {1652u, {0x1a, 0x74, 0x00}},
    {1654u, {0x22, 0x74, 0x00}},
    {1655u, {0x42, 0x74, 0x00}},
    {1656u, {0x59, 0x74, 0x00}},
    {1657u, {0x6d, 0x74, 0x00}},
    {1658u, {0x84, 0x74, 0x00}},
    {1659u, {0xa2, 0x74, 0x00}},
    {1660u, {0xaf, 0x74, 0x00}},
    {1661u, {0xba, 0x74, 0x00}},
    {1663u, {0xce, 0x74, 0x00}},
    {1664u, {0x15, 0x75, 0x00}},
    {1665u, {0x2a, 0x75, 0x00}},
    {1666u, {0x3b, 0x75, 0x00}},
    {1667u, {0x4b, 0x75, 0x00}},
    {1668u, {0x57, 0x75, 0x00}},
    {1669u, {0x67, 0x75, 0x00}},
    {1670u, {0x7c, 0x75, 0x00}},
    {1671u, {0x8b, 0x75, 0x00}},
    {1672u, {0x97, 0x75, 0x00}},
    {1673u, {0xb5, 0x75, 0x00}},
    {1674u, {0xbf, 0x75, 0x00}},
    {1675u, {0xd2, 0x75, 0x00}},
    {1678u, {0xf2, 0x75, 0x00}},
    {1679u, {0xfd, 0x75, 0x00}},
    {1680u, {0x0f, 0x76, 0x00}},
    {1681u, {0x25, 0x76, 0x00}},
    {1682u, {0x34, 0x76, 0x00}},
    {1683u, {0x45, 0x76, 0x00}},
    {1684u, {0x54, 0x76, 0x00}},
    {1685u, {0x69, 0x76, 0x00}},
    {1686u, {0x81, 0x76, 0x00}},
    {1687u, {0x99, 0x76, 0x00}},
    {1688u, {0xad, 0x76, 0x00}},
    {1689u, {0xc3, 0x76, 0x00}},
    {1690u, {0xd1, 0x76, 0x00}},
    {1691u, {0xdd, 0x76, 0x00}},
    {1692u, {0xf0, 0x76, 0x00}},
    {1694u, {0xf9, 0x76, 0x00}},
    {1695u, {0x11, 0x77, 0x00}},
    {1696u, {0x2c, 0x77, 0x00}},
    {1697u, {0x4a, 0x77, 0x00}},
    {1698u, {0x5d, 0x77, 0x00}},
    {1699u, {0x6d, 0x77, 0x00}},
    {1700u, {0x79, 0x77, 0x00}},
    {1701u, {0x88, 0x77, 0x00}},
    {1702u, {0x99, 0x77, 0x00}},
    {1703u, {0xad, 0x77, 0x00}},
    {1704u, {0xd3, 0x77, 0x00}},
    {1705u, {0x01, 0x78, 0x00}},
    {1706u, {0x1e, 0x78, 0x00}},
    {1707u, {0x29, 0x78, 0x00}},
    {1708u, {0x44, 0x78, 0x00}},
    {1709u, {0x62, 0x78, 0x00}},
    {1710u, {0x79, 0x78, 0x00}},
    {1711u, {0x85, 0x78, 0x00}},
    {1712u, {0x98, 0x78, 0x00}},
    {1713u, {0xa9, 0x78, 0x00}},
    {1714u, {0xba, 0x78, 0x00}},
    {1716u, {0xda, 0x78, 0x00}},
    {1717u, {0xe7, 0x78, 0x00}},
    {1718u, {0xf6, 0x78, 0x00}},
    {1719u, {0x12, 0x79, 0x00}},
    {1720u, {0x20, 0x79, 0x00}},
    {1721u, {0x30, 0x79, 0x00}},
    {1722u, {0x3c, 0x79, 0x00}},
    {1723u, {0x4b, 0x79, 0x00}},
    {1724u, {0x79, 0x79, 0x00}},
    {1725u, {0x81, 0x79, 0x00}},
    {1726u, {0x88, 0x79, 0x00}},
    {1728u, {0x93, 0x79, 0x00}},
    {1729u, {0x9f, 0x79, 0x00}},
    {1730u, {0xb7, 0x79, 0x00}},
    {1731u, {0xc8, 0x79, 0x00}},
    {1732u, {0xe3, 0x79, 0x00}},
    {1733u, {0xf3, 0x79, 0x00}},
    {1734u, {0x06, 0x7a, 0x00}},
    {1736u, {0x1a, 0x7a, 0x00}},
    {1737u, {0x37, 0x7a, 0x00}},
    {1738u, {0x43, 0x7a, 0x00}},
    {1739u, {0x80, 0x7a, 0x00}},
    {1740u, {0x8d, 0x7a, 0x00}},
    {1741u, {0xb6, 0x7a, 0x00}},
    {1742u, {0xc6, 0x7a, 0x00}},
    {1744u, {0xd3, 0x7a, 0x00}},
    {1745u, {0xe8, 0x7a, 0x00}},
    {1746u, {0x0f, 0x7b, 0x00}},
    {1749u, {0x1d, 0x7b, 0x00}},
    {1750u, {0x2a, 0x7b, 0x00}},
    {1751u, {0x41, 0x7b, 0x00}},
    {1752u, {0x62, 0x7b, 0x00}},
    {1753u, {0x6d, 0x7b, 0x00}},
    {1754u, {0x95, 0x7b, 0x00}},
    {1755u, {0xad, 0x7b, 0x00}},
    {1756u, {0xc2, 0x7b, 0x00}},
    {1757u, {0xe3, 0x7b, 0x00}},
    {1758u, {0xf6, 0x7b, 0x00}},
    {1759u, {0x04, 0x7c, 0x00}},
    {1760u, {0x17, 0x7c, 0x00}},
    {1761u, {0x22, 0x7c, 0x00}},
    {1762u, {0x40, 0x7c, 0x00}},
    {1763u, {0x58, 0x7c, 0x00}},
    {1764u, {0x65, 0x7c, 0x00}},
    {1765u, {0x6b, 0x7c, 0x00}},
    {1766u, {0x7a, 0x7c, 0x00}},
    {1767u, {0x8f, 0x7c, 0x00}},
    {1768u, {0x99, 0x7c, 0x00}},
    {1769u, {0xb3, 0x7c, 0x00}},
    {1770u, {0xce, 0x7c, 0x00}},
    {1771u, {0xe1, 0x7c, 0x00}},
    {1773u, {0xf3, 0x7c, 0x00}},
    {1775u, {0x00, 0x7d, 0x00}},
    {1776u, {0x11, 0x7d, 0x00}},
    {1777u, {0x29, 0x7d, 0x00}},
    {1778u, {0x3d, 0x7d, 0x00}},
    {1779u, {0x4d, 0x7d, 0x00}},
    {1780u, {0x67, 0x7d, 0x00}},
    {1781u, {0x7e, 0x7d, 0x00}},
    {1782u, {0x96, 0x7d, 0x00}},
    {1783u, {0xa5, 0x7d, 0x00}},
    {1784u, {0xc0, 0x7d, 0x00}},
    {1785u, {0xdc, 0x7d, 0x00}},
    {1786u, {0xec, 0x7d, 0x00}},
    {1787u, {0xf6, 0x7d, 0x00}},
    {1788u, {0x03, 0x7e, 0x00}},
    {1789u, {0x29, 0x7e, 0x00}},
    {1790u, {0x4c, 0x7e, 0x00}},
    {1791u, {0x56, 0x7e, 0x00}},
    {1792u, {0x6a, 0x7e, 0x00}},
    {1793u, {0x77, 0x7e, 0x00}},
    {1794u, {0x83, 0x7e, 0x00}},
    {1795u, {0xa3, 0x7e, 0x00}},
    {1796u, {0xce, 0x7e, 0x00}},
    {1797u, {0xdf, 0x7e, 0x00}},
    {1798u, {0xed, 0x7e, 0x00}},
    {1799u, {0x1d, 0x7f, 0x00}},
    {1800u, {0x42, 0x7f, 0x00}},
    {1801u, {0x5a, 0x7f, 0x00}},
    {1803u, {0x69, 0x7f, 0x00}},
    {1804u, {0x80, 0x7f, 0x00}},
    {1805u, {0xa8, 0x7f, 0x00}},
    {1806u, {0xbb, 0x7f, 0x00}},
    {1807u, {0xc7, 0x7f, 0x00}},
    {1808u, {0xde, 0x7f, 0x00}},
    {1809u, {0xe9, 0x7f, 0x00}},
    {1810u, {0xf1, 0x7f, 0x00}},
    {1811u, {0x0c, 0x80, 0x00}},
    {1812u, {0x1c, 0x80, 0x00}},
    {1813u, {0x31, 0x80, 0x00}},
    {1814u, {0x40, 0x80, 0x00}},
    {1816u, {0x49, 0x80, 0x00}},
    {1817u, {0x5e, 0x80, 0x00}},
    {1818u, {0x6e, 0x80, 0x00}},
    {1819u, {0x8a, 0x80, 0x00}},
    {1820u, {0x91, 0x80, 0x00}},
    {1821u, {0xa0, 0x80, 0x00}},
    {1822u, {0xaf, 0x80, 0x00}},
    {1823u, {0xd2, 0x80, 0x00}},
    {1824u, {0xf6, 0x80, 0x00}},
    {1825u, {0x04, 0x81, 0x00}},
    {1826u, {0x19, 0x81, 0x00}},
    {1827u, {0x3b, 0x81, 0x00}},
    {1828u, {0x4e, 0x81, 0x00}},
    {1829u, {0x82, 0x81, 0x00}},
    {1830u, {0x93, 0x81, 0x00}},
    {1832u, {0xa3, 0x81, 0x00}},
    {1833u, {0xb9, 0x81, 0x00}},
    {1834u, {0xd0, 0x81, 0x00}},
    {1835u, {0xea, 0x81, 0x00}},
    {1836u, {0xf6, 0x81, 0x00}},
    {1837u, {0x07, 0x82, 0x00}},
    {1838u, {0x11, 0x82, 0x00}},
    {1839u, {0x2b, 0x82, 0x00}},
    {1840u, {0x54, 0x82, 0x00}},
    {1841u, {0x6d, 0x82, 0x00}},
    {1842u, {0x78, 0x82, 0x00}},
    {1843u, {0x88, 0x82, 0x00}},
    {1844u, {0x9b, 0x82, 0x00}},
    {1845u, {0xb2, 0x82, 0x00}},
    {1846u, {0xcb, 0x82, 0x00}},
    {1847u, {0xda, 0x82, 0x00}},
    {1848u, {0xe6, 0x82, 0x00}},
    {1849u, {0xfd, 0x82, 0x00}},
    {1850u, {0x17, 0x83, 0x00}},
    {1851u, {0x2d, 0x83, 0x00}},
    {1853u, {0x42, 0x83, 0x00}},
    {1854u, {0x67, 0x83, 0x00}},
    {1855u, {0x77, 0x83, 0x00}},
    {1857u, {0x9d, 0x83, 0x00}},
    {1858u, {0xa5, 0x83, 0x00}},
    {1859u, {0xad, 0x83, 0x00}},
    {1860u, {0xb4, 0x83, 0x00}},
    {1861u, {0xbc, 0x83, 0x00}},
    {1862u, {0xca, 0x83, 0x00}},
    {1863u, {0xe1, 0x83, 0x00}},
    {1864u, {0xf9, 0x83, 0x00}},
    {1865u, {0x24, 0x84, 0x00}},
    {1866u, {0x4c, 0x84, 0x00}},
    {1867u, {0x61, 0x84, 0x00}},
    {1869u, {0x81, 0x84, 0x00}},
    {1870u, {0x95, 0x84, 0x00}},
    {1871u, {0xa8, 0x84, 0x00}},
    {1872u, {0xb9, 0x84, 0x00}},
    {1873u, {0xef, 0x84, 0x00}},
    {1874u, {0x0f, 0x85, 0x00}},
    {1875u, {0x1b, 0x85, 0x00}},
    {1876u, {0x30, 0x85, 0x00}},
    {1877u, {0x3f, 0x85, 0x00}},
    {1878u, {0x57, 0x85, 0x00}},
    {1879u, {0x6c, 0x85, 0x00}},
    {1880u, {0x7b, 0x85, 0x00}},
    {1881u, {0x88, 0x85, 0x00}},
    {1882u, {0xb1, 0x85, 0x00}},
    {1883u, {0xc1, 0x85, 0x00}},
    {1884u, {0xd9, 0x85, 0x00}},
    {1885u, {0xea, 0x85, 0x00}},
    {1886u, {0x00, 0x86, 0x00}},
    {1887u, {0x0d, 0x86, 0x00}},
    {1888u, {0x27, 0x86, 0x00}},
    {1889u, {0x31, 0x86, 0x00}},
    {1890u, {0x41, 0x86, 0x00}},
    {1891u, {0x4d, 0x86, 0x00}},
    {1892u, {0x5a, 0x86, 0x00}},
    {1893u, {0x86, 0x86, 0x00}},
    {1894u, {0x99, 0x86, 0x00}},
    {1895u, {0xaf, 0x86, 0x00}},
    {1896u, {0xdb, 0x86, 0x00}},
    {1897u, {0xf4, 0x86, 0x00}},
    {1898u, {0x0e, 0x87, 0x00}},
    {1899u, {0x2c, 0x87, 0x00}},
    {1900u, {0x4c, 0x87, 0x00}},
    {1901u, {0x62, 0x87, 0x00}},
    {1902u, {0x71, 0x87, 0x00}},
    {1903u, {0x89, 0x87, 0x00}},
    {1904u, {0xa7, 0x87, 0x00}},
    {1905u, {0xbb, 0x87, 0x00}},
    {1906u, {0xd3, 0x87, 0x00}},
    {1908u, {0xe2, 0x87, 0x00}},
    {1909u, {0xf5, 0x87, 0x00}},
    {1910u, {0x05, 0x88, 0x00}},
    {1911u, {0x22, 0x88, 0x00}},
    {1912u, {0x26, 0x88, 0x00}},
    {1913u, {0x33, 0x88, 0x00}},
    {1914u, {0x40, 0x88, 0x00}},
    {1916u, {0x5f, 0x88, 0x00}},
    {1917u, {0x70, 0x88, 0x00}},
    {1918u, {0x82, 0x88, 0x00}},
    {1919u, {0x90, 0x88, 0x00}},
    {1920u, {0xae, 0x88, 0x00}},
    {1921u, {0xc6, 0x88, 0x00}},
    {1922u, {0xee, 0x88, 0x00}},
    {1923u, {0xfd, 0x88, 0x00}},
    {1924u, {0x1f, 0x89, 0x00}},
    {1925u, {0x35, 0x89, 0x00}},
    {1928u, {0x44, 0x89, 0x00}},
    {1929u, {0x53, 0x89, 0x00}},
    {1930u, {0x6a, 0x89, 0x00}},
    {1931u, {0x84, 0x89, 0x00}},
    {1932u, {0x96, 0x89, 0x00}},
    {1933u, {0xab, 0x89, 0x00}},
    {1934u, {0xb6, 0x89, 0x00}},
    {1935u, {0xcc, 0x89, 0x00}},
    {1936u, {0xe4, 0x89, 0x00}},
    {1937u, {0xef, 0x89, 0x00}},
    {1938u, {0x08, 0x8a, 0x00}},
    {1939u, {0x15, 0x8a, 0x00}},
    {1940u, {0x26, 0x8a, 0x00}},
    {1941u, {0x3c, 0x8a, 0x00}},
    {1942u, {0x4f, 0x8a, 0x00}},
    {1943u, {0x5c, 0x8a, 0x00}},
    {1944u, {0x6c, 0x8a, 0x00}},
    {1945u, {0x7a, 0x8a, 0x00}},
    {1946u, {0x8a, 0x8a, 0x00}},
    {1947u, {0xbf, 0x8a, 0x00}},
    {1948u, {0xe5, 0x8a, 0x00}},
    {1949u, {0xf4, 0x8a, 0x00}},
    {1950u, {0x05, 0x8b, 0x00}},
    {1951u, {0x14, 0x8b, 0x00}},
    {1952u, {0x28, 0x8b, 0x00}},
    {1954u, {0x45, 0x8b, 0x00}},
    {1956u, {0x50, 0x8b, 0x00}},
    {1957u, {0x7d, 0x8b, 0x00}},
    {1958u, {0x90, 0x8b, 0x00}},
    {1959u, {0xa4, 0x8b, 0x00}},
    {1960u, {0xaf, 0x8b, 0x00}},
    {1961u, {0xbb, 0x8b, 0x00}},
    {1962u, {0xdb, 0x8b, 0x00}},
    {1963u, {0xea, 0x8b, 0x00}},
    {1964u, {0x08, 0x8c, 0x00}},
    {1965u, {0x15, 0x8c, 0x00}},
    {1966u, {0x32, 0x8c, 0x00}},
    {1967u, {0x54, 0x8c, 0x00}},
    {1968u, {0x73, 0x8c, 0x00}},
    {1969u, {0x84, 0x8c, 0x00}},
    {1970u, {0x99, 0x8c, 0x00}},
    {1971u, {0xa8, 0x8c, 0x00}},
    {1972u, {0xbf, 0x8c, 0x00}},
    {1973u, {0xda, 0x8c, 0x00}},
    {1974u, {0xeb, 0x8c, 0x00}},
    {1975u, {0x00, 0x8d, 0x00}},
    {1976u, {0x1f, 0x8d, 0x00}},
    {1978u, {0x25, 0x8d, 0x00}},
    {1979u, {0x36, 0x8d, 0x00}},
    {1981u, {0x42, 0x8d, 0x00}},
    {1982u, {0x5c, 0x8d, 0x00}},
    {1983u, {0x74, 0x8d, 0x00}},
    {1984u, {0x80, 0x8d, 0x00}},
    {1986u, {0x89, 0x8d, 0x00}},
    {1987u, {0x93, 0x8d, 0x00}},
    {1988u, {0xa7, 0x8d, 0x00}},
    {1989u, {0xbe, 0x8d, 0x00}},
    {1990u, {0xce, 0x8d, 0x00}},
    {1991u, {0xde, 0x8d, 0x00}},
    {1992u, {0xf1, 0x8d, 0x00}},
    {1993u, {0x04, 0x8e, 0x00}},
    {1995u, {0x15, 0x8e, 0x00}},
    {1996u, {0x38, 0x8e, 0x00}},
    {1997u, {0x4e, 0x8e, 0x00}},
    {1998u, {0x71, 0x8e, 0x00}},
    {1999u, {0xa3, 0x8e, 0x00}},
    {2000u, {0xb4, 0x8e, 0x00}},
    {2001u, {0xe3, 0x8e, 0x00}},
    {2002u, {0x0e, 0x8f, 0x00}},
    {2003u, {0x2a, 0x8f, 0x00}},
    {2004u, {0x3a, 0x8f, 0x00}},
    {2005u, {0x51, 0x8f, 0x00}},
    {2006u, {0x64, 0x8f, 0x00}},
    {2007u, {0x70, 0x8f, 0x00}},
    {2008u, {0x9a, 0x8f, 0x00}},
    {2009u, {0xaf, 0x8f, 0x00}},
    {2010u, {0xc2, 0x8f, 0x00}},
    {2011u, {0xd5, 0x8f, 0x00}},
    {2012u, {0xe2, 0x8f, 0x00}},
    {2013u, {0xf7, 0x8f, 0x00}},
    {2014u, {0x07, 0x90, 0x00}},
    {2015u, {0x20, 0x90, 0x00}},
    {2016u, {0x35, 0x90, 0x00}},
    {2018u, {0x53, 0x90, 0x00}},
    {2019u, {0x17, 0x0b, 0x00}},
    {2020u, {0x6f, 0x90, 0x00}},
    {2021u, {0x7c, 0x90, 0x00}},
    {2022u, {0x88, 0x90, 0x00}},
    {2023u, {0x9a, 0x90, 0x00}},
    {2024u, {0xab, 0x90, 0x00}},
    {2025u, {0xbd, 0x90, 0x00}},
    {2026u, {0xd2, 0x90, 0x00}},
    {2027u, {0xe1, 0x90, 0x00}},
    {2028u, {0xf1, 0x90, 0x00}},
    {2029u, {0xfc, 0x90, 0x00}},
    {2030u, {0x0b, 0x91, 0x00}},
    {2031u, {0x17, 0x91, 0x00}},
    {2032u, {0x35, 0x91, 0x00}},
    {2033u, {0x49, 0x91, 0x00}},
    {2034u, {0x62, 0x91, 0x00}},
    {2035u, {0x74, 0x91, 0x00}},
    {2036u, {0x91, 0x91, 0x00}},
    {2037u, {0xd2, 0x91, 0x00}},
    {2038u, {0xf2, 0x91, 0x00}},
    {2039u, {0x2b, 0x92, 0x00}},
    {2040u, {0x3e, 0x92, 0x00}},
    {2042u, {0x4c, 0x92, 0x00}},
    {2043u, {0x60, 0x92, 0x00}},
    {2044u, {0x70, 0x92, 0x00}},
    {2045u, {0x7b, 0x92, 0x00}},
    {2046u, {0x89, 0x92, 0x00}},
    {2047u, {0x90, 0x92, 0x00}},
    {2048u, {0xa1, 0x92, 0x00}},
    {2049u, {0xa7, 0x92, 0x00}},
    {2050u, {0xbe, 0x92, 0x00}},
    {2051u, {0xce, 0x92, 0x00}},
    {2052u, {0xdd, 0x92, 0x00}},
    {2053u, {0xf2, 0x92, 0x00}},
    {2054u, {0x02, 0x93, 0x00}},
    {2055u, {0x11, 0x93, 0x00}},
    {2056u, {0x38, 0x93, 0x00}},
    {2057u, {0x59, 0x93, 0x00}},
    {2058u, {0x66, 0x93, 0x00}},
    {2059u, {0x6f, 0x93, 0x00}},
    {2060u, {0x87, 0x93, 0x00}},
    {2061u, {0x91, 0x93, 0x00}},
    {2062u, {0x9b, 0x93, 0x00}},
    {2063u, {0xa7, 0x93, 0x00}},
    {2064u, {0xbe, 0x93, 0x00}},
    {2065u, {0xcf, 0x93, 0x00}},
    {2066u, {0xe4, 0x93, 0x00}},
    {2067u, {0x00, 0x94, 0x00}},
    {2068u, {0x23, 0x94, 0x00}},
    {2069u, {0x2d, 0x94, 0x00}},
    {2070u, {0x35, 0x94, 0x00}},
    {2071u, {0x47, 0x94, 0x00}},
    {2072u, {0x62, 0x94, 0x00}},
    {2073u, {0x6c, 0x94, 0x00}},
    {2074u, {0x7f, 0x94, 0x00}},
    {2075u, {0x8e, 0x94, 0x00}},
    {2076u, {0x93, 0x94, 0x00}},
    {2077u, {0xb4, 0x94, 0x00}},
    {2078u, {0xda, 0x94, 0x00}},
    {2079u, {0xf1, 0x94, 0x00}},
    {2080u, {0xff, 0x94, 0x00}},
    {2081u, {0x1f, 0x95, 0x00}},
    {2082u, {0x37, 0x95, 0x00}},
    {2084u, {0x4b, 0x95, 0x00}},
    {2085u, {0x5a, 0x95, 0x00}},
    {2086u, {0x68, 0x95, 0x00}},
    {2087u, {0x7e, 0x95, 0x00}},
    {2088u, {0x88, 0x95, 0x00}},
    {2089u, {0xbb, 0x95, 0x00}},
    {2090u, {0xdc, 0x95, 0x00}},
    {2091u, {0xf1, 0x95, 0x00}},
    {2092u, {0x16, 0x96, 0x00}},
    {2093u, {0x32, 0x96, 0x00}},
    {2094u, {0x49, 0x96, 0x00}},
    {2095u, {0x54, 0x96, 0x00}},
    {2097u, {0x5f, 0x96, 0x00}},
    {2098u, {0x6b, 0x96, 0x00}},
    {2099u, {0x7c, 0x96, 0x00}},
    {2100u, {0x8c, 0x96, 0x00}},
    {2101u, {0xa3, 0x96, 0x00}},
    {2102u, {0xbd, 0x96, 0x00}},
    {2103u, {0xc9, 0x96, 0x00}},
    {2104u, {0xed, 0x96, 0x00}},
    {2105u, {0x05, 0x97, 0x00}},
    {2106u, {0x13, 0x97, 0x00}},
    {2107u, {0x3e, 0x97, 0x00}},
    {2108u, {0x53, 0x97, 0x00}},
    {2109u, {0x60, 0x97, 0x00}},
    {2110u, {0x6f, 0x97, 0x00}},
    {2111u, {0x7c, 0x97, 0x00}},
    {2112u, {0x89, 0x97, 0x00}},
    {2113u, {0xa0, 0x97, 0x00}},
    {2114u, {0xc7, 0x97, 0x00}},
    {2115u, {0xf8, 0x97, 0x00}},
    {2116u, {0x1c, 0x98, 0x00}},
    {2117u, {0x31, 0x98, 0x00}},
    {2118u, {0x45, 0x98, 0x00}},
    {2119u, {0x51, 0x98, 0x00}},
    {2120u, {0x62, 0x98, 0x00}},
    {2121u, {0x7b, 0x98, 0x00}},
    {2122u, {0x94, 0x98, 0x00}},
    {2123u, {0x9a, 0x98, 0x00}},
    {2124u, {0xaa, 0x98, 0x00}},
    {2125u, {0xb4, 0x98, 0x00}},
    {2126u, {0xbd, 0x98, 0x00}},
    {2127u, {0xd0, 0x98, 0x00}},
    {2128u, {0xe6, 0x98, 0x00}},
    {2129u, {0x12, 0x99, 0x00}},
    {2130u, {0x1f, 0x99, 0x00}},
    {2131u, {0x2e, 0x99, 0x00}},
    {2132u, {0x44, 0x99, 0x00}},
    {2133u, {0x55, 0x99, 0x00}},
    {2134u, {0xa3, 0x96, 0x00}},
    {2135u, {0x69, 0x99, 0x00}},
    {2136u, {0x74, 0x99, 0x00}},
    {2137u, {0x7e, 0x99, 0x00}},
    {2138u, {0x85, 0x99, 0x00}},
    {2139u, {0x8e, 0x99, 0x00}},
    {2140u, {0xab, 0x99, 0x00}},
    {2141u, {0xb9, 0x99, 0x00}},
    {2142u, {0xe8, 0x99, 0x00}},
    {2144u, {0xf9, 0x99, 0x00}},
    {2145u, {0x0e, 0x9a, 0x00}},
    {2146u, {0x23, 0x9a, 0x00}},
    {2147u, {0x2e, 0x9a, 0x00}},
    {2148u, {0x4e, 0x9a, 0x00}},
    {2149u, {0x5a, 0x9a, 0x00}},
    {2150u, {0x7e, 0x9a, 0x00}},
    {2151u, {0x8c, 0x9a, 0x00}},
    {2152u, {0xae, 0x9a, 0x00}},
    {2153u, {0xc5, 0x9a, 0x00}},
    {2154u, {0xe6, 0x9a, 0x00}},
    {2155u, {0xf8, 0x9a, 0x00}},
    {2156u, {0x0b, 0x9b, 0x00}},
    {2157u, {0x24, 0x9b, 0x00}},
    {2158u, {0x36, 0x9b, 0x00}},
    {2159u, {0x59, 0x9b, 0x00}},
    {2160u, {0x67, 0x9b, 0x00}},
    {2161u, {0x76, 0x9b, 0x00}},
    {2162u, {0x90, 0x9b, 0x00}},
    {2163u, {0xb1, 0x9b, 0x00}},
    {2164u, {0xc8, 0x9b, 0x00}},
    {2165u, {0xda, 0x9b, 0x00}},
    {2166u, {0xf3, 0x9b, 0x00}},
    {2167u, {0x01, 0x9c, 0x00}},
    {2168u, {0x09, 0x9c, 0x00}},
    {2169u, {0x25, 0x9c, 0x00}},
    {2170u, {0x38, 0x9c, 0x00}},
    {2171u, {0x41, 0x9c, 0x00}},
    {2172u, {0x49, 0x9c, 0x00}},
    {2173u, {0x57, 0x9c, 0x00}},
    {2174u, {0x62, 0x9c, 0x00}},
    {2175u, {0x73, 0x9c, 0x00}},
    {2176u, {0x95, 0x9c, 0x00}},
    {2177u, {0xa2, 0x9c, 0x00}},
    {2178u, {0xab, 0x9c, 0x00}},
    {2179u, {0xb9, 0x9c, 0x00}},
    {2180u, {0xca, 0x9c, 0x00}},
    {2182u, {0x12, 0x9d, 0x00}},
    {2183u, {0x2c, 0x9d, 0x00}},
    {2184u, {0x4b, 0x9d, 0x00}},
    {2185u, {0x64, 0x9d, 0x00}},
    {2186u, {0x6c, 0x9d, 0x00}},
    {2187u, {0x79, 0x9d, 0x00}},
    {2188u, {0x9b, 0x9d, 0x00}},
    {2189u, {0xaf, 0x9d, 0x00}},
    {2191u, {0xc4, 0x9d, 0x00}},
    {2192u, {0xdf, 0x9d, 0x00}},
    {2193u, {0xf7, 0x9d, 0x00}},
    {2194u, {0x13, 0x9e, 0x00}},
    {2195u, {0x44, 0x9e, 0x00}},
    {2196u, {0x53, 0x9e, 0x00}},
    {2197u, {0x5a, 0x9e, 0x00}},
    {2198u, {0x68, 0x9e, 0x00}},
    {2199u, {0x7b, 0x9e, 0x00}},
    {2201u, {0x9a, 0x9e, 0x00}},
    {2202u, {0xab, 0x9e, 0x00}},
    {2203u, {0xcf, 0x9e, 0x00}},
    {2204u, {0xe3, 0x9e, 0x00}},
    {2205u, {0x00, 0x9f, 0x00}},
    {2206u, {0x1a, 0x9f, 0x00}},
    {2207u, {0x27, 0x9f, 0x00}},
    {2208u, {0x3e, 0x9f, 0x00}},
    {2209u, {0x56, 0x9f, 0x00}},
    {2210u, {0x6c, 0x9f, 0x00}},
    {2211u, {0x83, 0x9f, 0x00}},
    {2212u, {0x8f, 0x9f, 0x00}},
    {2214u, {0xc6, 0x9f, 0x00}},
    {2215u, {0xdd, 0x9f, 0x00}},
    {2216u, {0xef, 0x9f, 0x00}},
    {2217u, {0x03, 0xa0, 0x00}},
    {2218u, {0x12, 0xa0, 0x00}},
    {2219u, {0x2c, 0xa0, 0x00}},
    {2220u, {0x43, 0xa0, 0x00}},
    {2221u, {0x55, 0xa0, 0x00}},
    {2222u, {0x68, 0xa0, 0x00}},
    {2223u, {0x78, 0xa0, 0x00}},
    {2224u, {0x8b, 0xa0, 0x00}},
    {2225u, {0xad, 0xa0, 0x00}},
    {2226u, {0xbc, 0xa0, 0x00}},
    {2227u, {0xd8, 0xa0, 0x00}},
    {2228u, {0xf5, 0xa0, 0x00}},
    {2230u, {0x07, 0xa1, 0x00}},
    {2231u, {0x2b, 0xa1, 0x00}},
    {2232u, {0x33, 0xa1, 0x00}},
    {2233u, {0x52, 0xa1, 0x00}},
    {2234u, {0x5e, 0xa1, 0x00}},
    {2235u, {0x6e, 0xa1, 0x00}},
    {2236u, {0x82, 0xa1, 0x00}},
    {2237u, {0x92, 0xa1, 0x00}},
    {2238u, {0xa5, 0xa1, 0x00}},
    {2239u, {0xbe, 0xa1, 0x00}},
    {2240u, {0xcd, 0xa1, 0x00}},
    {2241u, {0xe9, 0xa1, 0x00}},
    {2242u, {0xfa, 0xa1, 0x00}},
    {2243u, {0x08, 0xa2, 0x00}},
    {2245u, {0x17, 0xa2, 0x00}},
    {2247u, {0x26, 0xa2, 0x00}},
    {2248u, {0x3d, 0xa2, 0x00}},
    {2249u, {0x59, 0xa2, 0x00}},
    {2250u, {0x64, 0xa2, 0x00}},
    {2251u, {0x7e, 0xa2, 0x00}},
    {2252u, {0x95, 0xa2, 0x00}},
    {2253u, {0xae, 0xa2, 0x00}},
    {2254u, {0xb3, 0xa2, 0x00}},
    {2255u, {0xc4, 0xa2, 0x00}},
    {2256u, {0xf5, 0xa2, 0x00}},
    {2257u, {0x09, 0xa3, 0x00}},
    {2258u, {0x18, 0xa3, 0x00}},
    {2259u, {0x2a, 0xa3, 0x00}},
    {2260u, {0x3a, 0xa3, 0x00}},
    {2261u, {0x55, 0xa3, 0x00}},
    {2263u, {0x5b, 0xa3, 0x00}},
    {2264u, {0x6a, 0xa3, 0x00}},
    {2265u, {0x70, 0xa3, 0x00}},
    {2266u, {0x84, 0xa3, 0x00}},
    {2267u, {0xa4, 0xa3, 0x00}},
    {2268u, {0xb7, 0xa3, 0x00}},
    {2269u, {0xda, 0xa3, 0x00}},
    {2270u, {0xe1, 0xa3, 0x00}},
    {2271u, {0xfd, 0xa3, 0x00}},
    {2272u, {0x12, 0xa4, 0x00}},
    {2273u, {0x24, 0xa4, 0x00}},
    {2274u, {0x42, 0xa4, 0x00}},
    {2275u, {0x63, 0xa4, 0x00}},
    {2276u, {0x7b, 0xa4, 0x00}},
    {2277u, {0x88, 0xa4, 0x00}},
    {2278u, {0x9c, 0xa4, 0x00}},
    {2279u, {0xc0, 0xa4, 0x00}},
    {2280u, {0xdb, 0xa4, 0x00}},
    {2281u, {0xe3, 0xa4, 0x00}},
    {2282u, {0x01, 0xa5, 0x00}},
    {2283u, {0x1e, 0xa5, 0x00}},
    {2284u, {0x46, 0xa5, 0x00}},
    {2285u, {0x58, 0xa5, 0x00}},
    {2286u, {0x82, 0xa5, 0x00}},
    {2287u, {0x97, 0xa5, 0x00}},
    {2288u, {0xb4, 0xa5, 0x00}},
    {2289u, {0xc0, 0xa5, 0x00}},
    {2290u, {0xda, 0xa5, 0x00}},
    {2291u, {0xe4, 0xa5, 0x00}},
    {2292u, {0x09, 0xa6, 0x00}},
    {2293u, {0x2d, 0xa6, 0x00}},
    {2294u, {0x51, 0xa6, 0x00}},
    {2295u, {0x6e, 0xa6, 0x00}},
    {2296u, {0x8c, 0xa6, 0x00}},
    {2297u, {0x9b, 0xa6, 0x00}},
    {2299u, {0xb2, 0xa6, 0x00}},
    {2300u, {0xcb, 0xa6, 0x00}},
    {2301u, {0xd4, 0xa6, 0x00}},
    {2302u, {0xea, 0xa6, 0x00}},
    {2303u, {0xfc, 0xa6, 0x00}},
    {2304u, {0x15, 0xa7, 0x00}},
    {2305u, {0x38, 0xa7, 0x00}},
    {2306u, {0x40, 0xa7, 0x00}},
    {2307u, {0x61, 0xa7, 0x00}},
    {2308u, {0x70, 0xa7, 0x00}},
    {2309u, {0x7f, 0xa7, 0x00}},
    {2310u, {0x92, 0xa7, 0x00}},
    {2311u, {0xad, 0xa7, 0x00}},
    {2312u, {0xbd, 0xa7, 0x00}},
    {2313u, {0xda, 0xa7, 0x00}},
    {2314u, {0xe9, 0xa7, 0x00}},
    {2315u, {0x09, 0xa8, 0x00}},
    {2316u, {0x18, 0xa8, 0x00}},
    {2318u, {0x38, 0xa8, 0x00}},
    {2319u, {0x4c, 0xa8, 0x00}},
    {2320u, {0x54, 0xa8, 0x00}},
    {2321u, {0x7e, 0xa8, 0x00}},
    {2322u, {0x9d, 0xa8, 0x00}},
    {2323u, {0xc3, 0xa8, 0x00}},
    {2324u, {0xdd, 0xa8, 0x00}},
    {2325u, {0xe8, 0xa8, 0x00}},
    {2326u, {0xfe, 0xa8, 0x00}},
    {2327u, {0x12, 0xa9, 0x00}},
    {2329u, {0x3a, 0xa9, 0x00}},
    {2330u, {0x49, 0xa9, 0x00}},
    {2331u, {0x58, 0xa9, 0x00}},
    {2332u, {0x6a, 0xa9, 0x00}},
    {2333u, {0x77, 0xa9, 0x00}},
    {2334u, {0x86, 0xa9, 0x00}},
    {2335u, {0xa8, 0xa9, 0x00}},
    {2337u, {0xb9, 0xa9, 0x00}},
    {2338u, {0xc8, 0xa9, 0x00}},
    {2339u, {0xf9, 0xa9, 0x00}},
    {2341u, {0x0a, 0xaa, 0x00}},
    {2342u, {0x21, 0xaa, 0x00}},
    {2343u, {0x3f, 0xaa, 0x00}},
    {2344u, {0x49, 0xaa, 0x00}},
    {2345u, {0x51, 0xaa, 0x00}},
    {2346u, {0x74, 0xaa, 0x00}},
    {2347u, {0x99, 0xaa, 0x00}},
    {2348u, {0xa1, 0xaa, 0x00}},
    {2349u, {0xb5, 0xaa, 0x00}},
    {2350u, {0xd3, 0xaa, 0x00}},
    {2351u, {0xdb, 0xaa, 0x00}},
    {2352u, {0xe8, 0xaa, 0x00}},
    {2353u, {0x06, 0xab, 0x00}},
    {2355u, {0x1b, 0xab, 0x00}},
    {2356u, {0x20, 0xab, 0x00}},
    {2357u, {0x30, 0xab, 0x00}},
    {2358u, {0x40, 0xab, 0x00}},
    {2359u, {0x4a, 0xab, 0x00}},
    {2360u, {0x5b, 0xab, 0x00}},
    {2361u, {0x75, 0xab, 0x00}},
    {2362u, {0x84, 0xab, 0x00}},
    {2363u, {0xb2, 0xab, 0x00}},
    {2364u, {0xbd, 0xab, 0x00}},
    {2365u, {0xc9, 0xab, 0x00}},
    {2366u, {0xe3, 0xab, 0x00}},
    {2367u, {0xf7, 0xab, 0x00}},
    {2368u, {0x0a, 0xac, 0x00}},
    {2369u, {0x1c, 0xac, 0x00}},
    {2370u, {0x33, 0xac, 0x00}},
    {2372u, {0x4e, 0xac, 0x00}},
    {2373u, {0x5d, 0xac, 0x00}},
    {2374u, {0x76, 0xac, 0x00}},
    {2375u, {0xa7, 0xac, 0x00}},
    {2376u, {0xc5, 0xac, 0x00}},
    {2377u, {0xdb, 0xac, 0x00}},
    {2378u, {0xf2, 0xac, 0x00}},
    {2379u, {0xfe, 0xac, 0x00}},
    {2380u, {0x19, 0xad, 0x00}},
    {2381u, {0x27, 0xad, 0x00}},
    {2382u, {0x33, 0xad, 0x00}},
    {2383u, {0x45, 0xad, 0x00}},
    {2384u, {0x6c, 0xad, 0x00}},
    {2385u, {0x75, 0xad, 0x00}},
    {2386u, {0x7a, 0xad, 0x00}},
    {2387u, {0x91, 0xad, 0x00}},
    {2388u, {0x9f, 0xad, 0x00}},
    {2389u, {0xa5, 0xad, 0x00}},
    {2390u, {0xb4, 0xad, 0x00}},
    {2391u, {0xbc, 0xad, 0x00}},
    {2392u, {0xcf, 0xad, 0x00}},
    {2393u, {0xdf, 0xad, 0x00}},
    {2395u, {0xed, 0xad, 0x00}},
    {2396u, {0x91, 0xad, 0x00}},
    {2397u, {0x09, 0xae, 0x00}},
    {2398u, {0x25, 0xae, 0x00}},
    {2399u, {0x35, 0xae, 0x00}},
    {2400u, {0x48, 0xae, 0x00}},
    {2401u, {0x5f, 0xae, 0x00}},
    {2402u, {0x6a, 0xae, 0x00}},
    {2403u, {0x7c, 0xae, 0x00}},
    {2404u, {0x88, 0xae, 0x00}},
    {2405u, {0xa7, 0xae, 0x00}},
    {2406u, {0xbf, 0xae, 0x00}},
    {2407u, {0xcf, 0xae, 0x00}},
    {2408u, {0xf1, 0xae, 0x00}},
    {2409u, {0x04, 0xaf, 0x00}},
    {2410u, {0x29, 0xaf, 0x00}},
    {2411u, {0x36, 0xaf, 0x00}},
    {2413u, {0x44, 0xaf, 0x00}},
    {2414u, {0x52, 0xaf, 0x00}},
    {2416u, {0x68, 0xaf, 0x00}},
    {2417u, {0x7b, 0xaf, 0x00}},
    {2419u, {0x7e, 0xaf, 0x00}},
    {2420u, {0x87, 0xaf, 0x00}},
    {2421u, {0x8d, 0xaf, 0x00}},
    {2422u, {0xb1, 0xaf, 0x00}},
    {2423u, {0xc2, 0xaf, 0x00}},
    {2424u, {0xdb, 0xaf, 0x00}},
    {2425u, {0xf4, 0xaf, 0x00}},
    {2426u, {0x0a, 0xb0, 0x00}},
    {2427u, {0x1b, 0xb0, 0x00}},
    {2428u, {0x2a, 0xb0, 0x00}},
    {2429u, {0x42, 0xb0, 0x00}},
    {2430u, {0x4b, 0xb0, 0x00}},
    {2431u, {0x5c, 0xb0, 0x00}},
    {2432u, {0x6a, 0xb0, 0x00}},
    {2433u, {0x92, 0xb0, 0x00}},
    {2434u, {0xb3, 0xb0, 0x00}},
    {2435u, {0xc2, 0xb0, 0x00}},
    {2436u, {0xd6, 0xb0, 0x00}},
    {2438u, {0xe4, 0xb0, 0x00}},
    {2439u, {0xf4, 0xb0, 0x00}},
    {2440u, {0x05, 0xb1, 0x00}},
    {2441u, {0x2c, 0xb1, 0x00}},
    {2442u, {0x4e, 0xb1, 0x00}},
    {2443u, {0x57, 0xb1, 0x00}},
    {2444u, {0x72, 0xb1, 0x00}},
    {2446u, {0x7d, 0xb1, 0x00}},
    {2447u, {0x84, 0xb1, 0x00}},
    {2448u, {0x97, 0xb1, 0x00}},
    {2449u, {0xa7, 0xb1, 0x00}},
    {2450u, {0xb3, 0xb1, 0x00}},
    {2451u, {0xd4, 0xb1, 0x00}},
    {2452u, {0xed, 0xb1, 0x00}},
    {2453u, {0xfa, 0xb1, 0x00}},
    {2454u, {0x14, 0xb2, 0x00}},
    {2455u, {0x26, 0xb2, 0x00}},
    {2456u, {0x2f, 0xb2, 0x00}},
    {2457u, {0x4d, 0xb2, 0x00}},
    {2458u, {0x5a, 0xb2, 0x00}},
    {2459u, {0x68, 0xb2, 0x00}},
    {2460u, {0x84, 0xb2, 0x00}},
    {2461u, {0x9c, 0xb2, 0x00}},
    {2462u, {0xa8, 0xb2, 0x00}},
    {2463u, {0xb9, 0xb2, 0x00}},
    {2464u, {0xcc, 0xb2, 0x00}},
    {2465u, {0xe4, 0xb2, 0x00}},
    {2466u, {0xf5, 0xb2, 0x00}},
    {2467u, {0x1d, 0xb3, 0x00}},
    {2468u, {0x28, 0xb3, 0x00}},
    {2469u, {0x3d, 0xb3, 0x00}},
    {2470u, {0x5f, 0xb3, 0x00}},
    {2471u, {0x80, 0xb3, 0x00}},
    {2472u, {0x8d, 0xb3, 0x00}},
    {2473u, {0x9f, 0xb3, 0x00}},
    {2474u, {0xb7, 0xb3, 0x00}},
    {2475u, {0xd1, 0xb3, 0x00}},
    {2476u, {0xe1, 0xb3, 0x00}},
    {2477u, {0xe7, 0xb3, 0x00}},
    {2478u, {0xf5, 0xb3, 0x00}},
    {2479u, {0xfe, 0xb3, 0x00}},
    {2480u, {0x14, 0xb4, 0x00}},
    {2481u, {0x29, 0xb4, 0x00}},
    {2482u, {0x30, 0xb4, 0x00}},
    {2483u, {0x36, 0xb4, 0x00}},
    {2484u, {0x57, 0xb4, 0x00}},
    {2485u, {0x66, 0xb4, 0x00}},
    {2486u, {0x95, 0xb4, 0x00}},
    {2487u, {0xb0, 0xb4, 0x00}},
    {2488u, {0xbf, 0xb4, 0x00}},
    {2489u, {0xd2, 0xb4, 0x00}},
    {2490u, {0xec, 0xb4, 0x00}},
    {2491u, {0x02, 0xb5, 0x00}},
    {2492u, {0x18, 0xb5, 0x00}},
    {2493u, {0x25, 0xb5, 0x00}},
    {2494u, {0x5a, 0xb5, 0x00}},
    {2495u, {0x66, 0xb5, 0x00}},
    {2496u, {0x74, 0xb5, 0x00}},
    {2497u, {0x86, 0xb5, 0x00}},
    {2498u, {0x8f, 0xb5, 0x00}},
    {2499u, {0xa5, 0xb5, 0x00}},
    {2500u, {0xb8, 0xb5, 0x00}},
    {2501u, {0xbf, 0xb5, 0x00}},
    {2502u, {0xe0, 0xb5, 0x00}},
    {2503u, {0xf7, 0xb5, 0x00}},
    {2504u, {0x07, 0xb6, 0x00}},
    {2505u, {0x0f, 0xb6, 0x00}},
    {2506u, {0x1d, 0xb6, 0x00}},
    {2507u, {0x27, 0xb6, 0x00}},
    {2508u, {0x3b, 0xb6, 0x00}},
    {2510u, {0x4a, 0xb6, 0x00}},
    {2511u, {0x5b, 0xb6, 0x00}},
    {2512u, {0x6f, 0xb6, 0x00}},
    {2513u, {0x7f, 0xb6, 0x00}},
    {2514u, {0x97, 0xb6, 0x00}},
    {2516u, {0xc9, 0xb6, 0x00}},
    {2517u, {0xd4, 0xb6, 0x00}},
    {2518u, {0xf1, 0xb6, 0x00}},
    {2519u, {0x3b, 0xb7, 0x00}},
    {2520u, {0x43, 0xb7, 0x00}},
    {2521u, {0x67, 0xb7, 0x00}},
    {2522u, {0x7c, 0xb7, 0x00}},
    {2523u, {0x8b, 0xb7, 0x00}},
    {2525u, {0xa0, 0xb7, 0x00}},
    {2526u, {0xb8, 0xb7, 0x00}},
    {2527u, {0xd6, 0xb7, 0x00}},
    {2529u, {0xf0, 0xb7, 0x00}},
    {2531u, {0xff, 0xb7, 0x00}},
    {2532u, {0x0f, 0xb8, 0x00}},
    {2533u, {0x16, 0xb8, 0x00}},
    {2534u, {0x20, 0xb8, 0x00}},
    {2535u, {0x35, 0xb8, 0x00}},
    {2536u, {0x4d, 0xb8, 0x00}},
    {2537u, {0x67, 0xb8, 0x00}},
    {2538u, {0x75, 0xb8, 0x00}},
    {2539u, {0x7f, 0xb8, 0x00}},
    {2540u, {0x98, 0xb8, 0x00}},
    {2541u, {0xbd, 0xb8, 0x00}},
    {2542u, {0xc8, 0xb8, 0x00}},
    {2543u, {0xd1, 0xb8, 0x00}},
    {2544u, {0xe6, 0xb8, 0x00}},
    {2545u, {0xf4, 0xb8, 0x00}},
    {2546u, {0x15, 0xb9, 0x00}},
    {2547u, {0x25, 0xb9, 0x00}},
    {2548u, {0x54, 0xb9, 0x00}},
    {2549u, {0x70, 0xb9, 0x00}},
    {2550u, {0x8f, 0xb9, 0x00}},
    {2551u, {0xad, 0xb9, 0x00}},
    {2552u, {0xc0, 0xb9, 0x00}},
    {2553u, {0xcc, 0xb9, 0x00}},
    {2554u, {0xef, 0xb9, 0x00}},
    {2555u, {0x0f, 0xba, 0x00}},
    {2556u, {0x1f, 0xba, 0x00}},
    {2558u, {0x28, 0xba, 0x00}},
    {2559u, {0x45, 0xba, 0x00}},
    {2560u, {0x4d, 0xba, 0x00}},
    {2561u, {0x5d, 0xba, 0x00}},
    {2562u, {0x69, 0xba, 0x00}},
    {2563u, {0x7d, 0xba, 0x00}},
    {2564u, {0x95, 0xba, 0x00}},
    {2565u, {0xa7, 0xba, 0x00}},
    {2566u, {0xbe, 0xba, 0x00}},
    {2567u, {0xe5, 0xba, 0x00}},
    {2568u, {0xf4, 0xba, 0x00}},
    {2570u, {0xfc, 0xba, 0x00}},
    {2572u, {0x12, 0xbb, 0x00}},
    {2573u, {0x43, 0xbb, 0x00}},
    {2574u, {0x55, 0xbb, 0x00}},
    {2575u, {0x68, 0xbb, 0x00}},
    {2576u, {0x7a, 0xbb, 0x00}},
    {2577u, {0x8d, 0xbb, 0x00}},
    {2578u, {0x96, 0xbb, 0x00}},
    {2579u, {0xaf, 0xbb, 0x00}},
    {2580u, {0xc8, 0xbb, 0x00}},
    {2581u, {0xd5, 0xbb, 0x00}},
    {2583u, {0xde, 0xbb, 0x00}},
    {2584u, {0xef, 0xbb, 0x00}},
    {2585u, {0x11, 0xbc, 0x00}},
    {2586u, {0x1e, 0xbc, 0x00}},
    {2587u, {0x2e, 0xbc, 0x00}},
    {2588u, {0x3e, 0xbc, 0x00}},
    {2589u, {0x50, 0xbc, 0x00}},
    {2590u, {0x56, 0xbc, 0x00}},
    {2591u, {0x60, 0xbc, 0x00}},
    {2592u, {0x79, 0xbc, 0x00}},
    {2593u, {0x9e, 0xbc, 0x00}},
    {2594u, {0xb3, 0xbc, 0x00}},
    {2595u, {0xca, 0xbc, 0x00}},
    {2596u, {0xda, 0xbc, 0x00}},
    {2597u, {0xf5, 0xbc, 0x00}},
    {2598u, {0x11, 0xbd, 0x00}},
    {2600u, {0x1f, 0xbd, 0x00}},
    {2601u, {0x3a, 0xbd, 0x00}},
    {2602u, {0x58, 0xbd, 0x00}},
    {2603u, {0x6b, 0xbd, 0x00}},
    {2604u, {0x78, 0xbd, 0x00}},
    {2605u, {0xa2, 0xbd, 0x00}},
    {2607u, {0xc9, 0xbd, 0x00}},
    {2608u, {0xd8, 0xbd, 0x00}},
    {2609u, {0xe2, 0xbd, 0x00}},
    {2610u, {0xee, 0xbd, 0x00}},
    {2611u, {0x08, 0xbe, 0x00}},
    {2612u, {0x0f, 0xbe, 0x00}},
    {2613u, {0x21, 0xbe, 0x00}},
    {2614u, {0x30, 0xbe, 0x00}},
    {2615u, {0x49, 0xbe, 0x00}},
    {2616u, {0x5e, 0xbe, 0x00}},
    {2617u, {0x7c, 0xbe, 0x00}},
    {2619u, {0x8e, 0xbe, 0x00}},
    {2620u, {0xa9, 0xbe, 0x00}},
    {2621u, {0xb5, 0xbe, 0x00}},
    {2623u, {0xbd, 0xbe, 0x00}},
    {2625u, {0xf2, 0xbe, 0x00}},
    {2626u, {0x03, 0xbf, 0x00}},
    {2627u, {0x16, 0xbf, 0x00}},
    {2628u, {0x37, 0xbf, 0x00}},
    {2629u, {0x45, 0xbf, 0x00}},
    {2630u, {0x5f, 0xbf, 0x00}},
    {2631u, {0x86, 0xbf, 0x00}},
    {2632u, {0x9b, 0xbf, 0x00}},
    {2634u, {0xad, 0xbf, 0x00}},
    {2635u, {0xbd, 0xbf, 0x00}},
    {2636u, {0xe1, 0xbf, 0x00}},
    {2637u, {0x04, 0xc0, 0x00}},
    {2638u, {0x27, 0xc0, 0x00}},
    {2639u, {0x3a, 0xc0, 0x00}},
    {2640u, {0x56, 0xc0, 0x00}},
    {2641u, {0x65, 0xc0, 0x00}},
    {2642u, {0x6b, 0xc0, 0x00}},
    {2643u, {0x84, 0xc0, 0x00}},
    {2644u, {0x98, 0xc0, 0x00}},
    {2645u, {0xaf, 0xc0, 0x00}},
    {2646u, {0xc5, 0xc0, 0x00}},
    {2647u, {0xcb, 0xc0, 0x00}},
    {2648u, {0xf0, 0xc0, 0x00}},
    {2649u, {0x00, 0xc1, 0x00}},
    {2650u, {0x0f, 0xc1, 0x00}},
    {2651u, {0x32, 0xc1, 0x00}},
    {2652u, {0x48, 0xc1, 0x00}},
    {2653u, {0x64, 0xc1, 0x00}},
    {2655u, {0x7b, 0xc1, 0x00}},
    {2656u, {0x83, 0xc1, 0x00}},
    {2657u, {0xab, 0xc1, 0x00}},
    {2658u, {0xbc, 0xc1, 0x00}},
    {2660u, {0xd0, 0xc1, 0x00}},
    {2661u, {0xe2, 0xc1, 0x00}},
    {2663u, {0xed, 0xc1, 0x00}},
    {2664u, {0x1a, 0xc2, 0x00}},
    {2665u, {0x2f, 0xc2, 0x00}},
    {2666u, {0x43, 0xc2, 0x00}},
    {2667u, {0x58, 0xc2, 0x00}},
    {2668u, {0x72, 0xc2, 0x00}},
    {2670u, {0x7a, 0xc2, 0x00}},
    {2671u, {0x8b, 0xc2, 0x00}},
    {2672u, {0x98, 0xc2, 0x00}},
    {2673u, {0x9d, 0xc2, 0x00}},
    {2674u, {0xad, 0xc2, 0x00}},
    {2675u, {0xc0, 0xc2, 0x00}},
    {2676u, {0xcc, 0xc2, 0x00}},
    {2677u, {0xda, 0xc2, 0x00}},
    {2678u, {0xf2, 0xc2, 0x00}},
    {2679u, {0x09, 0xc3, 0x00}},
    {2680u, {0x19, 0xc3, 0x00}},
    {2681u, {0x3f, 0xc3, 0x00}},
    {2682u, {0x4a, 0xc3, 0x00}},
    {2683u, {0x58, 0xc3, 0x00}},
    {2684u, {0x63, 0xc3, 0x00}},
    {2685u, {0x6d, 0xc3, 0x00}},
    {2686u, {0x8a, 0xc3, 0x00}},
    {2687u, {0xa8, 0xc3, 0x00}},
    {2688u, {0xb8, 0xc3, 0x00}},
    {2689u, {0xc6, 0xc3, 0x00}},
    {2690u, {0xe3, 0xc3, 0x00}},
    {2691u, {0xeb, 0xc3, 0x00}},
    {2692u, {0xf8, 0xc3, 0x00}},
    {2693u, {0x07, 0xc4, 0x00}},
    {2694u, {0x25, 0xc4, 0x00}},
    {2695u, {0x3b, 0xc4, 0x00}},
    {2696u, {0x65, 0xc4, 0x00}},
    {2697u, {0x79, 0xc4, 0x00}},
    {2698u, {0x85, 0xc4, 0x00}},
    {2699u, {0xa5, 0xc4, 0x00}},
    {2700u, {0xb3, 0xc4, 0x00}},
    {2701u, {0xc3, 0xc4, 0x00}},
    {2702u, {0xd9, 0xc4, 0x00}},
    {2703u, {0xe9, 0xc4, 0x00}},
    {2704u, {0xf3, 0xc4, 0x00}},
    {2705u, {0x19, 0xc5, 0x00}},
    {2706u, {0x34, 0xc5, 0x00}},
    {2707u, {0x4a, 0xc5, 0x00}},
    {2708u, {0x5a, 0xc5, 0x00}},
    {2709u, {0x65, 0xc5, 0x00}},
    {2712u, {0x70, 0xc5, 0x00}},
    {2713u, {0x7b, 0xc5, 0x00}},
    {2714u, {0xaf, 0xc5, 0x00}},
    {2715u, {0xc6, 0xc5, 0x00}},
    {2716u, {0xd0, 0xc5, 0x00}},
    {2717u, {0xfe, 0xc5, 0x00}},
    {2719u, {0x18, 0xc6, 0x00}},
    {2720u, {0x30, 0xc6, 0x00}},
    {2721u, {0x49, 0xc6, 0x00}},
    {2722u, {0x68, 0xc6, 0x00}},
    {2723u, {0x78, 0xc6, 0x00}},
    {2724u, {0x88, 0xc6, 0x00}},
    {2725u, {0x94, 0xc6, 0x00}},
    {2726u, {0xb9, 0xc6, 0x00}},
    {2727u, {0xcc, 0xc6, 0x00}},
    {2728u, {0xd9, 0xc6, 0x00}},
    {2729u, {0xec, 0xc6, 0x00}},
    {2730u, {0xfa, 0xc6, 0x00}},
    {2731u, {0x16, 0xc7, 0x00}},
    {2732u, {0x28, 0xc7, 0x00}},
    {2733u, {0x37, 0xc7, 0x00}},
    {2734u, {0x4b, 0xc7, 0x00}},
    {2735u, {0x60, 0xc7, 0x00}},
    {2736u, {0x6b, 0xc7, 0x00}},
    {2737u, {0x7f, 0xc7, 0x00}},
    {2738u, {0x9b, 0xc7, 0x00}},
    {2739u, {0xae, 0xc7, 0x00}},
    {2740u, {0xc4, 0xc7, 0x00}},
    {2741u, {0xdf, 0xc7, 0x00}},
    {2742u, {0xf7, 0xc7, 0x00}},
    {2743u, {0x04, 0xc8, 0x00}},
    {2744u, {0x1e, 0xc8, 0x00}},
    {2745u, {0x33, 0xc8, 0x00}},
    {2746u, {0x37, 0xc8, 0x00}},
    {2747u, {0x49, 0xc8, 0x00}},
    {2748u, {0x57, 0xc8, 0x00}},
    {2749u, {0x79, 0xc8, 0x00}},
    {2750u, {0x85, 0xc8, 0x00}},
    {2751u, {0xb1, 0xc8, 0x00}},
    {2752u, {0xc2, 0xc8, 0x00}},
    {2753u, {0xd4, 0xc8, 0x00}},
    {2754u, {0xfa, 0xc8, 0x00}},
    {2755u, {0x33, 0xc9, 0x00}},
    {2756u, {0x40, 0xc9, 0x00}},
    {2757u, {0x47, 0xc9, 0x00}},
    {2758u, {0x56, 0xc9, 0x00}},
    {2759u, {0x68, 0xc9, 0x00}},
    {2760u, {0x88, 0xc9, 0x00}},
    {2761u, {0x99, 0xc9, 0x00}},
    {2762u, {0xa5, 0xc9, 0x00}},
    {2763u, {0xca, 0xc9, 0x00}},
    {2764u, {0xf8, 0xc9, 0x00}},
    {2765u, {0x00, 0xca, 0x00}},
    {2766u, {0x26, 0xca, 0x00}},
    {2767u, {0x42, 0xca, 0x00}},
    {2768u, {0x54, 0xca, 0x00}},
    {2770u, {0x66, 0xca, 0x00}},
    {2771u, {0x7f, 0xca, 0x00}},
    {2772u, {0x99, 0xca, 0x00}},
    {2773u, {0xbc, 0xca, 0x00}},
    {2774u, {0xca, 0xca, 0x00}},
    {2775u, {0xd5, 0xca, 0x00}},
    {2776u, {0xe8, 0xca, 0x00}},
    {2778u, {0x02, 0xcb, 0x00}},
    {2779u, {0x12, 0xcb, 0x00}},
    {2780u, {0x22, 0xcb, 0x00}},
    {2781u, {0x2d, 0xcb, 0x00}},
    {2782u, {0x38, 0xcb, 0x00}},
    {2783u, {0x54, 0xcb, 0x00}},
    {2787u, {0x6c, 0xcb, 0x00}},
    {2788u, {0x76, 0xcb, 0x00}},
    {2789u, {0x84, 0xcb, 0x00}},
    {2790u, {0x8d, 0xcb, 0x00}},
    {2791u, {0x96, 0xcb, 0x00}},
    {2792u, {0xb3, 0xcb, 0x00}},
    {2793u, {0xc1, 0xcb, 0x00}},
    {2794u, {0xd1, 0xcb, 0x00}},
    {2795u, {0xe2, 0xcb, 0x00}},
    {2796u, {0xef, 0xcb, 0x00}},
    {2797u, {0x15, 0xcc, 0x00}},
    {2798u, {0x22, 0xcc, 0x00}},
    {2799u, {0x31, 0xcc, 0x00}},
    {2800u, {0x50, 0xcc, 0x00}},
    {2801u, {0x68, 0xcc, 0x00}},
    {2803u, {0x78, 0xcc, 0x00}},
    {2804u, {0x82, 0xcc, 0x00}},
    {2805u, {0xa6, 0xcc, 0x00}},
    {2806u, {0xbe, 0xcc, 0x00}},
    {2807u, {0xcb, 0xcc, 0x00}},
    {2808u, {0xd2, 0xcc, 0x00}},
    {2809u, {0xeb, 0xcc, 0x00}},
    {2810u, {0xf5, 0xcc, 0x00}},
    {2811u, {0x18, 0xcd, 0x00}},
    {2812u, {0x2c, 0xcd, 0x00}},
    {2813u, {0x4e, 0xcd, 0x00}},
    {2814u, {0x61, 0xcd, 0x00}},
    {2815u, {0x7c, 0xcd, 0x00}},
    {2816u, {0x8e, 0xcd, 0x00}},
    {2817u, {0xae, 0xcd, 0x00}},
    {2818u, {0xc9, 0xcd, 0x00}},
    {2819u, {0xef, 0xcd, 0x00}},
    {2821u, {0x13, 0xce, 0x00}},
    {2822u, {0x22, 0xce, 0x00}},
    {2823u, {0x2d, 0xce, 0x00}},
    {2824u, {0x3d, 0xce, 0x00}},
    {2826u, {0x70, 0xce, 0x00}},
    {2827u, {0x91, 0xce, 0x00}},
    {2828u, {0x9f, 0xce, 0x00}},
    {2829u, {0xa7, 0xce, 0x00}},
    {2830u, {0xbc, 0xce, 0x00}},
    {2831u, {0xda, 0xce, 0x00}},
    {2832u, {0xe6, 0xce, 0x00}},
    {2833u, {0xfe, 0xce, 0x00}},
    {2834u, {0x10, 0xcf, 0x00}},
    {2835u, {0x2a, 0xcf, 0x00}},
    {2836u, {0x32, 0xcf, 0x00}},
    {2837u, {0x39, 0xcf, 0x00}},
    {2838u, {0x49, 0xcf, 0x00}},
    {2839u, {0x63, 0xcf, 0x00}},
    {2840u, {0x73, 0xcf, 0x00}},
    {2841u, {0x80, 0xcf, 0x00}},
    {2842u, {0x96, 0xcf, 0x00}},
    {2844u, {0xab, 0xcf, 0x00}},
    {2845u, {0xb6, 0xcf, 0x00}},
    {2846u, {0xca, 0xcf, 0x00}},
    {2847u, {0xd2, 0xcf, 0x00}},
    {2848u, {0xff, 0xcf, 0x00}},
    {2850u, {0x11, 0xd0, 0x00}},
    {2851u, {0x22, 0xd0, 0x00}},
    {2852u, {0x3d, 0xd0, 0x00}},
    {2853u, {0x62, 0xd0, 0x00}},
    {2854u, {0x70, 0xd0, 0x00}},
    {2855u, {0x8b, 0xd0, 0x00}},
    {2857u, {0xab, 0xd0, 0x00}},
    {2859u, {0xd4, 0xd0, 0x00}},
    {2860u, {0xdc, 0xd0, 0x00}},
    {2861u, {0xed, 0xd0, 0x00}},
    {2862u, {0x08, 0xd1, 0x00}},
    {2863u, {0x19, 0xd1, 0x00}},
    {2864u, {0x2f, 0xd1, 0x00}},
    {2865u, {0x37, 0xd1, 0x00}},
    {2866u, {0x51, 0xd1, 0x00}},
    {2867u, {0x64, 0xd1, 0x00}},
    {2868u, {0x71, 0xd1, 0x00}},
    {2869u, {0x95, 0xd1, 0x00}},
    {2870u, {0x9d, 0xd1, 0x00}},
    {2871u, {0xa4, 0xd1, 0x00}},
    {2872u, {0xd1, 0xd1, 0x00}},
    {2873u, {0xe0, 0xd1, 0x00}},
    {2874u, {0xfb, 0xd1, 0x00}},
    {2875u, {0x13, 0xd2, 0x00}},
    {2876u, {0x3a, 0xd2, 0x00}},
    {2877u, {0x51, 0xd2, 0x00}},
    {2878u, {0x5f, 0xd2, 0x00}},
    {2879u, {0x75, 0xd2, 0x00}},
    {2880u, {0x86, 0xd2, 0x00}},
    {2881u, {0x9c, 0xd2, 0x00}},
    {2882u, {0xa9, 0xd2, 0x00}},
    {2883u, {0xad, 0xd2, 0x00}},
    {2884u, {0xc3, 0xd2, 0x00}},
    {2885u, {0xde, 0xd2, 0x00}},
    {2887u, {0xf7, 0xd2, 0x00}},
    {2888u, {0x0a, 0xd3, 0x00}},
    {2889u, {0x18, 0xd3, 0x00}},
    {2890u, {0x2e, 0xd3, 0x00}},
    {2891u, {0x38, 0xd3, 0x00}},
    {2892u, {0x4d, 0xd3, 0x00}},
    {2893u, {0x59, 0xd3, 0x00}},
    {2894u, {0x68, 0xd3, 0x00}},
    {2895u, {0x79, 0xd3, 0x00}},
    {2896u, {0x89, 0xd3, 0x00}},
    {2897u, {0x9a, 0xd3, 0x00}},
    {2898u, {0xab, 0xd3, 0x00}},
    {2899u, {0xb4, 0xd3, 0x00}},
    {2900u, {0xe3, 0xd3, 0x00}},
    {2901u, {0x01, 0xd4, 0x00}},
    {2902u, {0x24, 0xd4, 0x00}},
    {2903u, {0x42, 0xd4, 0x00}},
    {2904u, {0x6d, 0xd4, 0x00}},
    {2907u, {0x7e, 0xd4, 0x00}},
    {2909u, {0xa8, 0xd4, 0x00}},
    {2910u, {0xcf, 0xd4, 0x00}},
    {2911u, {0xe1, 0xd4, 0x00}},
    {2912u, {0xee, 0xd4, 0x00}},
    {2913u, {0x02, 0xd5, 0x00}},
    {2914u, {0x11, 0xd5, 0x00}},
    {2915u, {0x20, 0xd5, 0x00}},
    {2916u, {0x34, 0xd5, 0x00}},
    {2917u, {0x5e, 0xd5, 0x00}},
    {2918u, {0x7d, 0xd5, 0x00}},
    {2920u, {0xb7, 0xd5, 0x00}},
    {2921u, {0xbf, 0xd5, 0x00}},
    {2922u, {0xc7, 0xd5, 0x00}},
    {2923u, {0xcc, 0xd5, 0x00}},
    {2924u, {0xe2, 0xd5, 0x00}},
    {2925u, {0xf2, 0xd5, 0x00}},
    {2926u, {0x01, 0xd6, 0x00}},
    {2928u, {0x0e, 0xd6, 0x00}},
    {2929u, {0x2e, 0xd6, 0x00}},
    {2930u, {0x3c, 0xd6, 0x00}},
    {2931u, {0x4a, 0xd6, 0x00}},
    {2932u, {0x64, 0xd6, 0x00}},
    {2933u, {0x68, 0xd6, 0x00}},
    {2934u, {0x7c, 0xd6, 0x00}},
    {2935u, {0x89, 0xd6, 0x00}},
    {2936u, {0xa4, 0xd6, 0x00}},
    {2937u, {0xb6, 0xd6, 0x00}},
    {2938u, {0xcf, 0xd6, 0x00}},
    {2939u, {0xf0, 0xd6, 0x00}},
    {2940u, {0xfd, 0xd6, 0x00}},
    {2941u, {0x0a, 0xd7, 0x00}},
    {2942u, {0x1c, 0xd7, 0x00}},
    {2943u, {0x27, 0xd7, 0x00}},
    {2944u, {0x35, 0xd7, 0x00}},
    {2945u, {0x3d, 0xd7, 0x00}},
    {2946u, {0x47, 0xd7, 0x00}},
    {2947u, {0x5e, 0xd7, 0x00}},
    {2948u, {0x70, 0xd7, 0x00}},
    {2949u, {0x87, 0xd7, 0x00}},
    {2950u, {0x9b, 0xd7, 0x00}},
    {2951u, {0xa8, 0xd7, 0x00}},
    {2952u, {0xb7, 0xd7, 0x00}},
    {2953u, {0xf4, 0xd7, 0x00}},
    {2954u, {0x00, 0xd8, 0x00}},
    {2955u, {0x17, 0xd8, 0x00}},
    {2956u, {0x44, 0xd8, 0x00}},
    {2957u, {0x4b, 0xd8, 0x00}},
    {2958u, {0x62, 0xd8, 0x00}},
    {2959u, {0x76, 0xd8, 0x00}},
    {2961u, {0x97, 0xd8, 0x00}},
    {2963u, {0xa6, 0xd8, 0x00}},
    {2964u, {0xce, 0xd8, 0x00}},
    {2966u, {0xd8, 0xd8, 0x00}},
    {2967u, {0xe7, 0xd8, 0x00}},
    {2968u, {0xfe, 0xd8, 0x00}},
    {2969u, {0x0c, 0xd9, 0x00}},
    {2970u, {0x2f, 0xd9, 0x00}},
    {2972u, {0x69, 0xd9, 0x00}},
    {2973u, {0x76, 0xd9, 0x00}},
    {2974u, {0x8c, 0xd9, 0x00}},
    {2975u, {0xa2, 0xd9, 0x00}},
    {2976u, {0xb6, 0xd9, 0x00}},
    {2977u, {0xd2, 0xd9, 0x00}},
    {2978u, {0xeb, 0xd9, 0x00}},
    {2979u, {0xfa, 0xd9, 0x00}},
    {2980u, {0x17, 0xda, 0x00}},
    {2981u, {0x2b, 0xda, 0x00}},
    {2982u, {0x44, 0xda, 0x00}},
    {2983u, {0x5b, 0xda, 0x00}},
    {2984u, {0x71, 0xda, 0x00}},
    {2985u, {0x80, 0xda, 0x00}},
    {2986u, {0x96, 0xda, 0x00}},
    {2987u, {0xa8, 0xda, 0x00}},
    {2988u, {0xca, 0xda, 0x00}},
    {2989u, {0xd6, 0xda, 0x00}},
    {2990u, {0xe7, 0xda, 0x00}},
    {2991u, {0xf5, 0xda, 0x00}},
    {2992u, {0x0d, 0xdb, 0x00}},
    {2993u, {0x19, 0xdb, 0x00}},
    {2994u, {0x48, 0xdb, 0x00}},
    {2995u, {0x5b, 0xdb, 0x00}},
    {2996u, {0x68, 0xdb, 0x00}},
    {2997u, {0x7d, 0xdb, 0x00}},
    {2998u, {0x95, 0xdb, 0x00}},
    {2999u, {0xac, 0xdb, 0x00}},
    {3000u, {0xba, 0xdb, 0x00}},
    {3001u, {0xcc, 0xdb, 0x00}},
    {3002u, {0xde, 0xdb, 0x00}},
    {3003u, {0xe8, 0xdb, 0x00}},
    {3004u, {0xff, 0xdb, 0x00}},
    {3006u, {0x23, 0xdc, 0x00}},
    {3007u, {0x33, 0xdc, 0x00}},
    {3008u, {0x40, 0xdc, 0x00}},
    {3009u, {0x52, 0xdc, 0x00}},
    {3010u, {0x62, 0xdc, 0x00}},
    {3011u, {0x6e, 0xdc, 0x00}},
    {3012u, {0x78, 0xdc, 0x00}},
    {3013u, {0x92, 0xdc, 0x00}},
    {3014u, {0xac, 0xdc, 0x00}},
    {3015u, {0xd1, 0xdc, 0x00}},
    {3016u, {0xde, 0xdc, 0x00}},
    {3017u, {0xf4, 0xdc, 0x00}},
    {3018u, {0x02, 0xdd, 0x00}},
    {3019u, {0x1f, 0xdd, 0x00}},
    {3020u, {0x2f, 0xdd, 0x00}},
    {3021u, {0x39, 0xdd, 0x00}},
    {3022u, {0x43, 0xdd, 0x00}},
    {3023u, {0x53, 0xdd, 0x00}},
    {3024u, {0x64, 0xdd, 0x00}},
    {3025u, {0x6f, 0xdd, 0x00}},
    {3026u, {0x95, 0xdd, 0x00}},
    {3027u, {0x9a, 0xdd, 0x00}},
    {3028u, {0xb0, 0xdd, 0x00}},
    {3029u, {0xc6, 0xdd, 0x00}},
    {3030u, {0xe1, 0xdd, 0x00}},
    {3032u, {0x08, 0xde, 0x00}},
    {3034u, {0x1a, 0xde, 0x00}},
    {3035u, {0x26, 0xde, 0x00}},
    {3036u, {0x36, 0xde, 0x00}},
    {3037u, {0x42, 0xde, 0x00}},
    {3038u, {0x52, 0xde, 0x00}},
    {3039u, {0x57, 0xde, 0x00}},
    {3040u, {0x7d, 0xde, 0x00}},
    {3042u, {0x9f, 0xde, 0x00}},
    {3043u, {0xaf, 0xde, 0x00}},
    {3044u, {0xc3, 0xde, 0x00}},
    {3045u, {0xda, 0xde, 0x00}},
    {3046u, {0x04, 0xdf, 0x00}},
    {3047u, {0x14, 0xdf, 0x00}},
    {3048u, {0x2f, 0xdf, 0x00}},
    {3049u, {0x3d, 0xdf, 0x00}},
    {3050u, {0x69, 0xdf, 0x00}},
    {3051u, {0x98, 0xdf, 0x00}},
    {3053u, {0xaa, 0xdf, 0x00}},
    {3054u, {0xbf, 0xdf, 0x00}},
    {3055u, {0xd1, 0xdf, 0x00}},
    {3056u, {0xe1, 0xdf, 0x00}},
    {3057u, {0xf7, 0xdf, 0x00}},
    {3058u, {0x03, 0xe0, 0x00}},
    {3059u, {0x1f, 0xe0, 0x00}},
    {3061u, {0x32, 0xe0, 0x00}},
    {3062u, {0x3f, 0xe0, 0x00}},
    {3063u, {0x4b, 0xe0, 0x00}},
    {3064u, {0x5c, 0xe0, 0x00}},
    {3066u, {0x74, 0xe0, 0x00}},
    {3067u, {0x8c, 0xe0, 0x00}},
    {3068u, {0xa3, 0xe0, 0x00}},
    {3069u, {0xc3, 0xe0, 0x00}},
    {3070u, {0xd3, 0xe0, 0x00}},
    {3071u, {0xe5, 0xe0, 0x00}},
    {3072u, {0xf7, 0xe0, 0x00}},
    {3073u, {0x03, 0xe1, 0x00}},
    {3074u, {0x25, 0xe1, 0x00}},
    {3075u, {0x34, 0xe1, 0x00}},
    {3076u, {0x3e, 0xe1, 0x00}},
    {3077u, {0x51, 0xe1, 0x00}},
    {3078u, {0x67, 0xe1, 0x00}},
    {3079u, {0x76, 0xe1, 0x00}},
    {3080u, {0x87, 0xe1, 0x00}},
    {3081u, {0xa7, 0xe1, 0x00}},
    {3082u, {0xb2, 0xe1, 0x00}},
    {3083u, {0xd3, 0xe1, 0x00}},
    {3084u, {0xdf, 0xe1, 0x00}},
    {3085u, {0xf0, 0xe1, 0x00}},
    {3086u, {0xfd, 0xe1, 0x00}},
    {3087u, {0x11, 0xe2, 0x00}},
    {3088u, {0x1b, 0xe2, 0x00}},
    {3089u, {0x29, 0xe2, 0x00}},
    {3090u, {0x46, 0xe2, 0x00}},
    {3091u, {0x4b, 0xe2, 0x00}},
    {3092u, {0x67, 0xe2, 0x00}},
    {3093u, {0x75, 0xe2, 0x00}},
    {3094u, {0x83, 0xe2, 0x00}},
    {3095u, {0x93, 0xe2, 0x00}},
    {3096u, {0xa4, 0xe2, 0x00}},
    {3097u, {0xac, 0xe2, 0x00}},
    {3098u, {0xc4, 0xe2, 0x00}},
    {3099u, {0xe5, 0xe2, 0x00}},
    {3100u, {0x04, 0xe3, 0x00}},
    {3101u, {0x09, 0xe3, 0x00}},
    {3102u, {0x22, 0xe3, 0x00}},
    {3103u, {0x34, 0xe3, 0x00}},
    {3104u, {0x3c, 0xe3, 0x00}},
    {3105u, {0x51, 0xe3, 0x00}},
    {3106u, {0x7d, 0xe3, 0x00}},
    {3107u, {0x88, 0xe3, 0x00}},
    {3108u, {0x94, 0xe3, 0x00}},
    {3109u, {0xad, 0xe3, 0x00}},
    {3110u, {0xc5, 0xe3, 0x00}},
    {3111u, {0xe3, 0xe3, 0x00}},
    {3112u, {0xf3, 0xe3, 0x00}},
    {3113u, {0x01, 0xe4, 0x00}},
    {3114u, {0x1b, 0xe4, 0x00}},
    {3115u, {0x28, 0xe4, 0x00}},
    {3116u, {0x46, 0xe4, 0x00}},
    {3117u, {0x6d, 0xe4, 0x00}},
    {3118u, {0x87, 0xe4, 0x00}},
    {3119u, {0x90, 0xe4, 0x00}},
    {3120u, {0x9e, 0xe4, 0x00}},
    {3121u, {0xb1, 0xe4, 0x00}},
    {3122u, {0xbc, 0xe4, 0x00}},
    {3123u, {0xea, 0xe4, 0x00}},
    {3124u, {0xff, 0xe4, 0x00}},
    {3125u, {0x13, 0xe5, 0x00}},
    {3127u, {0x30, 0xe5, 0x00}},
    {3128u, {0x41, 0xe5, 0x00}},
    {3129u, {0x55, 0xe5, 0x00}},
    {3131u, {0x67, 0xe5, 0x00}},
    {3132u, {0x7b, 0xe5, 0x00}},
    {3133u, {0x8e, 0xe5, 0x00}},
    {3134u, {0x9a, 0xe5, 0x00}},
    {3135u, {0xaa, 0xe5, 0x00}},
    {3136u, {0xc2, 0xe5, 0x00}},
    {3137u, {0xcf, 0xe5, 0x00}},
    {3138u, {0xe5, 0xe5, 0x00}},
    {3139u, {0xfc, 0xe5, 0x00}},
    {3140u, {0x0f, 0xe6, 0x00}},
    {3141u, {0x1c, 0xe6, 0x00}},
    {3143u, {0x39, 0xe6, 0x00}},
    {3144u, {0x51, 0xe6, 0x00}},
    {3145u, {0x6b, 0xe6, 0x00}},
    {3146u, {0x7a, 0xe6, 0x00}},
    {3147u, {0x86, 0xe6, 0x00}},
    {3148u, {0x93, 0xe6, 0x00}},
    {3149u, {0xb3, 0xe6, 0x00}},
    {3150u, {0xd0, 0xe6, 0x00}},
    {3151u, {0xea, 0xe6, 0x00}},
    {3152u, {0x03, 0xe7, 0x00}},
    {3153u, {0x1d, 0xe7, 0x00}},
    {3154u, {0x2b, 0xe7, 0x00}},
    {3155u, {0x39, 0xe7, 0x00}},
    {3156u, {0x44, 0xe7, 0x00}},
    {3157u, {0x59, 0xe7, 0x00}},
    {3158u, {0x67, 0xe7, 0x00}},
    {3159u, {0x81, 0xe7, 0x00}},
    {3160u, {0x93, 0xe7, 0x00}},
    {3161u, {0x9e, 0xe7, 0x00}},
    {3162u, {0xad, 0xe7, 0x00}},
    {3163u, {0xc0, 0xe7, 0x00}},
    {3164u, {0xd5, 0xe7, 0x00}},
    {3165u, {0xf4, 0xe7, 0x00}},
    {3166u, {0x09, 0xe8, 0x00}},
    {3167u, {0x15, 0xe8, 0x00}},
    {3168u, {0x3d, 0xe8, 0x00}},
    {3169u, {0x59, 0xe8, 0x00}},
    {3170u, {0x64, 0xe8, 0x00}},
    {3171u, {0x78, 0xe8, 0x00}},
    {3172u, {0x9a, 0xe8, 0x00}},
    {3173u, {0xaf, 0xe8, 0x00}},
    {3175u, {0xbc, 0xe8, 0x00}},
    {3176u, {0xcd, 0xe8, 0x00}},
    {3178u, {0xe0, 0xe8, 0x00}},
    {3179u, {0x01, 0xe9, 0x00}},
    {3180u, {0x0c, 0xe9, 0x00}},
    {3181u, {0x1c, 0xe9, 0x00}},
    {3182u, {0x29, 0xe9, 0x00}},
    {3183u, {0x33, 0xe9, 0x00}},
    {3184u, {0x3e, 0xe9, 0x00}},
    {3185u, {0x53, 0xe9, 0x00}},
    {3186u, {0x7d, 0xe9, 0x00}},
    {3187u, {0x90, 0xe9, 0x00}},
    {3188u, {0xb3, 0xe9, 0x00}},
    {3189u, {0xbc, 0xe9, 0x00}},
    {3191u, {0xdf, 0xe9, 0x00}},
    {3192u, {0xf0, 0xe9, 0x00}},
    {3193u, {0x0e, 0xea, 0x00}},
    {3194u, {0x33, 0xea, 0x00}},
    {3195u, {0x57, 0xea, 0x00}},
    {3196u, {0x73, 0xea, 0x00}},
    {3197u, {0x87, 0xea, 0x00}},
    {3199u, {0x96, 0xea, 0x00}},
    {3200u, {0xad, 0xea, 0x00}},
    {3201u, {0xca, 0xea, 0x00}},
    {3202u, {0xde, 0xea, 0x00}},
    {3203u, {0xe4, 0xea, 0x00}},
    {3204u, {0xf9, 0xea, 0x00}},
    {3205u, {0x10, 0xeb, 0x00}},
    {3206u, {0x1e, 0xeb, 0x00}},
    {3207u, {0x50, 0xeb, 0x00}},
    {3208u, {0x74, 0xeb, 0x00}},
    {3209u, {0x83, 0xeb, 0x00}},
    {3210u, {0xad, 0xeb, 0x00}},
    {3211u, {0xbf, 0xeb, 0x00}},
    {3212u, {0xca, 0xeb, 0x00}},
    {3213u, {0xd7, 0xeb, 0x00}},
    {3214u, {0xe3, 0xeb, 0x00}},
    {3215u, {0xfe, 0xeb, 0x00}},
    {3216u, {0x27, 0xec, 0x00}},
    {3217u, {0x30, 0xec, 0x00}},
    {3218u, {0x3e, 0xec, 0x00}},
    {3219u, {0x61, 0xec, 0x00}},
    {3220u, {0x6e, 0xec, 0x00}},
    {3221u, {0x8c, 0xec, 0x00}},
    {3222u, {0xa8, 0xec, 0x00}},
    {3223u, {0xba, 0xec, 0x00}},
    {3225u, {0xc0, 0xec, 0x00}},
    {3226u, {0xcf, 0xec, 0x00}},
    {3227u, {0xd8, 0xec, 0x00}},
    {3228u, {0xeb, 0xec, 0x00}},
    {3229u, {0x2a, 0xed, 0x00}},
    {3231u, {0x38, 0xed, 0x00}},
    {3232u, {0x4f, 0xed, 0x00}},
    {3233u, {0x56, 0xed, 0x00}},
    {3234u, {0x6c, 0xed, 0x00}},
    {3235u, {0x77, 0xed, 0x00}},
    {3236u, {0x83, 0xed, 0x00}},
    {3237u, {0xa8, 0xed, 0x00}},
    {3238u, {0xc4, 0xed, 0x00}},
    {3239u, {0xcf, 0xed, 0x00}},
    {3240u, {0xe5, 0xed, 0x00}},
    {3241u, {0xf1, 0xed, 0x00}},
    {3242u, {0x14, 0xee, 0x00}},
    {3243u, {0x42, 0xee, 0x00}},
    {3244u, {0x61, 0xee, 0x00}},
    {3245u, {0x79, 0xee, 0x00}},
    {3246u, {0x9e, 0xee, 0x00}},
    {3247u, {0xb2, 0xee, 0x00}},
    {3248u, {0xbc, 0xee, 0x00}},
    {3249u, {0xcd, 0xee, 0x00}},
    {3250u, {0xda, 0xee, 0x00}},
    {3251u, {0xfb, 0xee, 0x00}},
    {3252u, {0x07, 0xef, 0x00}},
    {3253u, {0x31, 0xef, 0x00}},
    {3254u, {0x44, 0xef, 0x00}},
    {3255u, {0x5e, 0xef, 0x00}},
    {3257u, {0x81, 0xef, 0x00}},
    {3258u, {0x94, 0xef, 0x00}},
    {3259u, {0xb5, 0xef, 0x00}},
    {3261u, {0xc5, 0xef, 0x00}},
    {3263u, {0xcf, 0xef, 0x00}},
    {3264u, {0xed, 0xef, 0x00}},
    {3265u, {0x05, 0xf0, 0x00}},
    {3266u, {0x10, 0xf0, 0x00}},
    {3267u, {0x2a, 0xf0, 0x00}},
    {3268u, {0x38, 0xf0, 0x00}},
    {3269u, {0x6b, 0xf0, 0x00}},
    {3270u, {0x85, 0xf0, 0x00}},
    {3271u, {0xa3, 0xf0, 0x00}},
    {3272u, {0xb0, 0xf0, 0x00}},
    {3273u, {0xb9, 0xf0, 0x00}},
    {3274u, {0xd7, 0xf0, 0x00}},
    {3275u, {0xea, 0xf0, 0x00}},
    {3276u, {0x05, 0xf1, 0x00}},
    {3277u, {0x1a, 0xf1, 0x00}},
    {3278u, {0x53, 0xf1, 0x00}},
    {3279u, {0x61, 0xf1, 0x00}},
    {3280u, {0x90, 0xf1, 0x00}},
    {3281u, {0xcb, 0xf1, 0x00}},
    {3282u, {0xe5, 0xf1, 0x00}},
    {3283u, {0xf3, 0xf1, 0x00}},
    {3284u, {0xfd, 0xf1, 0x00}},
    {3285u, {0x1d, 0xf2, 0x00}},
    {3286u, {0x30, 0xf2, 0x00}},
    {3287u, {0x5c, 0xf2, 0x00}},
    {3288u, {0x74, 0xf2, 0x00}},
    {3289u, {0x83, 0xf2, 0x00}},
    {3290u, {0x9c, 0xf2, 0x00}},
    {3291u, {0xab, 0xf2, 0x00}},
    {3292u, {0xc9, 0xf2, 0x00}},
    {3293u, {0xd4, 0xf2, 0x00}},
    {3295u, {0xed, 0xf2, 0x00}},
    {3296u, {0x14, 0xf3, 0x00}},
    {3297u, {0x26, 0xf3, 0x00}},
    {3298u, {0x41, 0xf3, 0x00}},
    {3299u, {0x57, 0xf3, 0x00}},
    {3300u, {0x66, 0xf3, 0x00}},
    {3301u, {0x93, 0xf3, 0x00}},
    {3302u, {0xa9, 0xf3, 0x00}},
    {3303u, {0xb3, 0xf3, 0x00}},
    {3304u, {0xc0, 0xf3, 0x00}},
    {3305u, {0xe4, 0xf3, 0x00}},
    {3306u, {0xfd, 0xf3, 0x00}},
    {3307u, {0x16, 0xf4, 0x00}},
    {3308u, {0x3b, 0xf4, 0x00}},
    {3309u, {0x66, 0xf4, 0x00}},
    {3310u, {0x76, 0xf4, 0x00}},
    {3311u, {0x85, 0xf4, 0x00}},
    {3312u, {0x8f, 0xf4, 0x00}},
    {3313u, {0xba, 0xf4, 0x00}},
    {3315u, {0xc2, 0xf4, 0x00}},
    {3316u, {0xce, 0xf4, 0x00}},
    {3317u, {0xdc, 0xf4, 0x00}},
    {3318u, {0xfe, 0xf4, 0x00}},
    {3319u, {0x11, 0xf5, 0x00}},
    {3320u, {0x28, 0xf5, 0x00}},
    {3321u, {0x3a, 0xf5, 0x00}},
    {3322u, {0x45, 0xf5, 0x00}},
    {3323u, {0x69, 0xf5, 0x00}},
    {3324u, {0x79, 0xf5, 0x00}},
    {3326u, {0x8a, 0xf5, 0x00}},
    {3329u, {0x99, 0xf5, 0x00}},
    {3330u, {0xa0, 0xf5, 0x00}},
    {3331u, {0xc2, 0xf5, 0x00}},
    {3332u, {0xd0, 0xf5, 0x00}},
    {3333u, {0xe3, 0xf5, 0x00}},
    {3334u, {0x09, 0xf6, 0x00}},
    {3335u, {0x1b, 0xf6, 0x00}},
    {3336u, {0x2c, 0xf6, 0x00}},
    {3337u, {0x40, 0xf6, 0x00}},
    {3338u, {0x54, 0xf6, 0x00}},
    {3339u, {0x65, 0xf6, 0x00}},
    {3340u, {0x83, 0xf6, 0x00}},
    {3341u, {0x8f, 0xf6, 0x00}},
    {3342u, {0xb8, 0xf6, 0x00}},
    {3343u, {0xcb, 0xf6, 0x00}},
    {3344u, {0xe7, 0xf6, 0x00}},
    {3346u, {0xff, 0xf6, 0x00}},
    {3347u, {0x14, 0xf7, 0x00}},
    {3348u, {0x30, 0xf7, 0x00}},
    {3349u, {0x4e, 0xf7, 0x00}},
    {3350u, {0x54, 0xf7, 0x00}},
    {3351u, {0x6e, 0xf7, 0x00}},
    {3352u, {0x7a, 0xf7, 0x00}},
    {3353u, {0x89, 0xf7, 0x00}},
    {3354u, {0xa0, 0xf7, 0x00}},
    {3355u, {0xac, 0xf7, 0x00}},
    {3356u, {0xb9, 0xf7, 0x00}},
    {3357u, {0xc5, 0xf7, 0x00}},
    {3358u, {0xda, 0xf7, 0x00}},
    {3359u, {0xeb, 0xf7, 0x00}},
    {3360u, {0xf9, 0xf7, 0x00}},
    {3361u, {0x0c, 0xf8, 0x00}},
    {3362u, {0x21, 0xf8, 0x00}},
    {3363u, {0x32, 0xf8, 0x00}},
    {3364u, {0x5b, 0xf8, 0x00}},
    {3365u, {0x6e, 0xf8, 0x00}},
    {3366u, {0x92, 0xf8, 0x00}},
    {3367u, {0xae, 0xf8, 0x00}},
    {3368u, {0xb8, 0xf8, 0x00}},
    {3369u, {0xd2, 0xf8, 0x00}},
    {3370u, {0xef, 0xf8, 0x00}},
    {3371u, {0x09, 0xf9, 0x00}},
    {3372u, {0x15, 0xf9, 0x00}},
    {3373u, {0x3c, 0xf9, 0x00}},
    {3374u, {0x4c, 0xf9, 0x00}},
    {3375u, {0x72, 0xf9, 0x00}},
    {3376u, {0x8e, 0xf9, 0x00}},
    {3377u, {0xae, 0xf9, 0x00}},
    {3378u, {0xbd, 0xf9, 0x00}},
    {3379u, {0xca, 0xf9, 0x00}},
    {3380u, {0xde, 0xf9, 0x00}},
    {3381u, {0x03, 0xfa, 0x00}},
    {3382u, {0x25, 0xfa, 0x00}},
    {3383u, {0x4c, 0xfa, 0x00}},
    {3384u, {0x58, 0xfa, 0x00}},
    {3386u, {0x60, 0xfa, 0x00}},
    {3387u, {0x75, 0xfa, 0x00}},
    {3388u, {0x8e, 0xfa, 0x00}},
    {3389u, {0xa9, 0xfa, 0x00}},
    {3390u, {0xb7, 0xfa, 0x00}},
    {3391u, {0xc6, 0xfa, 0x00}},
    {3392u, {0xdb, 0xfa, 0x00}},
    {3393u, {0xf6, 0xfa, 0x00}},
    {3394u, {0x06, 0xfb, 0x00}},
    {3395u, {0x24, 0xfb, 0x00}},
    {3396u, {0x47, 0xfb, 0x00}},
    {3397u, {0x57, 0xfb, 0x00}},
    {3398u, {0x63, 0xfb, 0x00}},
    {3399u, {0x83, 0xfb, 0x00}},
    {3400u, {0xa5, 0xfb, 0x00}},
    {3401u, {0xb1, 0xfb, 0x00}},
    {3402u, {0xda, 0xfb, 0x00}},
    {3403u, {0xf2, 0xfb, 0x00}},
    {3405u, {0x09, 0xfc, 0x00}},
    {3406u, {0x14, 0xfc, 0x00}},
    {3407u, {0x34, 0xfc, 0x00}},
    {3408u, {0x40, 0xfc, 0x00}},
    {3409u, {0x64, 0xfc, 0x00}},
    {3410u, {0x71, 0xfc, 0x00}},
    {3411u, {0x89, 0xfc, 0x00}},
    {3412u, {0x9f, 0xfc, 0x00}},
    {3413u, {0xb2, 0xfc, 0x00}},
    {3414u, {0xc8, 0xfc, 0x00}},
    {3415u, {0xd8, 0xfc, 0x00}},
    {3416u, {0x08, 0xfd, 0x00}},
    {3417u, {0x1c, 0xfd, 0x00}},
    {3418u, {0x42, 0xfd, 0x00}},
    {3419u, {0x55, 0xfd, 0x00}},
    {3421u, {0x6c, 0xfd, 0x00}},
    {3422u, {0x79, 0xfd, 0x00}},
    {3423u, {0x84, 0xfd, 0x00}},
    {3424u, {0xb2, 0xfd, 0x00}},
    {3425u, {0xd2, 0xfd, 0x00}},
    {3426u, {0xff, 0xfd, 0x00}},
    {3427u, {0x0e, 0xfe, 0x00}},
    {3428u, {0x19, 0xfe, 0x00}},
    {3429u, {0x21, 0xfe, 0x00}},
    {3430u, {0x3a, 0xfe, 0x00}},
    {3431u, {0x52, 0xfe, 0x00}},
    {3432u, {0x83, 0xfe, 0x00}},
    {3433u, {0x94, 0xfe, 0x00}},
    {3434u, {0xb4, 0xfe, 0x00}},
    {3435u, {0xc6, 0xfe, 0x00}},
    {3437u, {0xe6, 0xfe, 0x00}},
    {3438u, {0xf2, 0xfe, 0x00}},
    {3439u, {0x0b, 0xff, 0x00}},
    {3440u, {0x30, 0xff, 0x00}},
    {3441u, {0x39, 0xff, 0x00}},
    {3442u, {0x46, 0xff, 0x00}},
    {3443u, {0x65, 0xff, 0x00}},
    {3444u, {0x7c, 0xff, 0x00}},
    {3445u, {0x89, 0xff, 0x00}},
    {3446u, {0xac, 0xff, 0x00}},
    {3447u, {0xbc, 0xff, 0x00}},
    {3448u, {0xcc, 0xff, 0x00}},
    {3449u, {0xdd, 0xff, 0x00}},
    {3450u, {0xf2, 0xff, 0x00}},
    {3451u, {0x08, 0x00, 0x01}},
    {3452u, {0x14, 0x00, 0x01}},
    {3453u, {0x4a, 0x00, 0x01}},
    {3454u, {0x5b, 0x00, 0x01}},
    {3455u, {0x74, 0x00, 0x01}},
    {3456u, {0x7b, 0x00, 0x01}},
    {3457u, {0x87, 0x00, 0x01}},
    {3458u, {0xa2, 0x00, 0x01}},
    {3459u, {0xa8, 0x00, 0x01}},
    {3460u, {0xde, 0x00, 0x01}},
    {3461u, {0xf2, 0x00, 0x01}},
    {3462u, {0x0d, 0x01, 0x01}},
    {3463u, {0x27, 0x01, 0x01}},
    {3465u, {0x4c, 0x01, 0x01}},
    {3466u, {0x59, 0x01, 0x01}},
    {3467u, {0x6e, 0x01, 0x01}},
    {3468u, {0x88, 0x01, 0x01}},
    {3469u, {0xae, 0x01, 0x01}},
    {3470u, {0xc5, 0x01, 0x01}},
    {3471u, {0xd9, 0x01, 0x01}},
    {3472u, {0xf0, 0x01, 0x01}},
    {3473u, {0xf9, 0x01, 0x01}},
    {3474u, {0x06, 0x02, 0x01}},
    {3475u, {0x1c, 0x02, 0x01}},
    {3477u, {0x2d, 0x02, 0x01}},
    {3478u, {0x4c, 0x02, 0x01}},
    {3479u, {0x6e, 0x02, 0x01}},
    {3480u, {0x92, 0x02, 0x01}},
    {3481u, {0xa7, 0x02, 0x01}},
    {3482u, {0xb2, 0x02, 0x01}},
    {3483u, {0xe0, 0x02, 0x01}},
    {3484u, {0xec, 0x02, 0x01}},
    {3485u, {0x06, 0x03, 0x01}},
    {3486u, {0x11, 0x03, 0x01}},
    {3487u, {0x26, 0x03, 0x01}},
    {3488u, {0x32, 0x03, 0x01}},
    {3489u, {0x3a, 0x03, 0x01}},
    {3490u, {0x4b, 0x03, 0x01}},
    {3491u, {0x58, 0x03, 0x01}},
    {3492u, {0x66, 0x03, 0x01}},
    {3493u, {0x70, 0x03, 0x01}},
    {3494u, {0x83, 0x03, 0x01}},
    {3495u, {0x97, 0x03, 0x01}},
    {3496u, {0xae, 0x03, 0x01}},
    {3497u, {0xbc, 0x03, 0x01}},
    {3498u, {0xce, 0x03, 0x01}},
    {3499u, {0xf4, 0x03, 0x01}},
    {3500u, {0xfb, 0x03, 0x01}},
    {3502u, {0x12, 0x04, 0x01}},
    {3503u, {0x24, 0x04, 0x01}},
    {3504u, {0x3c, 0x04, 0x01}},
    {3505u, {0x57, 0x04, 0x01}},
    {3506u, {0x7c, 0x04, 0x01}},
    {3507u, {0x86, 0x04, 0x01}},
    {3508u, {0xac, 0x04, 0x01}},
    {3509u, {0xc5, 0x04, 0x01}},
    {3510u, {0xcd, 0x04, 0x01}},
    {3511u, {0xe7, 0x04, 0x01}},
    {3512u, {0xff, 0x04, 0x01}},
    {3513u, {0x2f, 0x05, 0x01}},
    {3514u, {0x3f, 0x05, 0x01}},
    {3515u, {0x54, 0x05, 0x01}},
    {3516u, {0x74, 0x05, 0x01}},
    {3517u, {0x98, 0x05, 0x01}},
    {3518u, {0x9f, 0x05, 0x01}},
    {3519u, {0xb5, 0x05, 0x01}},
    {3520u, {0xc7, 0x05, 0x01}},
    {3521u, {0xf8, 0x05, 0x01}},
    {3522u, {0x0e, 0x06, 0x01}},
    {3523u, {0x22, 0x06, 0x01}},
    {3524u, {0x3c, 0x06, 0x01}},
    {3525u, {0x6f, 0x06, 0x01}},
    {3526u, {0x73, 0x06, 0x01}},
    {3527u, {0x7a, 0x06, 0x01}},
    {3528u, {0x93, 0x06, 0x01}},
    {3529u, {0xb0, 0x06, 0x01}},
    {3530u, {0xc0, 0x06, 0x01}},
    {3531u, {0xe5, 0x06, 0x01}},
    {3532u, {0xf0, 0x06, 0x01}},
    {3533u, {0xfc, 0x06, 0x01}},
    {3534u, {0x09, 0x07, 0x01}},
    {3535u, {0x44, 0x07, 0x01}},
    {3536u, {0x57, 0x07, 0x01}},
    {3537u, {0x5d, 0x07, 0x01}},
    {3538u, {0x71, 0x07, 0x01}},
    {3539u, {0x84, 0x07, 0x01}},
    {3540u, {0xa1, 0x07, 0x01}},
    {3541u, {0xb5, 0x07, 0x01}},
    {3542u, {0xbe, 0x07, 0x01}},
    {3543u, {0xd4, 0x07, 0x01}},
    {3545u, {0xed, 0x07, 0x01}},
    {3546u, {0x02, 0x08, 0x01}},
    {3547u, {0x15, 0x08, 0x01}},
    {3548u, {0x28, 0x08, 0x01}},
    {3549u, {0x73, 0x08, 0x01}},
    {3550u, {0x7d, 0x08, 0x01}},
    {3551u, {0x9f, 0x08, 0x01}},
    {3552u, {0xc2, 0x08, 0x01}},
    {3553u, {0xd1, 0x08, 0x01}},
    {3554u, {0xf0, 0x08, 0x01}},
    {3555u, {0x02, 0x09, 0x01}},
    {3556u, {0x1c, 0x09, 0x01}},
    {3557u, {0x28, 0x09, 0x01}},
    {3558u, {0x41, 0x09, 0x01}},
    {3559u, {0x58, 0x09, 0x01}},
    {3560u, {0x72, 0x09, 0x01}},
    {3561u, {0x7f, 0x09, 0x01}},
    {3562u, {0x92, 0x09, 0x01}},
    {3563u, {0xaa, 0x09, 0x01}},
    {3564u, {0xb4, 0x09, 0x01}},
    {3565u, {0xd1, 0x09, 0x01}},
    {3566u, {0xe1, 0x09, 0x01}},
    {3567u, {0xf1, 0x09, 0x01}},
    {3568u, {0x1d, 0x0a, 0x01}},
    {3569u, {0x38, 0x0a, 0x01}},
    {3570u, {0x5e, 0x0a, 0x01}},
    {3571u, {0x79, 0x0a, 0x01}},
    {3572u, {0x91, 0x0a, 0x01}},
    {3573u, {0xa3, 0x0a, 0x01}},
    {3574u, {0xb8, 0x0a, 0x01}},
    {3575u, {0xc9, 0x0a, 0x01}},
    {3576u, {0xf6, 0x0a, 0x01}},
    {3577u, {0x1e, 0x0b, 0x01}},
    {3578u, {0x36, 0x0b, 0x01}},
    {3579u, {0x60, 0x0b, 0x01}},
    {3580u, {0x9a, 0x0b, 0x01}},
    {3581u, {0xbf, 0x0b, 0x01}},
    {3582u, {0xcf, 0x0b, 0x01}},
    {3583u, {0xdd, 0x0b, 0x01}},
    {3584u, {0xeb, 0x0b, 0x01}},
    {3585u, {0x1d, 0x0c, 0x01}},
    {3586u, {0x3e, 0x0c, 0x01}},
    {3587u, {0x51, 0x0c, 0x01}},
    {3588u, {0x73, 0x0c, 0x01}},
    {3589u, {0x7b, 0x0c, 0x01}},
    {3590u, {0x95, 0x0c, 0x01}},
    {3591u, {0xa1, 0x0c, 0x01}},
    {3592u, {0xaf, 0x0c, 0x01}},
    {3593u, {0xc2, 0x0c, 0x01}},
    {3595u, {0xd7, 0x0c, 0x01}},
    {3596u, {0xf6, 0x0c, 0x01}},
    {3597u, {0x14, 0x0d, 0x01}},
    {3599u, {0x27, 0x0d, 0x01}},
    {3600u, {0x43, 0x0d, 0x01}},
    {3601u, {0x54, 0x0d, 0x01}},
    {3602u, {0x6a, 0x0d, 0x01}},
    {3603u, {0x91, 0x0d, 0x01}},
    {3604u, {0x99, 0x0d, 0x01}},
    {3605u, {0xc6, 0x0d, 0x01}},
    {3606u, {0xde, 0x0d, 0x01}},
    {3607u, {0x0d, 0x0e, 0x01}},
    {3608u, {0x26, 0x0e, 0x01}},
    {3609u, {0x4c, 0x0e, 0x01}},
    {3610u, {0x66, 0x0e, 0x01}},
    {3611u, {0x73, 0x0e, 0x01}},
    {3612u, {0x8c, 0x0e, 0x01}},
    {3613u, {0xa7, 0x0e, 0x01}},
    {3614u, {0xb2, 0x0e, 0x01}},
    {3615u, {0xc8, 0x0e, 0x01}},
    {3616u, {0xd3, 0x0e, 0x01}},
    {3617u, {0xfb, 0x0e, 0x01}},
    {3618u, {0x00, 0x0f, 0x01}},
    {3619u, {0x09, 0x0f, 0x01}},
    {3620u, {0x2a, 0x0f, 0x01}},
    {3621u, {0x3e, 0x0f, 0x01}},
    {3622u, {0x6e, 0x0f, 0x01}},
    {3623u, {0x8c, 0x0f, 0x01}},
    {3624u, {0x9c, 0x0f, 0x01}},
    {3625u, {0xaa, 0x0f, 0x01}},
    {3626u, {0xbf, 0x0f, 0x01}},
    {3627u, {0xec, 0x0f, 0x01}},
    {3628u, {0xfe, 0x0f, 0x01}},
    {3629u, {0x14, 0x10, 0x01}},
    {3630u, {0x30, 0x10, 0x01}},
    {3631u, {0x49, 0x10, 0x01}},
    {3632u, {0x4e, 0x10, 0x01}},
    {3633u, {0x66, 0x10, 0x01}},
    {3634u, {0x7d, 0x10, 0x01}},
    {3635u, {0x9a, 0x10, 0x01}},
    {3636u, {0xa6, 0x10, 0x01}},
    {3637u, {0xc5, 0x10, 0x01}},
    {3638u, {0xd3, 0x10, 0x01}},
    {3639u, {0xe9, 0x10, 0x01}},
    {3640u, {0x20, 0x11, 0x01}},
    {3641u, {0x2a, 0x11, 0x01}},
    {3642u, {0x4d, 0x11, 0x01}},
    {3643u, {0x5b, 0x11, 0x01}},
    {3644u, {0x7f, 0x11, 0x01}},
    {3645u, {0x88, 0x11, 0x01}},
    {3646u, {0x95, 0x11, 0x01}},
    {3647u, {0x9c, 0x11, 0x01}},
    {3648u, {0xaf, 0x11, 0x01}},
    {3649u, {0xbc, 0x11, 0x01}},
    {3650u, {0xd2, 0x11, 0x01}},
    {3651u, {0xed, 0x11, 0x01}},
    {3652u, {0x12, 0x12, 0x01}},
    {3653u, {0x1c, 0x12, 0x01}},
    {3654u, {0x25, 0x12, 0x01}},
    {3655u, {0x2e, 0x12, 0x01}},
    {3656u, {0x45, 0x12, 0x01}},
    {3657u, {0x7a, 0x12, 0x01}},
    {3658u, {0xaf, 0x12, 0x01}},
    {3659u, {0xc7, 0x12, 0x01}},
    {3660u, {0xea, 0x12, 0x01}},
    {3661u, {0x10, 0x13, 0x01}},
    {3662u, {0x1f, 0x13, 0x01}},
    {3663u, {0x28, 0x13, 0x01}},
    {3664u, {0x47, 0x13, 0x01}},
    {3665u, {0x78, 0x13, 0x01}},
    {3666u, {0x91, 0x13, 0x01}},
    {3667u, {0x9d, 0x13, 0x01}},
    {3668u, {0xa5, 0x13, 0x01}},
    {3669u, {0xbb, 0x13, 0x01}},
    {3670u, {0xd9, 0x13, 0x01}},
    {3671u, {0xee, 0x13, 0x01}},
    {3672u, {0xfa, 0x13, 0x01}},
    {3673u, {0x10, 0x14, 0x01}},
    {3674u, {0x26, 0x14, 0x01}},
    {3675u, {0x52, 0x14, 0x01}},
    {3676u, {0x73, 0x14, 0x01}},
    {3677u, {0x7e, 0x14, 0x01}},
    {3678u, {0x99, 0x14, 0x01}},
    {3679u, {0xac, 0x14, 0x01}},
    {3680u, {0xb4, 0x14, 0x01}},
    {3681u, {0xc8, 0x14, 0x01}},
    {3682u, {0xee, 0x14, 0x01}},
    {3683u, {0xfb, 0x14, 0x01}},
    {3684u, {0x0a, 0x15, 0x01}},
    {3685u, {0x2f, 0x15, 0x01}},
    {3686u, {0x46, 0x15, 0x01}},
    {3687u, {0x6b, 0x15, 0x01}},
    {3689u, {0x7d, 0x15, 0x01}},
    {3690u, {0xa6, 0x15, 0x01}},
    {3691u, {0xb1, 0x15, 0x01}},
    {3692u, {0xe4, 0x15, 0x01}},
    {3695u, {0xef, 0x15, 0x01}},
    {3696u, {0xff, 0x15, 0x01}},
    {3697u, {0x0e, 0x16, 0x01}},
    {3699u, {0x1d, 0x16, 0x01}},
    {3700u, {0x5f, 0x16, 0x01}},
    {3701u, {0x70, 0x16, 0x01}},
    {3702u, {0x9a, 0x16, 0x01}},
    {3703u, {0xcb, 0x16, 0x01}},
    {3704u, {0xdd, 0x16, 0x01}},
    {3705u, {0x06, 0x17, 0x01}},
    {3706u, {0x17, 0x17, 0x01}},
    {3707u, {0x21, 0x17, 0x01}},
    {3708u, {0x2a, 0x17, 0x01}},
    {3709u, {0x35, 0x17, 0x01}},
    {3710u, {0x64, 0x17, 0x01}},
    {3711u, {0x78, 0x17, 0x01}},
    {3712u, {0x83, 0x17, 0x01}},
    {3713u, {0x9a, 0x17, 0x01}},
    {3714u, {0xc9, 0x17, 0x01}},
    {3715u, {0xe0, 0x17, 0x01}},
    {3716u, {0xee, 0x17, 0x01}},
    {3717u, {0xfe, 0x17, 0x01}},
    {3718u, {0x0f, 0x18, 0x01}},
    {3719u, {0x43, 0x18, 0x01}},
    {3720u, {0x5b, 0x18, 0x01}},
    {3721u, {0x71, 0x18, 0x01}},
    {3722u, {0x79, 0x18, 0x01}},
    {3723u, {0x91, 0x18, 0x01}},
    {3724u, {0x9b, 0x18, 0x01}},
    {3725u, {0xb7, 0x18, 0x01}},
    {3726u, {0xde, 0x18, 0x01}},
    {3727u, {0xe9, 0x18, 0x01}},
    {3728u, {0xfb, 0x18, 0x01}},
    {3729u, {0x15, 0x19, 0x01}},
    {3730u, {0x23, 0x19, 0x01}},
    {3731u, {0x2c, 0x19, 0x01}},
    {3732u, {0x41, 0x19, 0x01}},
    {3733u, {0x49, 0x19, 0x01}},
    {3734u, {0x57, 0x19, 0x01}},
    {3735u, {0x65, 0x19, 0x01}},
    {3736u, {0x74, 0x19, 0x01}},
    {3737u, {0x83, 0x19, 0x01}},
    {3738u, {0x93, 0x19, 0x01}},
    {3739u, {0x9e, 0x19, 0x01}},
    {3740u, {0xc5, 0x19, 0x01}},
    {3741u, {0xda, 0x19, 0x01}},
    {3742u, {0xe6, 0x19, 0x01}},
    {3743u, {0x05, 0x1a, 0x01}},
    {3744u, {0x1a, 0x1a, 0x01}},
    {3745u, {0x2a, 0x1a, 0x01}},
    {3746u, {0x49, 0x1a, 0x01}},
    {3747u, {0x57, 0x1a, 0x01}},
    {3748u, {0x6d, 0x1a, 0x01}},
    {3750u, {0x8e, 0x1a, 0x01}},
    {3751u, {0x9a, 0x1a, 0x01}},
    {3752u, {0xa9, 0x1a, 0x01}},
    {3753u, {0xcf, 0x1a, 0x01}},
    {3755u, {0xe2, 0x1a, 0x01}},
    {3756u, {0xf3, 0x1a, 0x01}},
    {3757u, {0x0b, 0x1b, 0x01}},
    {3758u, {0x1c, 0x1b, 0x01}},
    {3759u, {0x4b, 0x1b, 0x01}},
    {3760u, {0x5f, 0x1b, 0x01}},
    {3761u, {0x6c, 0x1b, 0x01}},
    {3762u, {0x7c, 0x1b, 0x01}},
    {3763u, {0x92, 0x1b, 0x01}},
    {3764u, {0xa2, 0x1b, 0x01}},
    {3765u, {0xb4, 0x1b, 0x01}},
    {3766u, {0xce, 0x1b, 0x01}},
    {3767u, {0xe4, 0x1b, 0x01}},
    {3770u, {0xfb, 0x1b, 0x01}},
    {3771u, {0x06, 0x1c, 0x01}},
    {3772u, {0x1b, 0x1c, 0x01}},
    {3773u, {0x3e, 0x1c, 0x01}},
    {3774u, {0x6d, 0x1c, 0x01}},
    {3775u, {0x8b, 0x1c, 0x01}},
    {3776u, {0xa1, 0x1c, 0x01}},
    {3777u, {0xaf, 0x1c, 0x01}},
    {3778u, {0xb9, 0x1c, 0x01}},
    {3779u, {0xcb, 0x1c, 0x01}},
    {3780u, {0xe1, 0x1c, 0x01}},
    {3781u, {0x07, 0x1d, 0x01}},
    {3782u, {0x21, 0x1d, 0x01}},
    {3783u, {0x2f, 0x1d, 0x01}},
    {3784u, {0x44, 0x1d, 0x01}},
    {3785u, {0x4e, 0x1d, 0x01}},
    {3786u, {0x5c, 0x1d, 0x01}},
    {3787u, {0x67, 0x1d, 0x01}},
    {3788u, {0x9c, 0x1d, 0x01}},
    {3789u, {0xc1, 0x1d, 0x01}},
    {3790u, {0xcd, 0x1d, 0x01}},
    {3791u, {0xf6, 0x1d, 0x01}},
    {3792u, {0x09, 0x1e, 0x01}},
    {3793u, {0x16, 0x1e, 0x01}},
    {3794u, {0x2f, 0x1e, 0x01}},
    {3795u, {0x54, 0x1e, 0x01}},
    {3796u, {0x6c, 0x1e, 0x01}},
    {3797u, {0x84, 0x1e, 0x01}},
    {3798u, {0xa0, 0x1e, 0x01}},
    {3799u, {0xbc, 0x1e, 0x01}},
    {3800u, {0xd8, 0x1e, 0x01}},
    {3801u, {0xe7, 0x1e, 0x01}},
    {3802u, {0x01, 0x1f, 0x01}},
    {3803u, {0x0d, 0x1f, 0x01}},
    {3804u, {0x24, 0x1f, 0x01}},
    {3805u, {0x48, 0x1f, 0x01}},
    {3806u, {0x59, 0x1f, 0x01}},
    {3807u, {0x72, 0x1f, 0x01}},
    {3808u, {0x7f, 0x1f, 0x01}},
    {3809u, {0x9d, 0x1f, 0x01}},
    {3810u, {0xae, 0x1f, 0x01}},
    {3811u, {0xd4, 0x1f, 0x01}},
    {3812u, {0xe5, 0x1f, 0x01}},
    {3813u, {0xf2, 0x1f, 0x01}},
    {3814u, {0x04, 0x20, 0x01}},
    {3815u, {0x18, 0x20, 0x01}},
    {3816u, {0x38, 0x20, 0x01}},
    {3817u, {0x48, 0x20, 0x01}},
    {3818u, {0x6d, 0x20, 0x01}},
    {3819u, {0x7e, 0x20, 0x01}},
    {3820u, {0x99, 0x20, 0x01}},
    {3821u, {0xb3, 0x20, 0x01}},
    {3822u, {0xc2, 0x20, 0x01}},
    {3823u, {0xe4, 0x20, 0x01}},
    {3824u, {0xf6, 0x20, 0x01}},
    {3825u, {0x09, 0x21, 0x01}},
    {3827u, {0x20, 0x21, 0x01}},
    {3829u, {0x29, 0x21, 0x01}},
    {3830u, {0x3f, 0x21, 0x01}},
    {3831u, {0x6e, 0x21, 0x01}},
    {3832u, {0x87, 0x21, 0x01}},
    {3833u, {0xa3, 0x21, 0x01}},
    {3834u, {0xb2, 0x21, 0x01}},
    {3835u, {0xc2, 0x21, 0x01}},
    {3836u, {0xd4, 0x21, 0x01}},
    {3837u, {0xe3, 0x21, 0x01}},
    {3838u, {0xef, 0x21, 0x01}},
    {3839u, {0x0a, 0x22, 0x01}},
    {3840u, {0x28, 0x22, 0x01}},
    {3841u, {0x39, 0x22, 0x01}},
    {3842u, {0x5b, 0x22, 0x01}},
    {3843u, {0x7b, 0x22, 0x01}},
    {3844u, {0x86, 0x22, 0x01}},
    {3845u, {0x9a, 0x22, 0x01}},
    {3846u, {0xbd, 0x22, 0x01}},
    {3847u, {0xe0, 0x22, 0x01}},
    {3848u, {0xf9, 0x22, 0x01}},
    {3849u, {0x09, 0x23, 0x01}},
    {3850u, {0x1b, 0x23, 0x01}},
    {3851u, {0x2c, 0x23, 0x01}},
    {3852u, {0x6b, 0x23, 0x01}},
    {3853u, {0x99, 0x23, 0x01}},
    {3854u, {0xb0, 0x23, 0x01}},
    {3855u, {0xd5, 0x23, 0x01}},
    {3856u, {0xe0, 0x23, 0x01}},
    {3857u, {0x16, 0x24, 0x01}},
    {3858u, {0x29, 0x24, 0x01}},
    {3859u, {0x38, 0x24, 0x01}},
    {3860u, {0x44, 0x24, 0x01}},
    {3861u, {0x51, 0x24, 0x01}},
    {3862u, {0x62, 0x24, 0x01}},
    {3863u, {0x77, 0x24, 0x01}},
    {3864u, {0x8b, 0x24, 0x01}},
    {3865u, {0x99, 0x24, 0x01}},
    {3866u, {0xc0, 0x24, 0x01}},
    {3867u, {0xd2, 0x24, 0x01}},
    {3868u, {0xe3, 0x24, 0x01}},
    {3869u, {0xfc, 0x24, 0x01}},
    {3870u, {0x24, 0x25, 0x01}},
    {3871u, {0x2f, 0x25, 0x01}},
    {3872u, {0x52, 0x25, 0x01}},
    {3873u, {0x7f, 0x25, 0x01}},
    {3874u, {0x8c, 0x25, 0x01}},
    {3875u, {0xac, 0x25, 0x01}},
    {3876u, {0xd4, 0x25, 0x01}},
    {3877u, {0xeb, 0x25, 0x01}},
    {3878u, {0x1a, 0x26, 0x01}},
    {3879u, {0x32, 0x26, 0x01}},
    {3880u, {0x51, 0x26, 0x01}},
    {3881u, {0x64, 0x26, 0x01}},
    {3882u, {0x7a, 0x26, 0x01}},
    {3883u, {0x95, 0x26, 0x01}},
    {3884u, {0xa9, 0x26, 0x01}},
    {3885u, {0xbb, 0x26, 0x01}},
    {3886u, {0xca, 0x26, 0x01}},
    {3887u, {0xe6, 0x26, 0x01}},
    {3888u, {0xf6, 0x26, 0x01}},
    {3889u, {0x08, 0x27, 0x01}},
    {3890u, {0x28, 0x27, 0x01}},
    {3891u, {0x3b, 0x27, 0x01}},
    {3892u, {0x42, 0x27, 0x01}},
    {3893u, {0x67, 0x27, 0x01}},
    {3894u, {0x72, 0x27, 0x01}},
    {3895u, {0x8c, 0x27, 0x01}},
    {3896u, {0xa5, 0x27, 0x01}},
    {3897u, {0xbe, 0x27, 0x01}},
    {3898u, {0xca, 0x27, 0x01}},
    {3899u, {0xe7, 0x27, 0x01}},
    {3900u, {0xfd, 0x27, 0x01}},
    {3901u, {0x1d, 0x28, 0x01}},
    {3902u, {0x30, 0x28, 0x01}},
    {3903u, {0x43, 0x28, 0x01}},
    {3904u, {0x5f, 0x28, 0x01}},
    {3905u, {0x7a, 0x28, 0x01}},
    {3906u, {0x84, 0x28, 0x01}},
    {3907u, {0x9e, 0x28, 0x01}},
    {3908u, {0xc8, 0x28, 0x01}},
    {3909u, {0xf4, 0x28, 0x01}},
    {3910u, {0x08, 0x29, 0x01}},
    {3911u, {0x39, 0x29, 0x01}},
    {3913u, {0x52, 0x29, 0x01}},
    {3914u, {0x5b, 0x29, 0x01}},
    {3915u, {0x79, 0x29, 0x01}},
    {3916u, {0x89, 0x29, 0x01}},
    {3917u, {0xa6, 0x29, 0x01}},
    {3918u, {0xb1, 0x29, 0x01}},
    {3919u, {0xe8, 0x29, 0x01}},
    {3920u, {0xf6, 0x29, 0x01}},
    {3921u, {0x17, 0x2a, 0x01}},
    {3922u, {0x44, 0x2a, 0x01}},
    {3923u, {0x66, 0x2a, 0x01}},
    {3924u, {0x7e, 0x2a, 0x01}},
    {3925u, {0x99, 0x2a, 0x01}},
    {3926u, {0xa6, 0x2a, 0x01}},
    {3927u, {0xc2, 0x2a, 0x01}},
    {3928u, {0xda, 0x2a, 0x01}},
    {3929u, {0x00, 0x2b, 0x01}},
    {3930u, {0x18, 0x2b, 0x01}},
    {3931u, {0x29, 0x2b, 0x01}},
    {3932u, {0x5a, 0x2b, 0x01}},
    {3933u, {0x7a, 0x2b, 0x01}},
    {3934u, {0x88, 0x2b, 0x01}},
    {3935u, {0xb4, 0x2b, 0x01}},
    {3937u, {0xbf, 0x2b, 0x01}},
    {3938u, {0xd2, 0x2b, 0x01}},
    {3939u, {0xef, 0x2b, 0x01}},
    {3940u, {0xfc, 0x2b, 0x01}},
    {3941u, {0x09, 0x2c, 0x01}},
    {3942u, {0x12, 0x2c, 0x01}},
    {3943u, {0x21, 0x2c, 0x01}},
    {3944u, {0x46, 0x2c, 0x01}},
    {3945u, {0x4d, 0x2c, 0x01}},
    {3946u, {0x68, 0x2c, 0x01}},
    {3947u, {0x79, 0x2c, 0x01}},
    {3948u, {0x86, 0x2c, 0x01}},
    {3949u, {0x92, 0x2c, 0x01}},
    {3950u, {0xa1, 0x2c, 0x01}},
    {3951u, {0xba, 0x2c, 0x01}},
    {3952u, {0xca, 0x2c, 0x01}},
    {3953u, {0xf0, 0x2c, 0x01}},
    {3954u, {0xfc, 0x2c, 0x01}},
    {3955u, {0x0b, 0x2d, 0x01}},
    {3956u, {0x18, 0x2d, 0x01}},
    {3957u, {0x28, 0x2d, 0x01}},
    {3958u, {0x41, 0x2d, 0x01}},
    {3959u, {0x4c, 0x2d, 0x01}},
    {3960u, {0x61, 0x2d, 0x01}},
    {3961u, {0x6c, 0x2d, 0x01}},
    {3962u, {0x9b, 0x2d, 0x01}},
    {3963u, {0xcb, 0x2d, 0x01}},
    {3964u, {0xd9, 0x2d, 0x01}},
    {3965u, {0xe4, 0x2d, 0x01}},
    {3966u, {0xec, 0x2d, 0x01}},
    {3967u, {0x10, 0x2e, 0x01}},
    {3968u, {0x23, 0x2e, 0x01}},
    {3969u, {0x42, 0x2e, 0x01}},
    {3970u, {0x5d, 0x2e, 0x01}},
    {3971u, {0x6a, 0x2e, 0x01}},
    {3972u, {0x79, 0x2e, 0x01}},
    {3973u, {0x88, 0x2e, 0x01}},
    {3974u, {0xb4, 0x2e, 0x01}},
    {3975u, {0xc6, 0x2e, 0x01}},
    {3976u, {0xd3, 0x2e, 0x01}},
    {3977u, {0xe9, 0x2e, 0x01}},
    {3978u, {0x02, 0x2f, 0x01}},
    {3979u, {0x11, 0x2f, 0x01}},
    {3980u, {0x28, 0x2f, 0x01}},
    {3981u, {0x3c, 0x2f, 0x01}},
    {3982u, {0x4c, 0x2f, 0x01}},
    {3983u, {0x57, 0x2f, 0x01}},
    {3984u, {0x6f, 0x2f, 0x01}},
    {3985u, {0x93, 0x2f, 0x01}},
    {3986u, {0xb1, 0x2f, 0x01}},
    {3987u, {0xc3, 0x2f, 0x01}},
    {3988u, {0xd6, 0x2f, 0x01}},
    {3989u, {0xe8, 0x2f, 0x01}},
    {3990u, {0x1f, 0x30, 0x01}},
    {3991u, {0x2d, 0x30, 0x01}},
    {3992u, {0x47, 0x30, 0x01}},
    {3993u, {0x53, 0x30, 0x01}},
    {3994u, {0x64, 0x30, 0x01}},
    {3995u, {0x8b, 0x30, 0x01}},
    {3996u, {0xa7, 0x30, 0x01}},
    {3997u, {0xc0, 0x30, 0x01}},
    {3998u, {0xcd, 0x30, 0x01}},
    {3999u, {0xe0, 0x30, 0x01}},
    {4000u, {0xfb, 0x30, 0x01}},
    {4001u, {0x02, 0x31, 0x01}},
    {4002u, {0x20, 0x31, 0x01}},
    {4003u, {0x36, 0x31, 0x01}},
    {4004u, {0x54, 0x31, 0x01}},
    {4005u, {0x5d, 0x31, 0x01}},
    {4006u, {0x72, 0x31, 0x01}},
    {4007u, {0x87, 0x31, 0x01}},
    {4008u, {0x97, 0x31, 0x01}},
    {4009u, {0xba, 0x31, 0x01}},
    {4010u, {0xce, 0x31, 0x01}},
    {4011u, {0xf0, 0x31, 0x01}},
    {4012u, {0x0d, 0x32, 0x01}},
    {4013u, {0x1f, 0x32, 0x01}},
    {4014u, {0x32, 0x32, 0x01}},
    {4015u, {0x3b, 0x32, 0x01}},
    {4016u, {0x51, 0x32, 0x01}},
    {4017u, {0x69, 0x32, 0x01}},
    {4018u, {0x77, 0x32, 0x01}},
    {4019u, {0x82, 0x32, 0x01}},
    {4020u, {0x98, 0x32, 0x01}},
    {4021u, {0xa5, 0x32, 0x01}},
    {4022u, {0xcc, 0x32, 0x01}},
    {4023u, {0xdc, 0x32, 0x01}},
    {4024u, {0xef, 0x32, 0x01}},
    {4025u, {0x11, 0x33, 0x01}},
    {4026u, {0x35, 0x33, 0x01}},
    {4027u, {0x60, 0x33, 0x01}},
    {4028u, {0x76, 0x33, 0x01}},
    {4029u, {0x8c, 0x33, 0x01}},
    {4030u, {0xa1, 0x33, 0x01}},
    {4031u, {0xaa, 0x33, 0x01}},
    {4032u, {0xb8, 0x33, 0x01}},
    {4033u, {0xd8, 0x33, 0x01}},
    {4034u, {0xf5, 0x33, 0x01}},
    {4035u, {0x01, 0x34, 0x01}},
    {4036u, {0x1b, 0x34, 0x01}},
    {4037u, {0x47, 0x34, 0x01}},
    {4038u, {0x5b, 0x34, 0x01}},
    {4039u, {0x6c, 0x34, 0x01}},
    {4040u, {0x78, 0x34, 0x01}},
    {4041u, {0x97, 0x34, 0x01}},
    {4042u, {0xa8, 0x34, 0x01}},
    {4043u, {0xbb, 0x34, 0x01}},
    {4044u, {0xce, 0x34, 0x01}},
    {4045u, {0xe4, 0x34, 0x01}},
    {4046u, {0x08, 0x35, 0x01}},
    {4047u, {0x13, 0x35, 0x01}},
    {4048u, {0x1e, 0x35, 0x01}},
    {4049u, {0x2e, 0x35, 0x01}},
    {4050u, {0x3b, 0x35, 0x01}},
    {4051u, {0x4a, 0x35, 0x01}},
    {4052u, {0x59, 0x35, 0x01}},
    {4053u, {0x66, 0x35, 0x01}},
    {4054u, {0x73, 0x35, 0x01}},
    {4055u, {0x7a, 0x35, 0x01}},
    {4056u, {0x88, 0x35, 0x01}},
    {4057u, {0x9c, 0x35, 0x01}},
    {4058u, {0xad, 0x35, 0x01}},
    {4060u, {0xc9, 0x35, 0x01}},
    {4154u, {0xf7, 0x35, 0x01}},
    {4157u, {0x0b, 0x36, 0x01}},
    {4158u, {0x16, 0x36, 0x01}},
    {4159u, {0x2c, 0x36, 0x01}},
    {4160u, {0x33, 0x36, 0x01}},
    {4161u, {0x40, 0x36, 0x01}},
    {4162u, {0x6c, 0x36, 0x01}},
    {4163u, {0x8b, 0x36, 0x01}},
    {4164u, {0xb2, 0x36, 0x01}},
    {4165u, {0xbf, 0x36, 0x01}},
    {4166u, {0xe0, 0x36, 0x01}},
    {4167u, {0xee, 0x36, 0x01}},
    {4168u, {0x0e, 0x37, 0x01}},
    {4169u, {0x1d, 0x37, 0x01}},
    {4170u, {0x48, 0x37, 0x01}},
    {4171u, {0x6b, 0x37, 0x01}},
    {4172u, {0x78, 0x37, 0x01}},
    {4173u, {0x92, 0x37, 0x01}},
    {4174u, {0xa7, 0x37, 0x01}},
    {4175u, {0xc3, 0x37, 0x01}},
    {4176u, {0xe4, 0x37, 0x01}},
    {4177u, {0x06, 0x38, 0x01}},
    {4178u, {0x17, 0x38, 0x01}},
    {4179u, {0x36, 0x38, 0x01}},
    {4180u, {0x47, 0x38, 0x01}},
    {4181u, {0x56, 0x38, 0x01}},
    {4182u, {0x63, 0x38, 0x01}},
    {4183u, {0x71, 0x38, 0x01}},
    {4184u, {0x82, 0x38, 0x01}},
    {4185u, {0xae, 0x38, 0x01}},
    {4186u, {0xd1, 0x38, 0x01}},
    {4187u, {0xe2, 0x38, 0x01}},
    {4188u, {0xf8, 0x38, 0x01}},
    {4189u, {0x12, 0x39, 0x01}},
    {4190u, {0x26, 0x39, 0x01}},
    {4191u, {0x34, 0x39, 0x01}},
    {4192u, {0x4f, 0x39, 0x01}},
    {4193u, {0x63, 0x39, 0x01}},
    {4194u, {0x85, 0x39, 0x01}},
    {4195u, {0x98, 0x39, 0x01}},
    {4196u, {0xb2, 0x39, 0x01}},
    {4197u, {0xcb, 0x39, 0x01}},
    {4198u, {0xe9, 0x39, 0x01}},
    {4199u, {0xf2, 0x39, 0x01}},
    {4200u, {0x26, 0x3a, 0x01}},
    {4201u, {0x37, 0x3a, 0x01}},
    {4202u, {0x46, 0x3a, 0x01}},
    {4203u, {0x4c, 0x3a, 0x01}},
    {4204u, {0x68, 0x3a, 0x01}},
    {4205u, {0x7b, 0x3a, 0x01}},
    {4206u, {0x94, 0x3a, 0x01}},
    {4207u, {0xa3, 0x3a, 0x01}},
    {4208u, {0xbb, 0x3a, 0x01}},
    {4209u, {0xc8, 0x3a, 0x01}},
    {4210u, {0xcf, 0x3a, 0x01}},
    {4211u, {0xe6, 0x3a, 0x01}},
    {4212u, {0x1b, 0x3b, 0x01}},
    {4213u, {0x29, 0x3b, 0x01}},
    {4214u, {0x3e, 0x3b, 0x01}},
    {4215u, {0x47, 0x3b, 0x01}},
    {4216u, {0x6a, 0x3b, 0x01}},
    {4217u, {0x7a, 0x3b, 0x01}},
    {4218u, {0x9b, 0x3b, 0x01}},
    {4219u, {0xa6, 0x3b, 0x01}},
    {4220u, {0xba, 0x3b, 0x01}},
    {4221u, {0xcb, 0x3b, 0x01}},
    {4222u, {0xd9, 0x3b, 0x01}},
    {4223u, {0xfd, 0x3b, 0x01}},
    {4224u, {0x19, 0x3c, 0x01}},
    {4225u, {0x2c, 0x3c, 0x01}},
    {4226u, {0x4a, 0x3c, 0x01}},
    {4227u, {0x6b, 0x3c, 0x01}},
    {4228u, {0x7b, 0x3c, 0x01}},
    {4229u, {0x85, 0x3c, 0x01}},
    {4230u, {0xb8, 0x3c, 0x01}},
    {4231u, {0xcd, 0x3c, 0x01}},
    {4232u, {0xe5, 0x3c, 0x01}},
    {4233u, {0xf5, 0x3c, 0x01}},
    {4234u, {0x12, 0x3d, 0x01}},
    {4235u, {0x20, 0x3d, 0x01}},
    {4236u, {0x36, 0x3d, 0x01}},
    {4237u, {0x49, 0x3d, 0x01}},
    {4238u, {0x5a, 0x3d, 0x01}},
    {4239u, {0x77, 0x3d, 0x01}},
    {4240u, {0x82, 0x3d, 0x01}},
    {4241u, {0x99, 0x3d, 0x01}},
    {4242u, {0xe1, 0x3d, 0x01}},
    {4243u, {0xf9, 0x3d, 0x01}},
    {4244u, {0x0b, 0x3e, 0x01}},
    {4245u, {0x27, 0x3e, 0x01}},
    {4246u, {0x35, 0x3e, 0x01}},
    {4247u, {0x3f, 0x3e, 0x01}},
    {4248u, {0x55, 0x3e, 0x01}},
    {4249u, {0x6d, 0x3e, 0x01}},
    {4250u, {0x78, 0x3e, 0x01}},
    {4251u, {0x8b, 0x3e, 0x01}},
    {4252u, {0x98, 0x3e, 0x01}},
    {4253u, {0x9e, 0x3e, 0x01}},
    {4254u, {0xa5, 0x3e, 0x01}},
    {4255u, {0xc4, 0x3e, 0x01}},
    {4256u, {0xed, 0x3e, 0x01}},
    {4257u, {0xfe, 0x3e, 0x01}},
    {4258u, {0x0b, 0x3f, 0x01}},
    {4259u, {0x26, 0x3f, 0x01}},
    {4260u, {0x41, 0x3f, 0x01}},
    {4261u, {0x65, 0x3f, 0x01}},
    {4262u, {0x78, 0x3f, 0x01}},
    {4263u, {0x86, 0x3f, 0x01}},
    {4264u, {0xa1, 0x3f, 0x01}},
    {4265u, {0xd2, 0x3f, 0x01}},
    {4266u, {0xd9, 0x3f, 0x01}},
    {4267u, {0xf8, 0x3f, 0x01}},
    {4268u, {0x0c, 0x40, 0x01}},
    {4269u, {0x1c, 0x40, 0x01}},
    {4270u, {0x34, 0x40, 0x01}},
    {4271u, {0x40, 0x40, 0x01}},
    {4272u, {0x64, 0x40, 0x01}},
    {4273u, {0x74, 0x40, 0x01}},
    {4274u, {0x88, 0x40, 0x01}},
    {4275u, {0xb6, 0x40, 0x01}},
    {4276u, {0xcc, 0x40, 0x01}},
    {4277u, {0xf0, 0x40, 0x01}},
    {4278u, {0x0f, 0x41, 0x01}},
    {4279u, {0x38, 0x41, 0x01}},
    {4280u, {0x4b, 0x41, 0x01}},
    {4281u, {0x57, 0x41, 0x01}},
    {4282u, {0x67, 0x41, 0x01}},
    {4283u, {0x77, 0x41, 0x01}},
    {4284u, {0x86, 0x41, 0x01}},
    {4285u, {0xa4, 0x41, 0x01}},
    {4286u, {0xbf, 0x41, 0x01}},
    {4287u, {0xde, 0x41, 0x01}},
    {4288u, {0xf7, 0x41, 0x01}},
    {4289u, {0x0d, 0x42, 0x01}},
    {4290u, {0x2b, 0x42, 0x01}},
    {4291u, {0x4a, 0x42, 0x01}},
    {4292u, {0x5b, 0x42, 0x01}},
    {4293u, {0x66, 0x42, 0x01}},
    {4294u, {0x79, 0x42, 0x01}},
    {4295u, {0x8b, 0x42, 0x01}},
    {4296u, {0xa7, 0x42, 0x01}},
    {4297u, {0xbf, 0x42, 0x01}},
    {4298u, {0xda, 0x42, 0x01}},
    {4299u, {0xe8, 0x42, 0x01}},
    {4300u, {0xf4, 0x42, 0x01}},
    {4301u, {0xff, 0x42, 0x01}},
    {4302u, {0x0a, 0x43, 0x01}},
    {4303u, {0x1c, 0x43, 0x01}},
    {4304u, {0x2e, 0x43, 0x01}},
    {4305u, {0x3a, 0x43, 0x01}},
    {4306u, {0x44, 0x43, 0x01}},
    {4307u, {0x55, 0x43, 0x01}},
    {4308u, {0x66, 0x43, 0x01}},
    {4309u, {0x7b, 0x43, 0x01}},
    {4310u, {0x91, 0x43, 0x01}},
    {4311u, {0xa2, 0x43, 0x01}},
    {4312u, {0xb5, 0x43, 0x01}},
    {4313u, {0xd2, 0x43, 0x01}},
    {4314u, {0xec, 0x43, 0x01}},
    {4315u, {0xfe, 0x43, 0x01}},
    {4316u, {0x1d, 0x44, 0x01}},
    {4317u, {0x45, 0x44, 0x01}},
    {4318u, {0x59, 0x44, 0x01}},
    {4319u, {0x69, 0x44, 0x01}},
    {4320u, {0x87, 0x44, 0x01}},
    {4321u, {0xbc, 0x44, 0x01}},
    {4322u, {0xca, 0x44, 0x01}},
    {4323u, {0xd8, 0x44, 0x01}},
    {4324u, {0xe7, 0x44, 0x01}},
    {4325u, {0xfe, 0x44, 0x01}},
    {4326u, {0x0a, 0x45, 0x01}},
    {4327u, {0x25, 0x45, 0x01}},
    {4328u, {0x46, 0x45, 0x01}},
    {4329u, {0x5d, 0x45, 0x01}},
    {4330u, {0x81, 0x45, 0x01}},
    {4331u, {0xae, 0x45, 0x01}},
    {4332u, {0xcb, 0x45, 0x01}},
    {4333u, {0xd4, 0x45, 0x01}},
    {4334u, {0xdd, 0x45, 0x01}},
    {4335u, {0x01, 0x46, 0x01}},
    {4336u, {0x11, 0x46, 0x01}},
    {4337u, {0x26, 0x46, 0x01}},
    {4338u, {0x3f, 0x46, 0x01}},
    {4339u, {0x5b, 0x46, 0x01}},
    {4340u, {0x70, 0x46, 0x01}},
    {4341u, {0x7d, 0x46, 0x01}},
    {4342u, {0xa1, 0x46, 0x01}},
    {4343u, {0xc6, 0x46, 0x01}},
    {4344u, {0xe0, 0x46, 0x01}},
    {4345u, {0x02, 0x47, 0x01}},
    {4346u, {0x16, 0x47, 0x01}},
    {4347u, {0x20, 0x47, 0x01}},
    {4348u, {0x3c, 0x47, 0x01}},
    {4349u, {0x4c, 0x47, 0x01}},
    {4350u, {0x5b, 0x47, 0x01}},
    {4351u, {0x82, 0x47, 0x01}},
    {4352u, {0x92, 0x47, 0x01}},
    {4353u, {0x9b, 0x47, 0x01}},
    {4354u, {0xbe, 0x47, 0x01}},
    {4355u, {0xd5, 0x47, 0x01}},
    {4356u, {0xe8, 0x47, 0x01}},
    {4357u, {0x13, 0x48, 0x01}},
    {4358u, {0x2d, 0x48, 0x01}},
    {4359u, {0x3a, 0x48, 0x01}},
    {4360u, {0x44, 0x48, 0x01}},
    {4361u, {0x52, 0x48, 0x01}},
    {4362u, {0x66, 0x48, 0x01}},
    {4363u, {0x79, 0x48, 0x01}},
    {4364u, {0x8b, 0x48, 0x01}},
    {4365u, {0x9c, 0x48, 0x01}},
    {4366u, {0xaa, 0x48, 0x01}},
    {4367u, {0xc2, 0x48, 0x01}},
    {4368u, {0xce, 0x48, 0x01}},
    {4369u, {0xdc, 0x48, 0x01}},
    {4370u, {0xee, 0x48, 0x01}},
    {4371u, {0xfb, 0x48, 0x01}},
    {4372u, {0x08, 0x49, 0x01}},
    {4373u, {0x19, 0x49, 0x01}},
    {4374u, {0x2c, 0x49, 0x01}},
    {65535u, {0x3a, 0x49, 0x01}},
};
const size_t radio_company_records_count = 4022u;

const registry_name_record_t radio_appearance_records[] = {
    {0u, {0x8e, 0x55, 0x01}},
    {64u, {0x96, 0x55, 0x01}},
    {128u, {0x9c, 0x55, 0x01}},
    {129u, {0xa5, 0x55, 0x01}},
    {130u, {0xb9, 0x55, 0x01}},
    {131u, {0xcf, 0x55, 0x01}},
    {132u, {0xd6, 0x55, 0x01}},
    {133u, {0xf2, 0x55, 0x01}},
    {134u, {0x03, 0x56, 0x01}},
    {135u, {0x22, 0x56, 0x01}},
    {136u, {0x29, 0x56, 0x01}},
    {137u, {0x39, 0x56, 0x01}},
    {138u, {0x44, 0x56, 0x01}},
    {139u, {0x51, 0x56, 0x01}},
    {140u, {0x5d, 0x56, 0x01}},
    {141u, {0x68, 0x56, 0x01}},
    {142u, {0x74, 0x56, 0x01}},
    {143u, {0x7c, 0x56, 0x01}},
    {192u, {0x85, 0x56, 0x01}},
    {193u, {0x8b, 0x56, 0x01}},
    {194u, {0x98, 0x56, 0x01}},
    {256u, {0xa3, 0x56, 0x01}},
    {320u, {0xa9, 0x56, 0x01}},
    {384u, {0xb1, 0x56, 0x01}},
    {448u, {0xc0, 0x56, 0x01}},
    {512u, {0xcc, 0x56, 0x01}},
    {576u, {0xd0, 0x56, 0x01}},
    {640u, {0xd8, 0x56, 0x01}},
    {704u, {0xe5, 0x56, 0x01}},
    {768u, {0xf5, 0x56, 0x01}},
    {769u, {0x01, 0x57, 0x01}},
    {832u, {0x11, 0x57, 0x01}},
    {833u, {0x23, 0x57, 0x01}},
    {896u, {0x21, 0x4b, 0x01}},
    {897u, {0x33, 0x57, 0x01}},
    {898u, {0x46, 0x57, 0x01}},
    {960u, {0x4b, 0x4b, 0x01}},
    {961u, {0x5b, 0x57, 0x01}},
    {962u, {0x64, 0x57, 0x01}},
    {963u, {0x6a, 0x57, 0x01}},
    {964u, {0x73, 0x57, 0x01}},
    {965u, {0x7b, 0x57, 0x01}},
    {966u, {0x8c, 0x57, 0x01}},
    {967u, {0x98, 0x57, 0x01}},
    {968u, {0xe5, 0x56, 0x01}},
    {969u, {0xa4, 0x57, 0x01}},
    {970u, {0xad, 0x57, 0x01}},
    {1024u, {0xc1, 0x57, 0x01}},
    {1088u, {0xcf, 0x57, 0x01}},
    {1089u, {0xe6, 0x57, 0x01}},
    {1090u, {0x05, 0x58, 0x01}},
    {1091u, {0x24, 0x58, 0x01}},
    {1152u, {0x42, 0x58, 0x01}},
    {1153u, {0x4a, 0x58, 0x01}},
    {1154u, {0x5b, 0x58, 0x01}},
    {1155u, {0x68, 0x58, 0x01}},
    {1156u, {0x77, 0x58, 0x01}},
    {1157u, {0x84, 0x58, 0x01}},
    {1216u, {0x9d, 0x58, 0x01}},
    {1217u, {0xac, 0x58, 0x01}},
    {1218u, {0xb3, 0x58, 0x01}},
    {1219u, {0xc0, 0x58, 0x01}},
    {1220u, {0xc7, 0x58, 0x01}},
    {1221u, {0xce, 0x58, 0x01}},
    {1222u, {0xdc, 0x58, 0x01}},
    {1223u, {0xe8, 0x58, 0x01}},
    {1224u, {0xf6, 0x58, 0x01}},
    {1225u, {0x04, 0x59, 0x01}},
    {1226u, {0x12, 0x59, 0x01}},
    {1227u, {0x21, 0x59, 0x01}},
    {1228u, {0x3a, 0x59, 0x01}},
    {1229u, {0x46, 0x59, 0x01}},
    {1280u, {0x4b, 0x59, 0x01}},
    {1281u, {0x5a, 0x59, 0x01}},
    {1282u, {0x67, 0x59, 0x01}},
    {1283u, {0x73, 0x59, 0x01}},
    {1344u, {0x86, 0x59, 0x01}},
    {1345u, {0x8d, 0x59, 0x01}},
    {1346u, {0x9b, 0x59, 0x01}},
    {1347u, {0xae, 0x59, 0x01}},
    {1348u, {0xc1, 0x59, 0x01}},
    {1349u, {0xd1, 0x59, 0x01}},
    {1350u, {0xdd, 0x59, 0x01}},
    {1351u, {0xea, 0x59, 0x01}},
    {1352u, {0xfb, 0x59, 0x01}},
    {1353u, {0x0a, 0x5a, 0x01}},
    {1354u, {0x21, 0x5a, 0x01}},
    {1355u, {0x37, 0x5a, 0x01}},
    {1356u, {0x4c, 0x5a, 0x01}},
    {1357u, {0x5a, 0x5a, 0x01}},
    {1358u, {0x6d, 0x5a, 0x01}},
    {1359u, {0x79, 0x5a, 0x01}},
    {1360u, {0x85, 0x5a, 0x01}},
    {1361u, {0x91, 0x5a, 0x01}},
    {1362u, {0xa2, 0x5a, 0x01}},
    {1363u, {0xaf, 0x5a, 0x01}},
    {1364u, {0xc4, 0x5a, 0x01}},
    {1365u, {0xdb, 0x5a, 0x01}},
    {1366u, {0xef, 0x5a, 0x01}},
    {1367u, {0xfb, 0x5a, 0x01}},
    {1368u, {0x08, 0x5b, 0x01}},
    {1369u, {0x17, 0x5b, 0x01}},
    {1408u, {0x34, 0x5b, 0x01}},
    {1409u, {0x43, 0x5b, 0x01}},
    {1410u, {0x4e, 0x5b, 0x01}},
    {1411u, {0x5c, 0x5b, 0x01}},
    {1412u, {0x68, 0x5b, 0x01}},
    {1413u, {0x76, 0x5b, 0x01}},
    {1414u, {0x81, 0x5b, 0x01}},
    {1415u, {0x8f, 0x5b, 0x01}},
    {1416u, {0x9d, 0x5b, 0x01}},
    {1417u, {0xad, 0x5b, 0x01}},
    {1418u, {0xb9, 0x5b, 0x01}},
    {1419u, {0xca, 0x5b, 0x01}},
    {1420u, {0xdd, 0x5b, 0x01}},
    {1421u, {0xeb, 0x5b, 0x01}},
    {1422u, {0xf8, 0x5b, 0x01}},
    {1423u, {0x07, 0x5c, 0x01}},
    {1424u, {0x11, 0x5c, 0x01}},
    {1425u, {0x1e, 0x5c, 0x01}},
    {1426u, {0x2b, 0x5c, 0x01}},
    {1427u, {0x39, 0x5c, 0x01}},
    {1428u, {0x43, 0x5c, 0x01}},
    {1429u, {0x58, 0x5c, 0x01}},
    {1430u, {0x69, 0x5c, 0x01}},
    {1431u, {0x76, 0x5c, 0x01}},
    {1432u, {0x7b, 0x5c, 0x01}},
    {1433u, {0x89, 0x5c, 0x01}},
    {1472u, {0x98, 0x5c, 0x01}},
    {1473u, {0x9c, 0x5c, 0x01}},
    {1474u, {0xa8, 0x5c, 0x01}},
    {1475u, {0xb2, 0x5c, 0x01}},
    {1476u, {0xbe, 0x5c, 0x01}},
    {1477u, {0xcb, 0x5c, 0x01}},
    {1478u, {0xd4, 0x5c, 0x01}},
    {1536u, {0xdd, 0x5c, 0x01}},
    {1537u, {0xe2, 0x5c, 0x01}},
    {1538u, {0xed, 0x5c, 0x01}},
    {1539u, {0xf8, 0x5c, 0x01}},
    {1540u, {0x06, 0x5d, 0x01}},
    {1541u, {0x0d, 0x5d, 0x01}},
    {1542u, {0x16, 0x5d, 0x01}},
    {1543u, {0x1d, 0x5d, 0x01}},
    {1544u, {0x27, 0x5d, 0x01}},
    {1545u, {0x37, 0x5d, 0x01}},
    {1546u, {0x4c, 0x5d, 0x01}},
    {1547u, {0x57, 0x5d, 0x01}},
    {1600u, {0x63, 0x5d, 0x01}},
    {1664u, {0xed, 0x5c, 0x01}},
    {1728u, {0x74, 0x5d, 0x01}},
    {1729u, {0x0d, 0x5d, 0x01}},
    {1730u, {0x16, 0x5d, 0x01}},
    {1731u, {0x1d, 0x5d, 0x01}},
    {1732u, {0x27, 0x5d, 0x01}},
    {1733u, {0x37, 0x5d, 0x01}},
    {1734u, {0x4c, 0x5d, 0x01}},
    {1735u, {0x57, 0x5d, 0x01}},
    {1792u, {0x7c, 0x5d, 0x01}},
    {1793u, {0x8b, 0x5d, 0x01}},
    {1794u, {0x97, 0x5d, 0x01}},
    {1795u, {0xa3, 0x5d, 0x01}},
    {1796u, {0xb7, 0x5d, 0x01}},
    {1797u, {0xc3, 0x5d, 0x01}},
    {1798u, {0xcc, 0x5d, 0x01}},
    {1799u, {0xd3, 0x5d, 0x01}},
    {1800u, {0xe1, 0x5d, 0x01}},
    {1801u, {0xeb, 0x5d, 0x01}},
    {1856u, {0xf2, 0x5d, 0x01}},
    {1857u, {0x03, 0x5e, 0x01}},
    {1858u, {0x12, 0x5e, 0x01}},
    {1859u, {0x19, 0x5e, 0x01}},
    {1860u, {0x2a, 0x5e, 0x01}},
    {1861u, {0x33, 0x5e, 0x01}},
    {1920u, {0x3a, 0x5e, 0x01}},
    {1921u, {0x47, 0x5e, 0x01}},
    {1922u, {0x54, 0x5e, 0x01}},
    {1923u, {0x60, 0x5e, 0x01}},
    {1924u, {0x65, 0x5e, 0x01}},
    {1925u, {0x72, 0x5e, 0x01}},
    {1926u, {0x7d, 0x5e, 0x01}},
    {1927u, {0x93, 0x5e, 0x01}},
    {1928u, {0xa1, 0x5e, 0x01}},
    {1929u, {0xad, 0x5e, 0x01}},
    {1984u, {0xb8, 0x5e, 0x01}},
    {1985u, {0xc5, 0x5e, 0x01}},
    {1986u, {0xdd, 0x5e, 0x01}},
    {1987u, {0xe6, 0x5e, 0x01}},
    {1988u, {0xef, 0x5e, 0x01}},
    {1989u, {0x00, 0x5f, 0x01}},
    {1990u, {0x0a, 0x5f, 0x01}},
    {1991u, {0x20, 0x5f, 0x01}},
    {1992u, {0x34, 0x5f, 0x01}},
    {2048u, {0x58, 0x5f, 0x01}},
    {2049u, {0x68, 0x5f, 0x01}},
    {2050u, {0x76, 0x5f, 0x01}},
    {2051u, {0x84, 0x5f, 0x01}},
    {2052u, {0x92, 0x5f, 0x01}},
    {2053u, {0xa1, 0x5f, 0x01}},
    {2054u, {0xb2, 0x5f, 0x01}},
    {2112u, {0xc2, 0x5f, 0x01}},
    {2113u, {0xcd, 0x5f, 0x01}},
    {2114u, {0xe0, 0x5f, 0x01}},
    {2115u, {0xe9, 0x5f, 0x01}},
    {2116u, {0xfb, 0x5f, 0x01}},
    {2117u, {0x10, 0x60, 0x01}},
    {2176u, {0x1d, 0x60, 0x01}},
    {2177u, {0x2a, 0x60, 0x01}},
    {2178u, {0x35, 0x60, 0x01}},
    {2179u, {0x3b, 0x60, 0x01}},
    {2180u, {0x40, 0x60, 0x01}},
    {2181u, {0x45, 0x60, 0x01}},
    {2182u, {0x59, 0x60, 0x01}},
    {2183u, {0x66, 0x60, 0x01}},
    {2184u, {0x6c, 0x60, 0x01}},
    {2185u, {0x7e, 0x60, 0x01}},
    {2240u, {0x89, 0x60, 0x01}},
    {2241u, {0x9b, 0x60, 0x01}},
    {2242u, {0x9f, 0x60, 0x01}},
    {2243u, {0xb3, 0x60, 0x01}},
    {2244u, {0xc5, 0x60, 0x01}},
    {2245u, {0xcf, 0x60, 0x01}},
    {2246u, {0xd7, 0x60, 0x01}},
    {2247u, {0xdd, 0x60, 0x01}},
    {2248u, {0xef, 0x60, 0x01}},
    {2249u, {0xfd, 0x60, 0x01}},
    {2250u, {0x07, 0x61, 0x01}},
    {2251u, {0x0f, 0x61, 0x01}},
    {2252u, {0x13, 0x61, 0x01}},
    {2253u, {0x1b, 0x61, 0x01}},
    {2254u, {0x30, 0x61, 0x01}},
    {2255u, {0x41, 0x61, 0x01}},
    {2304u, {0x63, 0x61, 0x01}},
    {2305u, {0x76, 0x61, 0x01}},
    {2306u, {0x83, 0x61, 0x01}},
    {2307u, {0x8b, 0x61, 0x01}},
    {2308u, {0x90, 0x61, 0x01}},
    {2309u, {0x9a, 0x61, 0x01}},
    {2310u, {0xa2, 0x61, 0x01}},
    {2311u, {0xb2, 0x61, 0x01}},
    {2312u, {0xb8, 0x61, 0x01}},
    {2313u, {0xc5, 0x61, 0x01}},
    {2314u, {0xd2, 0x61, 0x01}},
    {2315u, {0xdf, 0x61, 0x01}},
    {2316u, {0xea, 0x61, 0x01}},
    {2317u, {0xf9, 0x61, 0x01}},
    {2318u, {0x10, 0x62, 0x01}},
    {2319u, {0x1c, 0x62, 0x01}},
    {2368u, {0x2c, 0x62, 0x01}},
    {2369u, {0x42, 0x62, 0x01}},
    {2370u, {0x49, 0x62, 0x01}},
    {2371u, {0x51, 0x62, 0x01}},
    {2372u, {0x5c, 0x62, 0x01}},
    {2432u, {0x66, 0x62, 0x01}},
    {2433u, {0x6f, 0x62, 0x01}},
    {2434u, {0x7e, 0x62, 0x01}},
    {2435u, {0x89, 0x62, 0x01}},
    {2436u, {0x94, 0x62, 0x01}},
    {2496u, {0xad, 0x62, 0x01}},
    {2497u, {0xba, 0x62, 0x01}},
    {2498u, {0xc4, 0x62, 0x01}},
    {2499u, {0xcd, 0x62, 0x01}},
    {2500u, {0xd3, 0x62, 0x01}},
    {2501u, {0xd9, 0x62, 0x01}},
    {2502u, {0xe3, 0x62, 0x01}},
    {2503u, {0xed, 0x62, 0x01}},
    {2504u, {0xf8, 0x62, 0x01}},
    {2505u, {0x06, 0x63, 0x01}},
    {2506u, {0x1a, 0x63, 0x01}},
    {2560u, {0x26, 0x63, 0x01}},
    {2561u, {0x38, 0x63, 0x01}},
    {2562u, {0x43, 0x63, 0x01}},
    {2563u, {0x4b, 0x63, 0x01}},
    {2624u, {0x55, 0x63, 0x01}},
    {2625u, {0x61, 0x63, 0x01}},
    {2626u, {0x74, 0x63, 0x01}},
    {2627u, {0x8b, 0x63, 0x01}},
    {2688u, {0x9c, 0x63, 0x01}},
    {2689u, {0xa3, 0x63, 0x01}},
    {2690u, {0xbb, 0x63, 0x01}},
    {2752u, {0xd5, 0x63, 0x01}},
    {2753u, {0xdd, 0x63, 0x01}},
    {2754u, {0xed, 0x63, 0x01}},
    {3136u, {0xfe, 0x63, 0x01}},
    {3137u, {0x0d, 0x64, 0x01}},
    {3138u, {0x26, 0x64, 0x01}},
    {3200u, {0x0b, 0x4c, 0x01}},
    {3264u, {0x40, 0x64, 0x01}},
    {3265u, {0x59, 0x64, 0x01}},
    {3266u, {0x6c, 0x64, 0x01}},
    {3328u, {0x7d, 0x64, 0x01}},
    {3392u, {0x98, 0x64, 0x01}},
    {3393u, {0xa5, 0x64, 0x01}},
    {3396u, {0xc0, 0x64, 0x01}},
    {3400u, {0xd9, 0x64, 0x01}},
    {3456u, {0xe5, 0x64, 0x01}},
    {3520u, {0xf9, 0x64, 0x01}},
    {3521u, {0x04, 0x65, 0x01}},
    {5184u, {0x18, 0x65, 0x01}},
    {5185u, {0x30, 0x65, 0x01}},
    {5186u, {0x41, 0x65, 0x01}},
    {5187u, {0x61, 0x65, 0x01}},
    {5188u, {0x6e, 0x65, 0x01}},
};
const size_t radio_appearance_records_count = 302u;

const registry_uuid_record_t radio_service_records[] = {
    {{0x00, 0x00, 0x15, 0x23, 0x12, 0x12, 0xef, 0xde, 0x15, 0x23, 0x78, 0x5f, 0xea, 0xbc, 0xd1, 0x23}, {0xa6, 0x49, 0x01}},
    {{0x00, 0x00, 0x15, 0x30, 0x12, 0x12, 0xef, 0xde, 0x15, 0x23, 0x78, 0x5f, 0xea, 0xbc, 0xd1, 0x23}, {0xc4, 0x49, 0x01}},
    {{0x00, 0x00, 0x16, 0x23, 0x12, 0x12, 0xef, 0xde, 0x16, 0x23, 0x78, 0x5f, 0xea, 0xbc, 0xd1, 0x23}, {0xd7, 0x49, 0x01}},
    {{0x00, 0x00, 0x16, 0x25, 0x12, 0x12, 0xef, 0xde, 0x16, 0x23, 0x78, 0x5f, 0xea, 0xbc, 0xd1, 0x23}, {0xff, 0x49, 0x01}},
    {{0x00, 0x00, 0x18, 0x00, 0x00, 0x00, 0x10, 0x00, 0x80, 0x00, 0x00, 0x80, 0x5f, 0x9b, 0x34, 0xfb}, {0x2e, 0x4a, 0x01}},
    {{0x00, 0x00, 0x18, 0x01, 0x00, 0x00, 0x10, 0x00, 0x80, 0x00, 0x00, 0x80, 0x5f, 0x9b, 0x34, 0xfb}, {0x3d, 0x4a, 0x01}},
    {{0x00, 0x00, 0x18, 0x02, 0x00, 0x00, 0x10, 0x00, 0x80, 0x00, 0x00, 0x80, 0x5f, 0x9b, 0x34, 0xfb}, {0x4f, 0x4a, 0x01}},
    {{0x00, 0x00, 0x18, 0x03, 0x00, 0x00, 0x10, 0x00, 0x80, 0x00, 0x00, 0x80, 0x5f, 0x9b, 0x34, 0xfb}, {0x5f, 0x4a, 0x01}},
    {{0x00, 0x00, 0x18, 0x04, 0x00, 0x00, 0x10, 0x00, 0x80, 0x00, 0x00, 0x80, 0x5f, 0x9b, 0x34, 0xfb}, {0x69, 0x4a, 0x01}},
    {{0x00, 0x00, 0x18, 0x05, 0x00, 0x00, 0x10, 0x00, 0x80, 0x00, 0x00, 0x80, 0x5f, 0x9b, 0x34, 0xfb}, {0x72, 0x4a, 0x01}},
    {{0x00, 0x00, 0x18, 0x06, 0x00, 0x00, 0x10, 0x00, 0x80, 0x00, 0x00, 0x80, 0x5f, 0x9b, 0x34, 0xfb}, {0x87, 0x4a, 0x01}},
    {{0x00, 0x00, 0x18, 0x07, 0x00, 0x00, 0x10, 0x00, 0x80, 0x00, 0x00, 0x80, 0x5f, 0x9b, 0x34, 0xfb}, {0xa5, 0x4a, 0x01}},
    {{0x00, 0x00, 0x18, 0x08, 0x00, 0x00, 0x10, 0x00, 0x80, 0x00, 0x00, 0x80, 0x5f, 0x9b, 0x34, 0xfb}, {0xbd, 0x4a, 0x01}},
    {{0x00, 0x00, 0x18, 0x09, 0x00, 0x00, 0x10, 0x00, 0x80, 0x00, 0x00, 0x80, 0x5f, 0x9b, 0x34, 0xfb}, {0xc5, 0x4a, 0x01}},
    {{0x00, 0x00, 0x18, 0x0a, 0x00, 0x00, 0x10, 0x00, 0x80, 0x00, 0x00, 0x80, 0x5f, 0x9b, 0x34, 0xfb}, {0xd8, 0x4a, 0x01}},
    {{0x00, 0x00, 0x18, 0x0d, 0x00, 0x00, 0x10, 0x00, 0x80, 0x00, 0x00, 0x80, 0x5f, 0x9b, 0x34, 0xfb}, {0xeb, 0x4a, 0x01}},
    {{0x00, 0x00, 0x18, 0x0e, 0x00, 0x00, 0x10, 0x00, 0x80, 0x00, 0x00, 0x80, 0x5f, 0x9b, 0x34, 0xfb}, {0xf6, 0x4a, 0x01}},
    {{0x00, 0x00, 0x18, 0x0f, 0x00, 0x00, 0x10, 0x00, 0x80, 0x00, 0x00, 0x80, 0x5f, 0x9b, 0x34, 0xfb}, {0x11, 0x4b, 0x01}},
    {{0x00, 0x00, 0x18, 0x10, 0x00, 0x00, 0x10, 0x00, 0x80, 0x00, 0x00, 0x80, 0x5f, 0x9b, 0x34, 0xfb}, {0x21, 0x4b, 0x01}},
    {{0x00, 0x00, 0x18, 0x11, 0x00, 0x00, 0x10, 0x00, 0x80, 0x00, 0x00, 0x80, 0x5f, 0x9b, 0x34, 0xfb}, {0x30, 0x4b, 0x01}},
    {{0x00, 0x00, 0x18, 0x12, 0x00, 0x00, 0x10, 0x00, 0x80, 0x00, 0x00, 0x80, 0x5f, 0x9b, 0x34, 0xfb}, {0x4b, 0x4b, 0x01}},
    {{0x00, 0x00, 0x18, 0x13, 0x00, 0x00, 0x10, 0x00, 0x80, 0x00, 0x00, 0x80, 0x5f, 0x9b, 0x34, 0xfb}, {0x62, 0x4b, 0x01}},
    {{0x00, 0x00, 0x18, 0x14, 0x00, 0x00, 0x10, 0x00, 0x80, 0x00, 0x00, 0x80, 0x5f, 0x9b, 0x34, 0xfb}, {0x72, 0x4b, 0x01}},
    {{0x00, 0x00, 0x18, 0x15, 0x00, 0x00, 0x10, 0x00, 0x80, 0x00, 0x00, 0x80, 0x5f, 0x9b, 0x34, 0xfb}, {0x8c, 0x4b, 0x01}},
    {{0x00, 0x00, 0x18, 0x16, 0x00, 0x00, 0x10, 0x00, 0x80, 0x00, 0x00, 0x80, 0x5f, 0x9b, 0x34, 0xfb}, {0x9a, 0x4b, 0x01}},
    {{0x00, 0x00, 0x18, 0x18, 0x00, 0x00, 0x10, 0x00, 0x80, 0x00, 0x00, 0x80, 0x5f, 0x9b, 0x34, 0xfb}, {0xb4, 0x4b, 0x01}},
    {{0x00, 0x00, 0x18, 0x19, 0x00, 0x00, 0x10, 0x00, 0x80, 0x00, 0x00, 0x80, 0x5f, 0x9b, 0x34, 0xfb}, {0xc2, 0x4b, 0x01}},
    {{0x00, 0x00, 0x18, 0x1a, 0x00, 0x00, 0x10, 0x00, 0x80, 0x00, 0x00, 0x80, 0x5f, 0x9b, 0x34, 0xfb}, {0xda, 0x4b, 0x01}},
    {{0x00, 0x00, 0x18, 0x1b, 0x00, 0x00, 0x10, 0x00, 0x80, 0x00, 0x00, 0x80, 0x5f, 0x9b, 0x34, 0xfb}, {0xf0, 0x4b, 0x01}},
    {{0x00, 0x00, 0x18, 0x1c, 0x00, 0x00, 0x10, 0x00, 0x80, 0x00, 0x00, 0x80, 0x5f, 0x9b, 0x34, 0xfb}, {0x01, 0x4c, 0x01}},
    {{0x00, 0x00, 0x18, 0x1d, 0x00, 0x00, 0x10, 0x00, 0x80, 0x00, 0x00, 0x80, 0x5f, 0x9b, 0x34, 0xfb}, {0x0b, 0x4c, 0x01}},
    {{0x00, 0x00, 0x18, 0x1e, 0x00, 0x00, 0x10, 0x00, 0x80, 0x00, 0x00, 0x80, 0x5f, 0x9b, 0x34, 0xfb}, {0x18, 0x4c, 0x01}},
    {{0x00, 0x00, 0x18, 0x1f, 0x00, 0x00, 0x10, 0x00, 0x80, 0x00, 0x00, 0x80, 0x5f, 0x9b, 0x34, 0xfb}, {0x30, 0x4c, 0x01}},
    {{0x00, 0x00, 0x18, 0x20, 0x00, 0x00, 0x10, 0x00, 0x80, 0x00, 0x00, 0x80, 0x5f, 0x9b, 0x34, 0xfb}, {0x4e, 0x4c, 0x01}},
    {{0x00, 0x00, 0x18, 0x21, 0x00, 0x00, 0x10, 0x00, 0x80, 0x00, 0x00, 0x80, 0x5f, 0x9b, 0x34, 0xfb}, {0x70, 0x4c, 0x01}},
    {{0x00, 0x00, 0x18, 0x22, 0x00, 0x00, 0x10, 0x00, 0x80, 0x00, 0x00, 0x80, 0x5f, 0x9b, 0x34, 0xfb}, {0x83, 0x4c, 0x01}},
    {{0x00, 0x00, 0x18, 0x23, 0x00, 0x00, 0x10, 0x00, 0x80, 0x00, 0x00, 0x80, 0x5f, 0x9b, 0x34, 0xfb}, {0x9a, 0x4c, 0x01}},
    {{0x00, 0x00, 0x18, 0x24, 0x00, 0x00, 0x10, 0x00, 0x80, 0x00, 0x00, 0x80, 0x5f, 0x9b, 0x34, 0xfb}, {0xa5, 0x4c, 0x01}},
    {{0x00, 0x00, 0x18, 0x25, 0x00, 0x00, 0x10, 0x00, 0x80, 0x00, 0x00, 0x80, 0x5f, 0x9b, 0x34, 0xfb}, {0xb9, 0x4c, 0x01}},
    {{0x00, 0x00, 0x18, 0x26, 0x00, 0x00, 0x10, 0x00, 0x80, 0x00, 0x00, 0x80, 0x5f, 0x9b, 0x34, 0xfb}, {0xd1, 0x4c, 0x01}},
    {{0x00, 0x00, 0x18, 0x27, 0x00, 0x00, 0x10, 0x00, 0x80, 0x00, 0x00, 0x80, 0x5f, 0x9b, 0x34, 0xfb}, {0xe1, 0x4c, 0x01}},
    {{0x00, 0x00, 0x18, 0x28, 0x00, 0x00, 0x10, 0x00, 0x80, 0x00, 0x00, 0x80, 0x5f, 0x9b, 0x34, 0xfb}, {0xfb, 0x4c, 0x01}},
    {{0x00, 0x00, 0x18, 0x29, 0x00, 0x00, 0x10, 0x00, 0x80, 0x00, 0x00, 0x80, 0x5f, 0x9b, 0x34, 0xfb}, {0x0e, 0x4d, 0x01}},
    {{0x00, 0x00, 0x18, 0x3a, 0x00, 0x00, 0x10, 0x00, 0x80, 0x00, 0x00, 0x80, 0x5f, 0x9b, 0x34, 0xfb}, {0x29, 0x4d, 0x01}},
    {{0x00, 0x00, 0x18, 0x3b, 0x00, 0x00, 0x10, 0x00, 0x80, 0x00, 0x00, 0x80, 0x5f, 0x9b, 0x34, 0xfb}, {0x3a, 0x4d, 0x01}},
    {{0x00, 0x00, 0x18, 0x3c, 0x00, 0x00, 0x10, 0x00, 0x80, 0x00, 0x00, 0x80, 0x5f, 0x9b, 0x34, 0xfb}, {0x48, 0x4d, 0x01}},
    {{0x00, 0x00, 0x18, 0x3e, 0x00, 0x00, 0x10, 0x00, 0x80, 0x00, 0x00, 0x80, 0x5f, 0x9b, 0x34, 0xfb}, {0x60, 0x4d, 0x01}},
    {{0x00, 0x00, 0x18, 0x43, 0x00, 0x00, 0x10, 0x00, 0x80, 0x00, 0x00, 0x80, 0x5f, 0x9b, 0x34, 0xfb}, {0x7a, 0x4d, 0x01}},
    {{0x00, 0x00, 0x18, 0x44, 0x00, 0x00, 0x10, 0x00, 0x80, 0x00, 0x00, 0x80, 0x5f, 0x9b, 0x34, 0xfb}, {0x8e, 0x4d, 0x01}},
    {{0x00, 0x00, 0x18, 0x45, 0x00, 0x00, 0x10, 0x00, 0x80, 0x00, 0x00, 0x80, 0x5f, 0x9b, 0x34, 0xfb}, {0x9d, 0x4d, 0x01}},
    {{0x00, 0x00, 0x18, 0x46, 0x00, 0x00, 0x10, 0x00, 0x80, 0x00, 0x00, 0x80, 0x5f, 0x9b, 0x34, 0xfb}, {0xb3, 0x4d, 0x01}},
    {{0x00, 0x00, 0x18, 0x47, 0x00, 0x00, 0x10, 0x00, 0x80, 0x00, 0x00, 0x80, 0x5f, 0x9b, 0x34, 0xfb}, {0xd2, 0x4d, 0x01}},
    {{0x00, 0x00, 0x18, 0x48, 0x00, 0x00, 0x10, 0x00, 0x80, 0x00, 0x00, 0x80, 0x5f, 0x9b, 0x34, 0xfb}, {0xde, 0x4d, 0x01}},
    {{0x00, 0x00, 0x18, 0x49, 0x00, 0x00, 0x10, 0x00, 0x80, 0x00, 0x00, 0x80, 0x5f, 0x9b, 0x34, 0xfb}, {0xec, 0x4d, 0x01}},
    {{0x00, 0x00, 0x18, 0x4a, 0x00, 0x00, 0x10, 0x00, 0x80, 0x00, 0x00, 0x80, 0x5f, 0x9b, 0x34, 0xfb}, {0x02, 0x4e, 0x01}},
    {{0x00, 0x00, 0x18, 0x4b, 0x00, 0x00, 0x10, 0x00, 0x80, 0x00, 0x00, 0x80, 0x5f, 0x9b, 0x34, 0xfb}, {0x1a, 0x4e, 0x01}},
    {{0x00, 0x00, 0x18, 0x4c, 0x00, 0x00, 0x10, 0x00, 0x80, 0x00, 0x00, 0x80, 0x5f, 0x9b, 0x34, 0xfb}, {0x2b, 0x4e, 0x01}},
    {{0x00, 0x00, 0x18, 0x4d, 0x00, 0x00, 0x10, 0x00, 0x80, 0x00, 0x00, 0x80, 0x5f, 0x9b, 0x34, 0xfb}, {0x44, 0x4e, 0x01}},
    {{0x00, 0x00, 0x18, 0x4e, 0x00, 0x00, 0x10, 0x00, 0x80, 0x00, 0x00, 0x80, 0x5f, 0x9b, 0x34, 0xfb}, {0x57, 0x4e, 0x01}},
    {{0x00, 0x00, 0x18, 0x4f, 0x00, 0x00, 0x10, 0x00, 0x80, 0x00, 0x00, 0x80, 0x5f, 0x9b, 0x34, 0xfb}, {0x6c, 0x4e, 0x01}},
    {{0x00, 0x00, 0x18, 0x50, 0x00, 0x00, 0x10, 0x00, 0x80, 0x00, 0x00, 0x80, 0x5f, 0x9b, 0x34, 0xfb}, {0x81, 0x4e, 0x01}},
    {{0x00, 0x00, 0x18, 0x51, 0x00, 0x00, 0x10, 0x00, 0x80, 0x00, 0x00, 0x80, 0x5f, 0x9b, 0x34, 0xfb}, {0x9e, 0x4e, 0x01}},
    {{0x00, 0x00, 0x18, 0x52, 0x00, 0x00, 0x10, 0x00, 0x80, 0x00, 0x00, 0x80, 0x5f, 0x9b, 0x34, 0xfb}, {0xb7, 0x4e, 0x01}},
    {{0x00, 0x00, 0x18, 0x53, 0x00, 0x00, 0x10, 0x00, 0x80, 0x00, 0x00, 0x80, 0x5f, 0x9b, 0x34, 0xfb}, {0xd4, 0x4e, 0x01}},
    {{0x00, 0x00, 0x18, 0x54, 0x00, 0x00, 0x10, 0x00, 0x80, 0x00, 0x00, 0x80, 0x5f, 0x9b, 0x34, 0xfb}, {0xe1, 0x4e, 0x01}},
    {{0x00, 0x00, 0x18, 0x55, 0x00, 0x00, 0x10, 0x00, 0x80, 0x00, 0x00, 0x80, 0x5f, 0x9b, 0x34, 0xfb}, {0xf0, 0x4e, 0x01}},
    {{0x00, 0x00, 0x18, 0x56, 0x00, 0x00, 0x10, 0x00, 0x80, 0x00, 0x00, 0x80, 0x5f, 0x9b, 0x34, 0xfb}, {0x0a, 0x4f, 0x01}},
    {{0x00, 0x00, 0x18, 0x57, 0x00, 0x00, 0x10, 0x00, 0x80, 0x00, 0x00, 0x80, 0x5f, 0x9b, 0x34, 0xfb}, {0x28, 0x4f, 0x01}},
    {{0x00, 0x00, 0x18, 0x58, 0x00, 0x00, 0x10, 0x00, 0x80, 0x00, 0x00, 0x80, 0x5f, 0x9b, 0x34, 0xfb}, {0x3f, 0x4f, 0x01}},
    {{0x00, 0x00, 0x18, 0x59, 0x00, 0x00, 0x10, 0x00, 0x80, 0x00, 0x00, 0x80, 0x5f, 0x9b, 0x34, 0xfb}, {0x4c, 0x4f, 0x01}},
    {{0x00, 0x00, 0x18, 0x5b, 0x00, 0x00, 0x10, 0x00, 0x80, 0x00, 0x00, 0x80, 0x5f, 0x9b, 0x34, 0xfb}, {0x64, 0x4f, 0x01}},
    {{0x00, 0x00, 0x18, 0x60, 0x00, 0x00, 0x10, 0x00, 0x80, 0x00, 0x00, 0x80, 0x5f, 0x9b, 0x34, 0xfb}, {0x7a, 0x4f, 0x01}},
    {{0x00, 0x00, 0xfc, 0xb2, 0x00, 0x00, 0x10, 0x00, 0x80, 0x00, 0x00, 0x80, 0x5f, 0x9b, 0x34, 0xfb}, {0xa2, 0x4f, 0x01}},
    {{0x00, 0x00, 0xfd, 0x0d, 0x00, 0x00, 0x10, 0x00, 0x80, 0x00, 0x00, 0x80, 0x5f, 0x9b, 0x34, 0xfb}, {0xc9, 0x4f, 0x01}},
    {{0x00, 0x00, 0xfd, 0x6f, 0x00, 0x00, 0x10, 0x00, 0x80, 0x00, 0x00, 0x80, 0x5f, 0x9b, 0x34, 0xfb}, {0xe4, 0x4f, 0x01}},
    {{0x00, 0x00, 0xfe, 0x0f, 0x00, 0x00, 0x10, 0x00, 0x80, 0x00, 0x00, 0x80, 0x5f, 0x9b, 0x34, 0xfb}, {0x02, 0x50, 0x01}},
    {{0x00, 0x00, 0xfe, 0x2c, 0x00, 0x00, 0x10, 0x00, 0x80, 0x00, 0x00, 0x80, 0x5f, 0x9b, 0x34, 0xfb}, {0x3f, 0x50, 0x01}},
    {{0x00, 0x00, 0xfe, 0x59, 0x00, 0x00, 0x10, 0x00, 0x80, 0x00, 0x00, 0x80, 0x5f, 0x9b, 0x34, 0xfb}, {0x51, 0x50, 0x01}},
    {{0x00, 0x00, 0xfe, 0xaa, 0x00, 0x00, 0x10, 0x00, 0x80, 0x00, 0x00, 0x80, 0x5f, 0x9b, 0x34, 0xfb}, {0x64, 0x50, 0x01}},
    {{0x00, 0x00, 0xfe, 0xbb, 0x00, 0x00, 0x10, 0x00, 0x80, 0x00, 0x00, 0x80, 0x5f, 0x9b, 0x34, 0xfb}, {0x6e, 0x50, 0x01}},
    {{0x04, 0x83, 0xda, 0xdd, 0x6c, 0x9d, 0x6c, 0xa9, 0x5d, 0x41, 0x03, 0xad, 0x4f, 0xff, 0x4a, 0xbb}, {0x90, 0x50, 0x01}},
    {{0x0f, 0xda, 0x92, 0xb2, 0x44, 0xa2, 0x4a, 0xf2, 0x84, 0xf5, 0xfa, 0x68, 0x2b, 0xaa, 0x2b, 0x8d}, {0xaa, 0x50, 0x01}},
    {{0x14, 0x38, 0x78, 0x00, 0x13, 0x0c, 0x49, 0xe7, 0xb8, 0x77, 0x28, 0x81, 0xc8, 0x9c, 0xb2, 0x58}, {0xc8, 0x50, 0x01}},
    {{0x21, 0x49, 0x00, 0x00, 0x49, 0x4a, 0x45, 0x73, 0x98, 0xaf, 0xf1, 0x26, 0xaf, 0x76, 0xf4, 0x90}, {0xea, 0x50, 0x01}},
    {{0x54, 0x22, 0x00, 0x00, 0xf6, 0xa5, 0x40, 0x07, 0xa3, 0x71, 0x72, 0x2f, 0x4e, 0xbd, 0x84, 0x36}, {0x18, 0x51, 0x01}},
    {{0x57, 0xa7, 0x00, 0x00, 0x93, 0x50, 0x11, 0xed, 0xa1, 0xeb, 0x02, 0x42, 0xac, 0x12, 0x00, 0x02}, {0x34, 0x51, 0x01}},
    {{0x6e, 0x40, 0x00, 0x01, 0xb5, 0xa3, 0xf3, 0x93, 0xe0, 0xa9, 0xe5, 0x0e, 0x24, 0xdc, 0xca, 0x9e}, {0x52, 0x51, 0x01}},
    {{0x79, 0x05, 0xf4, 0x31, 0xb5, 0xce, 0x4e, 0x99, 0xa4, 0x0f, 0x4b, 0x1e, 0x12, 0x2d, 0x00, 0xd0}, {0x66, 0x51, 0x01}},
    {{0x7d, 0xfc, 0x60, 0x00, 0x7d, 0x1c, 0x49, 0x51, 0x86, 0xaa, 0x8d, 0x97, 0x28, 0xf8, 0xd6, 0x6c}, {0x88, 0x51, 0x01}},
    {{0x7d, 0xfc, 0x70, 0x00, 0x7d, 0x1c, 0x49, 0x51, 0x86, 0xaa, 0x8d, 0x97, 0x28, 0xf8, 0xd6, 0x6c}, {0x88, 0x51, 0x01}},
    {{0x7d, 0xfc, 0x80, 0x00, 0x7d, 0x1c, 0x49, 0x51, 0x86, 0xaa, 0x8d, 0x97, 0x28, 0xf8, 0xd6, 0x6c}, {0x88, 0x51, 0x01}},
    {{0x7d, 0xfc, 0x90, 0x00, 0x7d, 0x1c, 0x49, 0x51, 0x86, 0xaa, 0x8d, 0x97, 0x28, 0xf8, 0xd6, 0x6c}, {0x88, 0x51, 0x01}},
    {{0x89, 0xd3, 0x50, 0x2b, 0x0f, 0x36, 0x43, 0x3a, 0x8e, 0xf4, 0xc5, 0x02, 0xad, 0x55, 0xf8, 0xdc}, {0x9f, 0x51, 0x01}},
    {{0x8d, 0x53, 0xdc, 0x1d, 0x1d, 0xb7, 0x4c, 0xd3, 0x86, 0x8b, 0x8a, 0x52, 0x74, 0x60, 0xaa, 0x84}, {0xb3, 0x51, 0x01}},
    {{0x8e, 0x40, 0x00, 0x01, 0xf3, 0x15, 0x4f, 0x60, 0x9f, 0xb8, 0x83, 0x88, 0x30, 0xda, 0xea, 0x50}, {0xbf, 0x51, 0x01}},
    {{0x93, 0x2c, 0x32, 0xbd, 0x00, 0x00, 0x47, 0xa2, 0x83, 0x5a, 0xa8, 0xd4, 0x55, 0xb8, 0x59, 0xdd}, {0xe3, 0x51, 0x01}},
    {{0xa3, 0xc8, 0x75, 0x00, 0x8e, 0xd3, 0x4b, 0xdf, 0x8a, 0x39, 0xa0, 0x1b, 0xeb, 0xed, 0xe2, 0x95}, {0x05, 0x52, 0x01}},
    {{0xa5, 0xb4, 0x63, 0x52, 0x9d, 0x13, 0x47, 0x9f, 0x9f, 0xcb, 0x3d, 0xcd, 0xf0, 0xa1, 0x3f, 0x4d}, {0x25, 0x52, 0x01}},
    {{0xad, 0xaf, 0x01, 0x00, 0xc3, 0x32, 0x42, 0xa8, 0x93, 0xbd, 0x25, 0xe9, 0x05, 0x75, 0x6c, 0xb8}, {0x37, 0x52, 0x01}},
    {{0xad, 0xaf, 0x02, 0x00, 0xc3, 0x32, 0x42, 0xa8, 0x93, 0xbd, 0x25, 0xe9, 0x05, 0x75, 0x6c, 0xb8}, {0x54, 0x52, 0x01}},
    {{0xad, 0xaf, 0x03, 0x00, 0xc3, 0x32, 0x42, 0xa8, 0x93, 0xbd, 0x25, 0xe9, 0x05, 0x75, 0x6c, 0xb8}, {0x73, 0x52, 0x01}},
    {{0xad, 0xaf, 0x04, 0x00, 0xc3, 0x32, 0x42, 0xa8, 0x93, 0xbd, 0x25, 0xe9, 0x05, 0x75, 0x6c, 0xb8}, {0x8a, 0x52, 0x01}},
    {{0xad, 0xaf, 0x05, 0x00, 0xc3, 0x32, 0x42, 0xa8, 0x93, 0xbd, 0x25, 0xe9, 0x05, 0x75, 0x6c, 0xb8}, {0xa5, 0x52, 0x01}},
    {{0xad, 0xaf, 0x06, 0x00, 0xc3, 0x32, 0x42, 0xa8, 0x93, 0xbd, 0x25, 0xe9, 0x05, 0x75, 0x6c, 0xb8}, {0xc3, 0x52, 0x01}},
    {{0xad, 0xaf, 0x07, 0x00, 0xc3, 0x32, 0x42, 0xa8, 0x93, 0xbd, 0x25, 0xe9, 0x05, 0x75, 0x6c, 0xb8}, {0xdb, 0x52, 0x01}},
    {{0xad, 0xaf, 0x08, 0x00, 0xc3, 0x32, 0x42, 0xa8, 0x93, 0xbd, 0x25, 0xe9, 0x05, 0x75, 0x6c, 0xb8}, {0xf5, 0x52, 0x01}},
    {{0xad, 0xaf, 0x09, 0x00, 0xc3, 0x32, 0x42, 0xa8, 0x93, 0xbd, 0x25, 0xe9, 0x05, 0x75, 0x6c, 0xb8}, {0x11, 0x53, 0x01}},
    {{0xad, 0xaf, 0x0a, 0x00, 0xc3, 0x32, 0x42, 0xa8, 0x93, 0xbd, 0x25, 0xe9, 0x05, 0x75, 0x6c, 0xb8}, {0x2e, 0x53, 0x01}},
    {{0xad, 0xaf, 0x0b, 0x00, 0xc3, 0x32, 0x42, 0xa8, 0x93, 0xbd, 0x25, 0xe9, 0x05, 0x75, 0x6c, 0xb8}, {0x45, 0x53, 0x01}},
    {{0xad, 0xaf, 0x0c, 0x00, 0xc3, 0x32, 0x42, 0xa8, 0x93, 0xbd, 0x25, 0xe9, 0x05, 0x75, 0x6c, 0xb8}, {0x5c, 0x53, 0x01}},
    {{0xad, 0xaf, 0x0d, 0x00, 0xc3, 0x32, 0x42, 0xa8, 0x93, 0xbd, 0x25, 0xe9, 0x05, 0x75, 0x6c, 0xb8}, {0x72, 0x53, 0x01}},
    {{0xad, 0xaf, 0x0e, 0x00, 0xc3, 0x32, 0x42, 0xa8, 0x93, 0xbd, 0x25, 0xe9, 0x05, 0x75, 0x6c, 0xb8}, {0x8e, 0x53, 0x01}},
    {{0xb2, 0x00, 0x7a, 0xaa, 0xc2, 0x03, 0x43, 0xa5, 0x8b, 0x6f, 0xa7, 0xf3, 0xd0, 0x01, 0xa1, 0xe0}, {0xa9, 0x53, 0x01}},
    {{0xb8, 0x84, 0x3a, 0xdd, 0x00, 0x00, 0x4a, 0xa1, 0x87, 0x94, 0xc3, 0xf4, 0x62, 0x03, 0x0b, 0xda}, {0xbc, 0x53, 0x01}},
    {{0xe2, 0xa0, 0x00, 0x01, 0xec, 0x31, 0x4e, 0xc3, 0xa9, 0x7a, 0x1c, 0x34, 0xd8, 0x7e, 0x98, 0x78}, {0xdd, 0x53, 0x01}},
    {{0xe9, 0x5d, 0x07, 0x53, 0x25, 0x1d, 0x47, 0x0a, 0xa0, 0x62, 0xfa, 0x19, 0x22, 0xdf, 0xa9, 0xa8}, {0x04, 0x54, 0x01}},
    {{0xe9, 0x5d, 0x12, 0x7b, 0x25, 0x1d, 0x47, 0x0a, 0xa0, 0x62, 0xfa, 0x19, 0x22, 0xdf, 0xa9, 0xa8}, {0x24, 0x54, 0x01}},
    {{0xe9, 0x5d, 0x61, 0x00, 0x25, 0x1d, 0x47, 0x0a, 0xa0, 0x62, 0xfa, 0x19, 0x22, 0xdf, 0xa9, 0xa8}, {0x3d, 0x54, 0x01}},
    {{0xe9, 0x5d, 0x93, 0xaf, 0x25, 0x1d, 0x47, 0x0a, 0xa0, 0x62, 0xfa, 0x19, 0x22, 0xdf, 0xa9, 0xa8}, {0x5b, 0x54, 0x01}},
    {{0xe9, 0x5d, 0x93, 0xb0, 0x25, 0x1d, 0x47, 0x0a, 0xa0, 0x62, 0xfa, 0x19, 0x22, 0xdf, 0xa9, 0xa8}, {0x73, 0x54, 0x01}},
    {{0xe9, 0x5d, 0x98, 0x82, 0x25, 0x1d, 0x47, 0x0a, 0xa0, 0x62, 0xfa, 0x19, 0x22, 0xdf, 0xa9, 0xa8}, {0x91, 0x54, 0x01}},
    {{0xe9, 0x5d, 0xd9, 0x1d, 0x25, 0x1d, 0x47, 0x0a, 0xa0, 0x62, 0xfa, 0x19, 0x22, 0xdf, 0xa9, 0xa8}, {0xaa, 0x54, 0x01}},
    {{0xe9, 0x5d, 0xf2, 0xd8, 0x25, 0x1d, 0x47, 0x0a, 0xa0, 0x62, 0xfa, 0x19, 0x22, 0xdf, 0xa9, 0xa8}, {0xc0, 0x54, 0x01}},
    {{0xef, 0x68, 0x01, 0x00, 0x9b, 0x35, 0x49, 0x33, 0x9b, 0x10, 0x52, 0xff, 0xa9, 0x74, 0x00, 0x42}, {0xdf, 0x54, 0x01}},
    {{0xef, 0x68, 0x02, 0x00, 0x9b, 0x35, 0x49, 0x33, 0x9b, 0x10, 0x52, 0xff, 0xa9, 0x74, 0x00, 0x42}, {0xfc, 0x54, 0x01}},
    {{0xef, 0x68, 0x03, 0x00, 0x9b, 0x35, 0x49, 0x33, 0x9b, 0x10, 0x52, 0xff, 0xa9, 0x74, 0x00, 0x42}, {0x1b, 0x55, 0x01}},
    {{0xef, 0x68, 0x04, 0x00, 0x9b, 0x35, 0x49, 0x33, 0x9b, 0x10, 0x52, 0xff, 0xa9, 0x74, 0x00, 0x42}, {0x2d, 0x55, 0x01}},
    {{0xef, 0x68, 0x05, 0x00, 0x9b, 0x35, 0x49, 0x33, 0x9b, 0x10, 0x52, 0xff, 0xa9, 0x74, 0x00, 0x42}, {0x43, 0x55, 0x01}},
    {{0xf0, 0x00, 0xff, 0xc0, 0x04, 0x51, 0x40, 0x00, 0xb0, 0x00, 0x00, 0x00, 0x00, 0x00, 0x00, 0x00}, {0x58, 0x55, 0x01}},
};
const size_t radio_service_records_count = 129u;

const char radio_registry_strings[] = {
    0x00, 0x45, 0x72, 0x69, 0x63, 0x73, 0x73, 0x6f, 0x6e, 0x20, 0x41, 0x42, 0x00, 0x4e, 0x6f, 0x6b,
    0x69, 0x61, 0x20, 0x4d, 0x6f, 0x62, 0x69, 0x6c, 0x65, 0x20, 0x50, 0x68, 0x6f, 0x6e, 0x65, 0x73,
    0x00, 0x49, 0x6e, 0x74, 0x65, 0x6c, 0x20, 0x43, 0x6f, 0x72, 0x70, 0x2e, 0x00, 0x49, 0x42, 0x4d,
    0x20, 0x43, 0x6f, 0x72, 0x70, 0x2e, 0x00, 0x54, 0x6f, 0x73, 0x68, 0x69, 0x62, 0x61, 0x20, 0x43,
    0x6f, 0x72, 0x70, 0x2e, 0x00, 0x33, 0x43, 0x6f, 0x6d, 0x00, 0x4d, 0x69, 0x63, 0x72, 0x6f, 0x73,
    0x6f, 0x66, 0x74, 0x00, 0x4c, 0x75, 0x63, 0x65, 0x6e, 0x74, 0x00, 0x4d, 0x6f, 0x74, 0x6f, 0x72,
    0x6f, 0x6c, 0x61, 0x00, 0x49, 0x6e, 0x66, 0x69, 0x6e, 0x65, 0x6f, 0x6e, 0x20, 0x54, 0x65, 0x63,
    0x68, 0x6e, 0x6f, 0x6c, 0x6f, 0x67, 0x69, 0x65, 0x73, 0x20, 0x41, 0x47, 0x00, 0x51, 0x75, 0x61,
    0x6c, 0x63, 0x6f, 0x6d, 0x6d, 0x20, 0x54, 0x65, 0x63, 0x68, 0x6e, 0x6f, 0x6c, 0x6f, 0x67, 0x69,
    0x65, 0x73, 0x20, 0x49, 0x6e, 0x74, 0x65, 0x72, 0x6e, 0x61, 0x74, 0x69, 0x6f, 0x6e, 0x61, 0x6c,
    0x2c, 0x20, 0x4c, 0x74, 0x64, 0x2e, 0x20, 0x28, 0x51, 0x54, 0x49, 0x4c, 0x29, 0x00, 0x53, 0x69,
    0x6c, 0x69, 0x63, 0x6f, 0x6e, 0x20, 0x57, 0x61, 0x76, 0x65, 0x00, 0x44, 0x69, 0x67, 0x69, 0x61,
    0x6e, 0x73, 0x77, 0x65, 0x72, 0x20, 0x41, 0x2f, 0x53, 0x00, 0x54, 0x65, 0x78, 0x61, 0x73, 0x20,
    0x49, 0x6e, 0x73, 0x74, 0x72, 0x75, 0x6d, 0x65, 0x6e, 0x74, 0x73, 0x20, 0x49, 0x6e, 0x63, 0x2e,
    0x00, 0x50, 0x61, 0x72, 0x74, 0x68, 0x75, 0x73, 0x20, 0x54, 0x65, 0x63, 0x68, 0x6e, 0x6f, 0x6c,
    0x6f, 0x67, 0x69, 0x65, 0x73, 0x20, 0x49, 0x6e, 0x63, 0x2e, 0x00, 0x42, 0x72, 0x6f, 0x61, 0x64,
    0x63, 0x6f, 0x6d, 0x20, 0x43, 0x6f, 0x72, 0x70, 0x6f, 0x72, 0x61, 0x74, 0x69, 0x6f, 0x6e, 0x00,
    0x4d, 0x69, 0x74, 0x65, 0x6c, 0x20, 0x53, 0x65, 0x6d, 0x69, 0x63, 0x6f, 0x6e, 0x64, 0x75, 0x63,
    0x74, 0x6f, 0x72, 0x00, 0x57, 0x69, 0x64, 0x63, 0x6f, 0x6d, 0x6d, 0x2c, 0x20, 0x49, 0x6e, 0x63,
    0x2e, 0x00, 0x5a, 0x65, 0x65, 0x76, 0x6f, 0x2c, 0x20, 0x49, 0x6e, 0x63, 0x2e, 0x00, 0x41, 0x74,
    0x6d, 0x65, 0x6c, 0x20, 0x43, 0x6f, 0x72, 0x70, 0x6f, 0x72, 0x61, 0x74, 0x69, 0x6f, 0x6e, 0x00,
    0x4d, 0x69, 0x74, 0x73, 0x75, 0x62, 0x69, 0x73, 0x68, 0x69, 0x20, 0x45, 0x6c, 0x65, 0x63, 0x74,
    0x72, 0x69, 0x63, 0x20, 0x43, 0x6f, 0x72, 0x70, 0x6f, 0x72, 0x61, 0x74, 0x69, 0x6f, 0x6e, 0x00,
    0x52, 0x54, 0x58, 0x20, 0x41, 0x2f, 0x53, 0x00, 0x4b, 0x43, 0x20, 0x54, 0x65, 0x63, 0x68, 0x6e,
    0x6f, 0x6c, 0x6f, 0x67, 0x79, 0x20, 0x49, 0x6e, 0x63, 0x2e, 0x00, 0x4e, 0x65, 0x77, 0x6c, 0x6f,
    0x67, 0x69, 0x63, 0x00, 0x54, 0x72, 0x61, 0x6e, 0x73, 0x69, 0x6c, 0x69, 0x63, 0x61, 0x2c, 0x20,
    0x49, 0x6e, 0x63, 0x2e, 0x00, 0x52, 0x6f, 0x68, 0x64, 0x65, 0x20, 0x26, 0x20, 0x53, 0x63, 0x68,
    0x77, 0x61, 0x72, 0x7a, 0x20, 0x47, 0x6d, 0x62, 0x48, 0x20, 0x26, 0x20, 0x43, 0x6f, 0x2e, 0x20,
    0x4b, 0x47, 0x00, 0x54, 0x54, 0x50, 0x43, 0x6f, 0x6d, 0x20, 0x4c, 0x69, 0x6d, 0x69, 0x74, 0x65,
    0x64, 0x00, 0x53, 0x69, 0x67, 0x6e, 0x69, 0x61, 0x20, 0x54, 0x65, 0x63, 0x68, 0x6e, 0x6f, 0x6c,
    0x6f, 0x67, 0x69, 0x65, 0x73, 0x2c, 0x20, 0x49, 0x6e, 0x63, 0x2e, 0x00, 0x43, 0x6f, 0x6e, 0x65,
    0x78, 0x61, 0x6e, 0x74, 0x20, 0x53, 0x79, 0x73, 0x74, 0x65, 0x6d, 0x73, 0x20, 0x49, 0x6e, 0x63,
    0x2e, 0x00, 0x51, 0x75, 0x61, 0x6c, 0x63, 0x6f, 0x6d, 0x6d, 0x00, 0x49, 0x6e, 0x76, 0x65, 0x6e,
    0x74, 0x65, 0x6c, 0x00, 0x41, 0x56, 0x4d, 0x20, 0x42, 0x65, 0x72, 0x6c, 0x69, 0x6e, 0x00, 0x42,
    0x61, 0x6e, 0x64, 0x53, 0x70, 0x65, 0x65, 0x64, 0x2c, 0x20, 0x49, 0x6e, 0x63, 0x2e, 0x00, 0x4d,
    0x61, 0x6e, 0x73, 0x65, 0x6c, 0x6c, 0x61, 0x20, 0x4c, 0x74, 0x64, 0x00, 0x4e, 0x45, 0x43, 0x20,
    0x43, 0x6f, 0x72, 0x70, 0x6f, 0x72, 0x61, 0x74, 0x69, 0x6f, 0x6e, 0x00, 0x57, 0x61, 0x76, 0x65,
    0x50, 0x6c, 0x75, 0x73, 0x20, 0x54, 0x65, 0x63, 0x68, 0x6e, 0x6f, 0x6c, 0x6f, 0x67, 0x79, 0x20,
    0x43, 0x6f, 0x2e, 0x2c, 0x20, 0x4c, 0x74, 0x64, 0x2e, 0x00, 0x41, 0x6c, 0x63, 0x61, 0x74, 0x65,
    0x6c, 0x00, 0x4e, 0x58, 0x50, 0x20, 0x42, 0x2e, 0x56, 0x2e, 0x00, 0x43, 0x20, 0x54, 0x65, 0x63,
    0x68, 0x6e, 0x6f, 0x6c, 0x6f, 0x67, 0x69, 0x65, 0x73, 0x00, 0x4f, 0x70, 0x65, 0x6e, 0x20, 0x49,
    0x6e, 0x74, 0x65, 0x72, 0x66, 0x61, 0x63, 0x65, 0x00, 0x52, 0x20, 0x46, 0x20, 0x4d, 0x69, 0x63,
    0x72, 0x6f, 0x20, 0x44, 0x65, 0x76, 0x69, 0x63, 0x65, 0x73, 0x00, 0x48, 0x69, 0x74, 0x61, 0x63,
    0x68, 0x69, 0x20, 0x4c, 0x74, 0x64, 0x00, 0x53, 0x79, 0x6d, 0x62, 0x6f, 0x6c, 0x20, 0x54, 0x65,
    0x63, 0x68, 0x6e, 0x6f, 0x6c, 0x6f, 0x67, 0x69, 0x65, 0x73, 0x2c, 0x20, 0x49, 0x6e, 0x63, 0x2e,
    0x00, 0x54, 0x65, 0x6e, 0x6f, 0x76, 0x69, 0x73, 0x00, 0x4d, 0x61, 0x63, 0x72, 0x6f, 0x6e, 0x69,
    0x78, 0x20, 0x49, 0x6e, 0x74, 0x65, 0x72, 0x6e, 0x61, 0x74, 0x69, 0x6f, 0x6e, 0x61, 0x6c, 0x20,
    0x43, 0x6f, 0x2e, 0x20, 0x4c, 0x74, 0x64, 0x2e, 0x00, 0x47, 0x43, 0x54, 0x20, 0x53, 0x65, 0x6d,
    0x69, 0x63, 0x6f, 0x6e, 0x64, 0x75, 0x63, 0x74, 0x6f, 0x72, 0x00, 0x4e, 0x6f, 0x72, 0x77, 0x6f,
    0x6f, 0x64, 0x20, 0x53, 0x79, 0x73, 0x74, 0x65, 0x6d, 0x73, 0x00, 0x4d, 0x65, 0x77, 0x54, 0x65,
    0x6c, 0x20, 0x54, 0x65, 0x63, 0x68, 0x6e, 0x6f, 0x6c, 0x6f, 0x67, 0x79, 0x20, 0x49, 0x6e, 0x63,
    0x2e, 0x00, 0x53, 0x54, 0x20, 0x4d, 0x69, 0x63, 0x72, 0x6f, 0x65, 0x6c, 0x65, 0x63, 0x74, 0x72,
    0x6f, 0x6e, 0x69, 0x63, 0x73, 0x00, 0x53, 0x79, 0x6e, 0x6f, 0x70, 0x73, 0x79, 0x73, 0x2c, 0x20,
    0x49, 0x6e, 0x63, 0x2e, 0x00, 0x52, 0x65, 0x64, 0x2d, 0x4d, 0x20, 0x28, 0x43, 0x6f, 0x6d, 0x6d,
    0x75, 0x6e, 0x69, 0x63, 0x61, 0x74, 0x69, 0x6f, 0x6e, 0x73, 0x29, 0x20, 0x4c, 0x74, 0x64, 0x00,
    0x43, 0x6f, 0x6d, 0x6d, 0x69, 0x6c, 0x20, 0x4c, 0x74, 0x64, 0x00, 0x43, 0x6f, 0x6d, 0x70, 0x75,
    0x74, 0x65, 0x72, 0x20, 0x41, 0x63, 0x63, 0x65, 0x73, 0x73, 0x20, 0x54, 0x65, 0x63, 0x68, 0x6e,
    0x6f, 0x6c, 0x6f, 0x67, 0x79, 0x20, 0x43, 0x6f, 0x72, 0x70, 0x6f, 0x72, 0x61, 0x74, 0x69, 0x6f,
    0x6e, 0x20, 0x28, 0x43, 0x41, 0x54, 0x43, 0x29, 0x00, 0x52, 0x65, 0x6e, 0x65, 0x73, 0x61, 0x73,
    0x20, 0x45, 0x6c, 0x65, 0x63, 0x74, 0x72, 0x6f, 0x6e, 0x69, 0x63, 0x73, 0x20, 0x43, 0x6f, 0x72,
    0x70, 0x6f, 0x72, 0x61, 0x74, 0x69, 0x6f, 0x6e, 0x00, 0x4d, 0x6f, 0x62, 0x69, 0x6c, 0x69, 0x61,
    0x6e, 0x20, 0x43, 0x6f, 0x72, 0x70, 0x6f, 0x72, 0x61, 0x74, 0x69, 0x6f, 0x6e, 0x00, 0x53, 0x79,
    0x6e, 0x74, 0x72, 0x6f, 0x6e, 0x69, 0x78, 0x20, 0x43, 0x6f, 0x72, 0x70, 0x6f, 0x72, 0x61, 0x74,
    0x69, 0x6f, 0x6e, 0x00, 0x49, 0x6e, 0x74, 0x65, 0x67, 0x72, 0x61, 0x74, 0x65, 0x64, 0x20, 0x53,
    0x79, 0x73, 0x74, 0x65, 0x6d, 0x20, 0x53, 0x6f, 0x6c, 0x75, 0x74, 0x69, 0x6f, 0x6e, 0x20, 0x43,
    0x6f, 0x72, 0x70, 0x2e, 0x00, 0x50, 0x61, 0x6e, 0x61, 0x73, 0x6f, 0x6e, 0x69, 0x63, 0x20, 0x48,
    0x6f, 0x6c, 0x64, 0x69, 0x6e, 0x67, 0x73, 0x20, 0x43, 0x6f, 0x72, 0x70, 0x6f, 0x72, 0x61, 0x74,
    0x69, 0x6f, 0x6e, 0x00, 0x47, 0x65, 0x6e, 0x6e, 0x75, 0x6d, 0x20, 0x43, 0x6f, 0x72, 0x70, 0x6f,
    0x72, 0x61, 0x74, 0x69, 0x6f, 0x6e, 0x00, 0x42, 0x6c, 0x61, 0x63, 0x6b, 0x42, 0x65, 0x72, 0x72,
    0x79, 0x20, 0x4c, 0x69, 0x6d, 0x69, 0x74, 0x65, 0x64, 0x00, 0x49, 0x50, 0x65, 0x78, 0x74, 0x72,
    0x65, 0x6d, 0x65, 0x2c, 0x20, 0x49, 0x6e, 0x63, 0x2e, 0x00, 0x53, 0x79, 0x73, 0x74, 0x65, 0x6d,
    0x73, 0x20, 0x61, 0x6e, 0x64, 0x20, 0x43, 0x68, 0x69, 0x70, 0x73, 0x2c, 0x20, 0x49, 0x6e, 0x63,
    0x00, 0x42, 0x6c, 0x75, 0x65, 0x74, 0x6f, 0x6f, 0x74, 0x68, 0x20, 0x53, 0x49, 0x47, 0x2c, 0x20,
    0x49, 0x6e, 0x63, 0x00, 0x53, 0x65, 0x69, 0x6b, 0x6f, 0x20, 0x45, 0x70, 0x73, 0x6f, 0x6e, 0x20,
    0x43, 0x6f, 0x72, 0x70, 0x6f, 0x72, 0x61, 0x74, 0x69, 0x6f, 0x6e, 0x00, 0x49, 0x6e, 0x74, 0x65,
    0x67, 0x72, 0x61, 0x74, 0x65, 0x64, 0x20, 0x53, 0x69, 0x6c, 0x69, 0x63, 0x6f, 0x6e, 0x20, 0x53,
    0x6f, 0x6c, 0x75, 0x74, 0x69, 0x6f, 0x6e, 0x20, 0x54, 0x61, 0x69, 0x77, 0x61, 0x6e, 0x2c, 0x20,
    0x49, 0x6e, 0x63, 0x2e, 0x00, 0x43, 0x4f, 0x4e, 0x57, 0x49, 0x53, 0x45, 0x20, 0x54, 0x65, 0x63,
    0x68, 0x6e, 0x6f, 0x6c, 0x6f, 0x67, 0x79, 0x20, 0x43, 0x6f, 0x72, 0x70, 0x6f, 0x72, 0x61, 0x74,
    0x69, 0x6f, 0x6e, 0x20, 0x4c, 0x74, 0x64, 0x00, 0x50, 0x41, 0x52, 0x52, 0x4f, 0x54, 0x20, 0x41,
    0x55, 0x54, 0x4f, 0x4d, 0x4f, 0x54, 0x49, 0x56, 0x45, 0x20, 0x53, 0x41, 0x53, 0x00, 0x53, 0x6f,
    0x63, 0x6b, 0x65, 0x74, 0x20, 0x4d, 0x6f, 0x62, 0x69, 0x6c, 0x65, 0x00, 0x41, 0x74, 0x68, 0x65,
    0x72, 0x6f, 0x73, 0x20, 0x43, 0x6f, 0x6d, 0x6d, 0x75, 0x6e, 0x69, 0x63, 0x61, 0x74, 0x69, 0x6f,
    0x6e, 0x73, 0x2c, 0x20, 0x49, 0x6e, 0x63, 0x2e, 0x00, 0x4d, 0x65, 0x64, 0x69, 0x61, 0x54, 0x65,
    0x6b, 0x2c, 0x20, 0x49, 0x6e, 0x63, 0x2e, 0x00, 0x42, 0x6c, 0x75, 0x65, 0x67, 0x69, 0x67, 0x61,
    0x00, 0x4d, 0x61, 0x72, 0x76, 0x65, 0x6c, 0x6c, 0x20, 0x54, 0x65, 0x63, 0x68, 0x6e, 0x6f, 0x6c,
    0x6f, 0x67, 0x79, 0x20, 0x47, 0x72, 0x6f, 0x75, 0x70, 0x20, 0x4c, 0x74, 0x64, 0x2e, 0x00, 0x33,
    0x44, 0x53, 0x50, 0x20, 0x43, 0x6f, 0x72, 0x70, 0x6f, 0x72, 0x61, 0x74, 0x69, 0x6f, 0x6e, 0x00,
    0x41, 0x63, 0x63, 0x65, 0x6c, 0x20, 0x53, 0x65, 0x6d, 0x69, 0x63, 0x6f, 0x6e, 0x64, 0x75, 0x63,
    0x74, 0x6f, 0x72, 0x20, 0x4c, 0x74, 0x64, 0x2e, 0x00, 0x41, 0x55, 0x4d, 0x4f, 0x56, 0x49, 0x4f,
    0x20, 0x53, 0x79, 0x73, 0x74, 0x65, 0x6d, 0x73, 0x2c, 0x20, 0x49, 0x6e, 0x63, 0x2e, 0x00, 0x41,
    0x70, 0x70, 0x6c, 0x65, 0x2c, 0x20, 0x49, 0x6e, 0x63, 0x2e, 0x00, 0x53, 0x74, 0x61, 0x63, 0x63,
    0x61, 0x74, 0x6f, 0x20, 0x43, 0x6f, 0x6d, 0x6d, 0x75, 0x6e, 0x69, 0x63, 0x61, 0x74, 0x69, 0x6f,
    0x6e, 0x73, 0x2c, 0x20, 0x49, 0x6e, 0x63, 0x2e, 0x00, 0x41, 0x76, 0x61, 0x67, 0x6f, 0x20, 0x54,
    0x65, 0x63, 0x68, 0x6e, 0x6f, 0x6c, 0x6f, 0x67, 0x69, 0x65, 0x73, 0x00, 0x41, 0x50, 0x54, 0x20,
    0x4c, 0x74, 0x64, 0x2e, 0x00, 0x53, 0x69, 0x52, 0x46, 0x20, 0x54, 0x65, 0x63, 0x68, 0x6e, 0x6f,
    0x6c, 0x6f, 0x67, 0x79, 0x2c, 0x20, 0x49, 0x6e, 0x63, 0x2e, 0x00, 0x54, 0x7a, 0x65, 0x72, 0x6f,
    0x20, 0x54, 0x65, 0x63, 0x68, 0x6e, 0x6f, 0x6c, 0x6f, 0x67, 0x69, 0x65, 0x73, 0x2c, 0x20, 0x49,
    0x6e, 0x63, 0x2e, 0x00, 0x4a, 0x26, 0x4d, 0x20, 0x43, 0x6f, 0x72, 0x70, 0x6f, 0x72, 0x61, 0x74,
    0x69, 0x6f, 0x6e, 0x00, 0x46, 0x72, 0x65, 0x65, 0x32, 0x6d, 0x6f, 0x76, 0x65, 0x20, 0x41, 0x42,
    0x00, 0x33, 0x44, 0x69, 0x4a, 0x6f, 0x79, 0x20, 0x43, 0x6f, 0x72, 0x70, 0x6f, 0x72, 0x61, 0x74,
    0x69, 0x6f, 0x6e, 0x00, 0x50, 0x6c, 0x61, 0x6e, 0x74, 0x72, 0x6f, 0x6e, 0x69, 0x63, 0x73, 0x2c,
    0x20, 0x49, 0x6e, 0x63, 0x2e, 0x00, 0x53, 0x6f, 0x6e, 0x79, 0x20, 0x45, 0x72, 0x69, 0x63, 0x73,
    0x73, 0x6f, 0x6e, 0x20, 0x4d, 0x6f, 0x62, 0x69, 0x6c, 0x65, 0x20, 0x43, 0x6f, 0x6d, 0x6d, 0x75,
    0x6e, 0x69, 0x63, 0x61, 0x74, 0x69, 0x6f, 0x6e, 0x73, 0x00, 0x48, 0x61, 0x72, 0x6d, 0x61, 0x6e,
    0x20, 0x49, 0x6e, 0x74, 0x65, 0x72, 0x6e, 0x61, 0x74, 0x69, 0x6f, 0x6e, 0x61, 0x6c, 0x20, 0x49,
    0x6e, 0x64, 0x75, 0x73, 0x74, 0x72, 0x69, 0x65, 0x73, 0x2c, 0x20, 0x49, 0x6e, 0x63, 0x2e, 0x00,
    0x56, 0x69, 0x7a, 0x69, 0x6f, 0x2c, 0x20, 0x49, 0x6e, 0x63, 0x2e, 0x00, 0x4e, 0x6f, 0x72, 0x64,
    0x69, 0x63, 0x20, 0x53, 0x65, 0x6d, 0x69, 0x63, 0x6f, 0x6e, 0x64, 0x75, 0x63, 0x74, 0x6f, 0x72,
    0x20, 0x41, 0x53, 0x41, 0x00, 0x45, 0x4d, 0x20, 0x4d, 0x69, 0x63, 0x72, 0x6f, 0x65, 0x6c, 0x65,
    0x63, 0x74, 0x72, 0x6f, 0x6e, 0x69, 0x63, 0x2d, 0x4d, 0x61, 0x72, 0x69, 0x6e, 0x20, 0x53, 0x41,
    0x00, 0x52, 0x61, 0x6c, 0x69, 0x6e, 0x6b, 0x20, 0x54, 0x65, 0x63, 0x68, 0x6e, 0x6f, 0x6c, 0x6f,
    0x67, 0x79, 0x20, 0x43, 0x6f, 0x72, 0x70, 0x6f, 0x72, 0x61, 0x74, 0x69, 0x6f, 0x6e, 0x00, 0x42,
    0x65, 0x6c, 0x6b, 0x69, 0x6e, 0x20, 0x49, 0x6e, 0x74, 0x65, 0x72, 0x6e, 0x61, 0x74, 0x69, 0x6f,
    0x6e, 0x61, 0x6c, 0x2c, 0x20, 0x49, 0x6e, 0x63, 0x2e, 0x00, 0x52, 0x65, 0x61, 0x6c, 0x74, 0x65,
    0x6b, 0x20, 0x53, 0x65, 0x6d, 0x69, 0x63, 0x6f, 0x6e, 0x64, 0x75, 0x63, 0x74, 0x6f, 0x72, 0x20,
    0x43, 0x6f, 0x72, 0x70, 0x6f, 0x72, 0x61, 0x74, 0x69, 0x6f, 0x6e, 0x00, 0x53, 0x74, 0x6f, 0x6e,
    0x65, 0x73, 0x74, 0x72, 0x65, 0x65, 0x74, 0x20, 0x4f, 0x6e, 0x65, 0x2c, 0x20, 0x4c, 0x4c, 0x43,
    0x00, 0x57, 0x69, 0x63, 0x65, 0x6e, 0x74, 0x72, 0x69, 0x63, 0x2c, 0x20, 0x49, 0x6e, 0x63, 0x2e,
    0x00, 0x52, 0x69, 0x76, 0x69, 0x65, 0x72, 0x61, 0x57, 0x61, 0x76, 0x65, 0x73, 0x20, 0x53, 0x2e,
    0x41, 0x2e, 0x53, 0x00, 0x52, 0x44, 0x41, 0x20, 0x4d, 0x69, 0x63, 0x72, 0x6f, 0x65, 0x6c, 0x65,
    0x63, 0x74, 0x72, 0x6f, 0x6e, 0x69, 0x63, 0x73, 0x00, 0x47, 0x69, 0x62, 0x73, 0x6f, 0x6e, 0x20,
    0x47, 0x75, 0x69, 0x74, 0x61, 0x72, 0x73, 0x00, 0x4d, 0x69, 0x43, 0x6f, 0x6d, 0x6d, 0x61, 0x6e,
    0x64, 0x20, 0x49, 0x6e, 0x63, 0x2e, 0x00, 0x42, 0x61, 0x6e, 0x64, 0x20, 0x58, 0x49, 0x20, 0x49,
    0x6e, 0x74, 0x65, 0x72, 0x6e, 0x61, 0x74, 0x69, 0x6f, 0x6e, 0x61, 0x6c, 0x2c, 0x20, 0x4c, 0x4c,
    0x43, 0x00, 0x48, 0x50, 0x2c, 0x20, 0x49, 0x6e, 0x63, 0x2e, 0x00, 0x47, 0x4e, 0x20, 0x48, 0x65,
    0x61, 0x72, 0x69, 0x6e, 0x67, 0x00, 0x47, 0x65, 0x6e, 0x65, 0x72, 0x61, 0x6c, 0x20, 0x4d, 0x6f,
    0x74, 0x6f, 0x72, 0x73, 0x00, 0x41, 0x26, 0x44, 0x20, 0x45, 0x6e, 0x67, 0x69, 0x6e, 0x65, 0x65,
    0x72, 0x69, 0x6e, 0x67, 0x2c, 0x20, 0x49, 0x6e, 0x63, 0x2e, 0x00, 0x4c, 0x54, 0x4d, 0x20, 0x4c,
    0x69, 0x6d, 0x69, 0x74, 0x65, 0x64, 0x00, 0x50, 0x6f, 0x6c, 0x61, 0x72, 0x20, 0x45, 0x6c, 0x65,
    0x63, 0x74, 0x72, 0x6f, 0x20, 0x4f, 0x59, 0x00, 0x42, 0x65, 0x61, 0x75, 0x74, 0x69, 0x66, 0x75,
    0x6c, 0x20, 0x45, 0x6e, 0x74, 0x65, 0x72, 0x70, 0x72, 0x69, 0x73, 0x65, 0x20, 0x43, 0x6f, 0x2e,
    0x2c, 0x20, 0x4c, 0x74, 0x64, 0x2e, 0x00, 0x53, 0x75, 0x6d, 0x6d, 0x69, 0x74, 0x20, 0x44, 0x61,
    0x74, 0x61, 0x20, 0x43, 0x6f, 0x6d, 0x6d, 0x75, 0x6e, 0x69, 0x63, 0x61, 0x74, 0x69, 0x6f, 0x6e,
    0x73, 0x2c, 0x20, 0x49, 0x6e, 0x63, 0x2e, 0x00, 0x53, 0x6f, 0x75, 0x6e, 0x64, 0x20, 0x49, 0x44,
    0x00, 0x4d, 0x6f, 0x6e, 0x73, 0x74, 0x65, 0x72, 0x2c, 0x20, 0x4c, 0x4c, 0x43, 0x00, 0x63, 0x6f,
    0x6e, 0x6e, 0x65, 0x63, 0x74, 0x42, 0x6c, 0x75, 0x65, 0x20, 0x41, 0x42, 0x00, 0x53, 0x68, 0x61,
    0x6e, 0x67, 0x48, 0x61, 0x69, 0x20, 0x53, 0x75, 0x70, 0x65, 0x72, 0x20, 0x53, 0x6d, 0x61, 0x72,
    0x74, 0x20, 0x45, 0x6c, 0x65, 0x63, 0x74, 0x72, 0x6f, 0x6e, 0x69, 0x63, 0x73, 0x20, 0x43, 0x6f,
    0x2e, 0x20, 0x4c, 0x74, 0x64, 0x2e, 0x00, 0x47, 0x72, 0x6f, 0x75, 0x70, 0x20, 0x53, 0x65, 0x6e,
    0x73, 0x65, 0x20, 0x4c, 0x74, 0x64, 0x2e, 0x00, 0x5a, 0x6f, 0x6d, 0x6d, 0x2c, 0x20, 0x4c, 0x4c,
    0x43, 0x00, 0x53, 0x61, 0x6d, 0x73, 0x75, 0x6e, 0x67, 0x20, 0x45, 0x6c, 0x65, 0x63, 0x74, 0x72,
    0x6f, 0x6e, 0x69, 0x63, 0x73, 0x20, 0x43, 0x6f, 0x2e, 0x20, 0x4c, 0x74, 0x64, 0x2e, 0x00, 0x43,
    0x72, 0x65, 0x61, 0x74, 0x69, 0x76, 0x65, 0x20, 0x54, 0x65, 0x63, 0x68, 0x6e, 0x6f, 0x6c, 0x6f,
    0x67, 0x79, 0x20, 0x4c, 0x74, 0x64, 0x2e, 0x00, 0x4c, 0x61, 0x69, 0x72, 0x64, 0x20, 0x43, 0x6f,
    0x6e, 0x6e, 0x65, 0x63, 0x74, 0x69, 0x76, 0x69, 0x74, 0x79, 0x20, 0x4c, 0x4c, 0x43, 0x00, 0x4e,
    0x69, 0x6b, 0x65, 0x2c, 0x20, 0x49, 0x6e, 0x63, 0x2e, 0x00, 0x6c, 0x65, 0x73, 0x73, 0x77, 0x69,
    0x72, 0x65, 0x20, 0x41, 0x47, 0x00, 0x4d, 0x53, 0x74, 0x61, 0x72, 0x20, 0x53, 0x65, 0x6d, 0x69,
    0x63, 0x6f, 0x6e, 0x64, 0x75, 0x63, 0x74, 0x6f, 0x72, 0x2c, 0x20, 0x49, 0x6e, 0x63, 0x2e, 0x00,
    0x48, 0x61, 0x6e, 0x6c, 0x79, 0x6e, 0x6e, 0x20, 0x54, 0x65, 0x63, 0x68, 0x6e, 0x6f, 0x6c, 0x6f,
    0x67, 0x69, 0x65, 0x73, 0x00, 0x53, 0x65, 0x65, 0x72, 0x73, 0x20, 0x54, 0x65, 0x63, 0x68, 0x6e,
    0x6f, 0x6c, 0x6f, 0x67, 0x79, 0x20, 0x43, 0x6f, 0x2e, 0x2c, 0x20, 0x4c, 0x74, 0x64, 0x2e, 0x00,
    0x41, 0x75, 0x74, 0x6f, 0x6e, 0x65, 0x74, 0x20, 0x4d, 0x6f, 0x62, 0x69, 0x6c, 0x65, 0x00, 0x44,
    0x65, 0x4c, 0x6f, 0x72, 0x6d, 0x65, 0x20, 0x50, 0x75, 0x62, 0x6c, 0x69, 0x73, 0x68, 0x69, 0x6e,
    0x67, 0x20, 0x43, 0x6f, 0x6d, 0x70, 0x61, 0x6e, 0x79, 0x2c, 0x20, 0x49, 0x6e, 0x63, 0x2e, 0x00,
    0x57, 0x75, 0x58, 0x69, 0x20, 0x56, 0x69, 0x6d, 0x69, 0x63, 0x72, 0x6f, 0x00, 0x44, 0x53, 0x45,
    0x41, 0x20, 0x41, 0x2f, 0x53, 0x00, 0x54, 0x69, 0x6d, 0x65, 0x4b, 0x65, 0x65, 0x70, 0x69, 0x6e,
    0x67, 0x20, 0x53, 0x79, 0x73, 0x74, 0x65, 0x6d, 0x73, 0x2c, 0x20, 0x49, 0x6e, 0x63, 0x2e, 0x00,
    0x4c, 0x75, 0x64, 0x75, 0x73, 0x20, 0x48, 0x65, 0x6c, 0x73, 0x69, 0x6e, 0x6b, 0x69, 0x20, 0x4c,
    0x74, 0x64, 0x2e, 0x00, 0x42, 0x6c, 0x75, 0x65, 0x52, 0x61, 0x64, 0x69, 0x6f, 0x73, 0x2c, 0x20,
    0x49, 0x6e, 0x63, 0x2e, 0x00, 0x45, 0x71, 0x75, 0x69, 0x6e, 0x75, 0x78, 0x20, 0x41, 0x47, 0x00,
    0x47, 0x61, 0x72, 0x6d, 0x69, 0x6e, 0x20, 0x49, 0x6e, 0x74, 0x65, 0x72, 0x6e, 0x61, 0x74, 0x69,
    0x6f, 0x6e, 0x61, 0x6c, 0x2c, 0x20, 0x49, 0x6e, 0x63, 0x2e, 0x00, 0x47, 0x4e, 0x20, 0x48, 0x65,
    0x61, 0x72, 0x69, 0x6e, 0x67, 0x20, 0x41, 0x2f, 0x53, 0x00, 0x4a, 0x61, 0x77, 0x62, 0x6f, 0x6e,
    0x65, 0x00, 0x54, 0x6f, 0x70, 0x63, 0x6f, 0x6e, 0x20, 0x50, 0x6f, 0x73, 0x69, 0x74, 0x69, 0x6f,
    0x6e, 0x69, 0x6e, 0x67, 0x20, 0x53, 0x79, 0x73, 0x74, 0x65, 0x6d, 0x73, 0x2c, 0x20, 0x4c, 0x4c,
    0x43, 0x00, 0x47, 0x69, 0x6d, 0x62, 0x61, 0x6c, 0x20, 0x49, 0x6e, 0x63, 0x2e, 0x00, 0x5a, 0x73,
    0x63, 0x61, 0x6e, 0x20, 0x53, 0x6f, 0x66, 0x74, 0x77, 0x61, 0x72, 0x65, 0x00, 0x51, 0x75, 0x69,
    0x6e, 0x74, 0x69, 0x63, 0x20, 0x43, 0x6f, 0x72, 0x70, 0x00, 0x54, 0x65, 0x6c, 0x69, 0x74, 0x20,
    0x57, 0x69, 0x72, 0x65, 0x6c, 0x65, 0x73, 0x73, 0x20, 0x53, 0x6f, 0x6c, 0x75, 0x74, 0x69, 0x6f,
    0x6e, 0x73, 0x20, 0x47, 0x6d, 0x62, 0x48, 0x00, 0x46, 0x75, 0x6e, 0x61, 0x69, 0x20, 0x45, 0x6c,
    0x65, 0x63, 0x74, 0x72, 0x69, 0x63, 0x20, 0x43, 0x6f, 0x2e, 0x2c, 0x20, 0x4c, 0x74, 0x64, 0x2e,
    0x00, 0x41, 0x64, 0x76, 0x61, 0x6e, 0x63, 0x65, 0x64, 0x20, 0x50, 0x41, 0x4e, 0x4d, 0x4f, 0x42,
    0x49, 0x4c, 0x20, 0x73, 0x79, 0x73, 0x74, 0x65, 0x6d, 0x73, 0x20, 0x47, 0x6d, 0x62, 0x48, 0x20,
    0x26, 0x20, 0x43, 0x6f, 0x2e, 0x20, 0x4b, 0x47, 0x00, 0x54, 0x68, 0x69, 0x6e, 0x6b, 0x4f, 0x70,
    0x74, 0x69, 0x63, 0x73, 0x2c, 0x20, 0x49, 0x6e, 0x63, 0x2e, 0x00, 0x55, 0x6e, 0x69, 0x76, 0x65,
    0x72, 0x73, 0x61, 0x6c, 0x20, 0x45, 0x6c, 0x65, 0x63, 0x74, 0x72, 0x6f, 0x6e, 0x69, 0x63, 0x73,
    0x2c, 0x20, 0x49, 0x6e, 0x63, 0x2e, 0x00, 0x41, 0x69, 0x72, 0x6f, 0x68, 0x61, 0x20, 0x54, 0x65,
    0x63, 0x68, 0x6e, 0x6f, 0x6c, 0x6f, 0x67, 0x79, 0x20, 0x43, 0x6f, 0x72, 0x70, 0x2e, 0x00, 0x4e,
    0x45, 0x43, 0x20, 0x4c, 0x69, 0x67, 0x68, 0x74, 0x69, 0x6e, 0x67, 0x2c, 0x20, 0x4c, 0x74, 0x64,
    0x2e, 0x00, 0x4f, 0x44, 0x4d, 0x20, 0x54, 0x65, 0x63, 0x68, 0x6e, 0x6f, 0x6c, 0x6f, 0x67, 0x79,
    0x2c, 0x20, 0x49, 0x6e, 0x63, 0x2e, 0x00, 0x43, 0x6f, 0x6e, 0x6e, 0x65, 0x63, 0x74, 0x65, 0x44,
    0x65, 0x76, 0x69, 0x63, 0x65, 0x20, 0x4c, 0x74, 0x64, 0x2e, 0x00, 0x7a, 0x65, 0x72, 0x6f, 0x31,
    0x2e, 0x74, 0x76, 0x20, 0x47, 0x6d, 0x62, 0x48, 0x00, 0x69, 0x2e, 0x54, 0x65, 0x63, 0x68, 0x20,
    0x44, 0x79, 0x6e, 0x61, 0x6d, 0x69, 0x63, 0x20, 0x47, 0x6c, 0x6f, 0x62, 0x61, 0x6c, 0x20, 0x44,
    0x69, 0x73, 0x74, 0x72, 0x69, 0x62, 0x75, 0x74, 0x69, 0x6f, 0x6e, 0x20, 0x4c, 0x74, 0x64, 0x2e,
    0x00, 0x41, 0x6c, 0x70, 0x77, 0x69, 0x73, 0x65, 0x00, 0x4a, 0x69, 0x61, 0x6e, 0x67, 0x73, 0x75,
    0x20, 0x54, 0x6f, 0x70, 0x70, 0x6f, 0x77, 0x65, 0x72, 0x20, 0x41, 0x75, 0x74, 0x6f, 0x6d, 0x6f,
    0x74, 0x69, 0x76, 0x65, 0x20, 0x45, 0x6c, 0x65, 0x63, 0x74, 0x72, 0x6f, 0x6e, 0x69, 0x63, 0x73,
    0x20, 0x43, 0x6f, 0x2e, 0x2c, 0x20, 0x4c, 0x74, 0x64, 0x2e, 0x00, 0x43, 0x6f, 0x6c, 0x6f, 0x72,
    0x66, 0x79, 0x2c, 0x20, 0x49, 0x6e, 0x63, 0x2e, 0x00, 0x47, 0x65, 0x6f, 0x66, 0x6f, 0x72, 0x63,
    0x65, 0x20, 0x49, 0x6e, 0x63, 0x2e, 0x00, 0x42, 0x6f, 0x73, 0x65, 0x20, 0x43, 0x6f, 0x72, 0x70,
    0x6f, 0x72, 0x61, 0x74, 0x69, 0x6f, 0x6e, 0x00, 0x53, 0x75, 0x75, 0x6e, 0x74, 0x6f, 0x20, 0x4f,
    0x79, 0x00, 0x4b, 0x65, 0x6e, 0x73, 0x69, 0x6e, 0x67, 0x74, 0x6f, 0x6e, 0x20, 0x43, 0x6f, 0x6d,
    0x70, 0x75, 0x74, 0x65, 0x72, 0x20, 0x50, 0x72, 0x6f, 0x64, 0x75, 0x63, 0x74, 0x73, 0x20, 0x47,
    0x72, 0x6f, 0x75, 0x70, 0x00, 0x53, 0x52, 0x2d, 0x4d, 0x65, 0x64, 0x69, 0x7a, 0x69, 0x6e, 0x65,
    0x6c, 0x65, 0x6b, 0x74, 0x72, 0x6f, 0x6e, 0x69, 0x6b, 0x00, 0x56, 0x65, 0x72, 0x74, 0x75, 0x20,
    0x43, 0x6f, 0x72, 0x70, 0x6f, 0x72, 0x61, 0x74, 0x69, 0x6f, 0x6e, 0x20, 0x4c, 0x69, 0x6d, 0x69,
    0x74, 0x65, 0x64, 0x00, 0x4d, 0x65, 0x74, 0x61, 0x20, 0x57, 0x61, 0x74, 0x63, 0x68, 0x20, 0x4c,
    0x74, 0x64, 0x2e, 0x00, 0x4c, 0x49, 0x4e, 0x41, 0x4b, 0x20, 0x41, 0x2f, 0x53, 0x00, 0x4f, 0x54,
    0x4c, 0x20, 0x44, 0x79, 0x6e, 0x61, 0x6d, 0x69, 0x63, 0x73, 0x20, 0x4c, 0x4c, 0x43, 0x00, 0x50,
    0x61, 0x6e, 0x64, 0x61, 0x20, 0x4f, 0x63, 0x65, 0x61, 0x6e, 0x20, 0x49, 0x6e, 0x63, 0x2e, 0x00,
    0x56, 0x69, 0x73, 0x74, 0x65, 0x6f, 0x6e, 0x20, 0x43, 0x6f, 0x72, 0x70, 0x6f, 0x72, 0x61, 0x74,
    0x69, 0x6f, 0x6e, 0x00, 0x41, 0x52, 0x50, 0x20, 0x44, 0x65, 0x76, 0x69, 0x63, 0x65, 0x73, 0x20,
    0x4c, 0x69, 0x6d, 0x69, 0x74, 0x65, 0x64, 0x00, 0x4d, 0x41, 0x52, 0x45, 0x4c, 0x4c, 0x49, 0x20,
    0x45, 0x55, 0x52, 0x4f, 0x50, 0x45, 0x20, 0x53, 0x2e, 0x50, 0x2e, 0x41, 0x2e, 0x00, 0x43, 0x41,
    0x45, 0x4e, 0x20, 0x52, 0x46, 0x49, 0x44, 0x20, 0x73, 0x72, 0x6c, 0x00, 0x49, 0x6e, 0x67, 0x65,
    0x6e, 0x69, 0x65, 0x75, 0x72, 0x2d, 0x53, 0x79, 0x73, 0x74, 0x65, 0x6d, 0x67, 0x72, 0x75, 0x70,
    0x70, 0x65, 0x20, 0x5a, 0x61, 0x68, 0x6e, 0x20, 0x47, 0x6d, 0x62, 0x48, 0x00, 0x47, 0x72, 0x65,
    0x65, 0x6e, 0x20, 0x54, 0x68, 0x72, 0x6f, 0x74, 0x74, 0x6c, 0x65, 0x20, 0x47, 0x61, 0x6d, 0x65,
    0x73, 0x00, 0x50, 0x65, 0x74, 0x65, 0x72, 0x20, 0x53, 0x79, 0x73, 0x74, 0x65, 0x6d, 0x74, 0x65,
    0x63, 0x68, 0x6e, 0x69, 0x6b, 0x20, 0x47, 0x6d, 0x62, 0x48, 0x00, 0x4f, 0x6d, 0x65, 0x67, 0x61,
    0x77, 0x61, 0x76, 0x65, 0x20, 0x4f, 0x79, 0x00, 0x43, 0x69, 0x6e, 0x65, 0x74, 0x69, 0x78, 0x00,
    0x50, 0x61, 0x73, 0x73, 0x69, 0x66, 0x20, 0x53, 0x65, 0x6d, 0x69, 0x63, 0x6f, 0x6e, 0x64, 0x75,
    0x63, 0x74, 0x6f, 0x72, 0x20, 0x43, 0x6f, 0x72, 0x70, 0x00, 0x53, 0x61, 0x72, 0x69, 0x73, 0x20,
    0x43, 0x79, 0x63, 0x6c, 0x69, 0x6e, 0x67, 0x20, 0x47, 0x72, 0x6f, 0x75, 0x70, 0x2c, 0x20, 0x49,
    0x6e, 0x63, 0x00, 0x42, 0x65, 0x6b, 0x65, 0x79, 0x20, 0x41, 0x2f, 0x53, 0x00, 0x43, 0x6c, 0x61,
    0x72, 0x69, 0x6e, 0x6f, 0x78, 0x20, 0x54, 0x65, 0x63, 0x68, 0x6e, 0x6f, 0x6c, 0x6f, 0x67, 0x69,
    0x65, 0x73, 0x20, 0x50, 0x74, 0x79, 0x2e, 0x20, 0x4c, 0x74, 0x64, 0x2e, 0x00, 0x42, 0x44, 0x45,
    0x20, 0x54, 0x65, 0x63, 0x68, 0x6e, 0x6f, 0x6c, 0x6f, 0x67, 0x79, 0x20, 0x43, 0x6f, 0x2e, 0x2c,
    0x20, 0x4c, 0x74, 0x64, 0x2e, 0x00, 0x53, 0x77, 0x69, 0x72, 0x6c, 0x20, 0x4e, 0x65, 0x74, 0x77,
    0x6f, 0x72, 0x6b, 0x73, 0x00, 0x4d, 0x65, 0x73, 0x6f, 0x20, 0x69, 0x6e, 0x74, 0x65, 0x72, 0x6e,
    0x61, 0x74, 0x69, 0x6f, 0x6e, 0x61, 0x6c, 0x00, 0x54, 0x72, 0x65, 0x4c, 0x61, 0x62, 0x20, 0x4c,
    0x74, 0x64, 0x00, 0x51, 0x75, 0x61, 0x6c, 0x63, 0x6f, 0x6d, 0x6d, 0x20, 0x49, 0x6e, 0x6e, 0x6f,
    0x76, 0x61, 0x74, 0x69, 0x6f, 0x6e, 0x20, 0x43, 0x65, 0x6e, 0x74, 0x65, 0x72, 0x2c, 0x20, 0x49,
    0x6e, 0x63, 0x2e, 0x20, 0x28, 0x51, 0x75, 0x49, 0x43, 0x29, 0x00, 0x4a, 0x6f, 0x68, 0x6e, 0x73,
    0x6f, 0x6e, 0x20, 0x43, 0x6f, 0x6e, 0x74, 0x72, 0x6f, 0x6c, 0x73, 0x2c, 0x20, 0x49, 0x6e, 0x63,
    0x2e, 0x00, 0x53, 0x74, 0x61, 0x72, 0x6b, 0x65, 0x79, 0x20, 0x48, 0x65, 0x61, 0x72, 0x69, 0x6e,
    0x67, 0x20, 0x54, 0x65, 0x63, 0x68, 0x6e, 0x6f, 0x6c, 0x6f, 0x67, 0x69, 0x65, 0x73, 0x00, 0x53,
    0x2d, 0x50, 0x6f, 0x77, 0x65, 0x72, 0x20, 0x45, 0x6c, 0x65, 0x63, 0x74, 0x72, 0x6f, 0x6e, 0x69,
    0x63, 0x73, 0x20, 0x4c, 0x69, 0x6d, 0x69, 0x74, 0x65, 0x64, 0x00, 0x41, 0x63, 0x65, 0x20, 0x53,
    0x65, 0x6e, 0x73, 0x6f, 0x72, 0x20, 0x49, 0x6e, 0x63, 0x00, 0x41, 0x70, 0x6c, 0x69, 0x78, 0x20,
    0x43, 0x6f, 0x72, 0x70, 0x6f, 0x72, 0x61, 0x74, 0x69, 0x6f, 0x6e, 0x00, 0x41, 0x41, 0x4d, 0x50,
    0x20, 0x6f, 0x66, 0x20, 0x41, 0x6d, 0x65, 0x72, 0x69, 0x63, 0x61, 0x00, 0x53, 0x74, 0x61, 0x6c,
    0x6d, 0x61, 0x72, 0x74, 0x20, 0x54, 0x65, 0x63, 0x68, 0x6e, 0x6f, 0x6c, 0x6f, 0x67, 0x79, 0x20,
    0x4c, 0x69, 0x6d, 0x69, 0x74, 0x65, 0x64, 0x00, 0x41, 0x4d, 0x49, 0x43, 0x43, 0x4f, 0x4d, 0x20,
    0x45, 0x6c, 0x65, 0x63, 0x74, 0x72, 0x6f, 0x6e, 0x69, 0x63, 0x73, 0x20, 0x43, 0x6f, 0x72, 0x70,
    0x6f, 0x72, 0x61, 0x74, 0x69, 0x6f, 0x6e, 0x00, 0x53, 0x68, 0x65, 0x6e, 0x7a, 0x68, 0x65, 0x6e,
    0x20, 0x45, 0x78, 0x63, 0x65, 0x6c, 0x73, 0x65, 0x63, 0x75, 0x20, 0x44, 0x61, 0x74, 0x61, 0x20,
    0x54, 0x65, 0x63, 0x68, 0x6e, 0x6f, 0x6c, 0x6f, 0x67, 0x79, 0x20, 0x43, 0x6f, 0x2e, 0x2c, 0x4c,
    0x74, 0x64, 0x00, 0x47, 0x65, 0x6e, 0x65, 0x71, 0x20, 0x49, 0x6e, 0x63, 0x2e, 0x00, 0x61, 0x64,
    0x69, 0x64, 0x61, 0x73, 0x20, 0x41, 0x47, 0x00, 0x4c, 0x47, 0x20, 0x45, 0x6c, 0x65, 0x63, 0x74,
    0x72, 0x6f, 0x6e, 0x69, 0x63, 0x73, 0x00, 0x4f, 0x6e, 0x73, 0x65, 0x74, 0x20, 0x43, 0x6f, 0x6d,
    0x70, 0x75, 0x74, 0x65, 0x72, 0x20, 0x43, 0x6f, 0x72, 0x70, 0x6f, 0x72, 0x61, 0x74, 0x69, 0x6f,
    0x6e, 0x00, 0x53, 0x65, 0x6c, 0x66, 0x6c, 0x79, 0x20, 0x42, 0x56, 0x00, 0x51, 0x75, 0x75, 0x70,
    0x70, 0x61, 0x20, 0x4f, 0x79, 0x2e, 0x00, 0x47, 0x65, 0x4c, 0x6f, 0x20, 0x49, 0x6e, 0x63, 0x00,
    0x45, 0x76, 0x6c, 0x75, 0x6d, 0x61, 0x00, 0x4d, 0x43, 0x31, 0x30, 0x00, 0x42, 0x69, 0x6e, 0x61,
    0x75, 0x72, 0x69, 0x63, 0x20, 0x53, 0x45, 0x00, 0x42, 0x65, 0x61, 0x74, 0x73, 0x20, 0x45, 0x6c,
    0x65, 0x63, 0x74, 0x72, 0x6f, 0x6e, 0x69, 0x63, 0x73, 0x00, 0x4d, 0x69, 0x63, 0x72, 0x6f, 0x63,
    0x68, 0x69, 0x70, 0x20, 0x54, 0x65, 0x63, 0x68, 0x6e, 0x6f, 0x6c, 0x6f, 0x67, 0x79, 0x20, 0x49,
    0x6e, 0x63, 0x2e, 0x00, 0x45, 0x76, 0x65, 0x20, 0x53, 0x79, 0x73, 0x74, 0x65, 0x6d, 0x73, 0x20,
    0x47, 0x6d, 0x62, 0x48, 0x00, 0x41, 0x52, 0x43, 0x48, 0x4f, 0x53, 0x20, 0x53, 0x41, 0x00, 0x44,
    0x65, 0x78, 0x63, 0x6f, 0x6d, 0x2c, 0x20, 0x49, 0x6e, 0x63, 0x2e, 0x00, 0x50, 0x6f, 0x6c, 0x61,
    0x72, 0x20, 0x45, 0x6c, 0x65, 0x63, 0x74, 0x72, 0x6f, 0x20, 0x45, 0x75, 0x72, 0x6f, 0x70, 0x65,
    0x20, 0x42, 0x2e, 0x56, 0x2e, 0x00, 0x52, 0x65, 0x6e, 0x65, 0x73, 0x61, 0x73, 0x20, 0x44, 0x65,
    0x73, 0x69, 0x67, 0x6e, 0x20, 0x4e, 0x65, 0x74, 0x68, 0x65, 0x72, 0x6c, 0x61, 0x6e, 0x64, 0x73,
    0x20, 0x42, 0x2e, 0x56, 0x2e, 0x00, 0x54, 0x61, 0x69, 0x78, 0x69, 0x6e, 0x67, 0x62, 0x61, 0x6e,
    0x67, 0x20, 0x54, 0x65, 0x63, 0x68, 0x6e, 0x6f, 0x6c, 0x6f, 0x67, 0x79, 0x20, 0x28, 0x48, 0x4b,
    0x29, 0x20, 0x43, 0x6f, 0x2c, 0x2e, 0x20, 0x4c, 0x54, 0x44, 0x2e, 0x00, 0x41, 0x75, 0x73, 0x74,
    0x63, 0x6f, 0x20, 0x43, 0x6f, 0x6d, 0x6d, 0x75, 0x6e, 0x69, 0x63, 0x61, 0x74, 0x69, 0x6f, 0x6e,
    0x20, 0x53, 0x79, 0x73, 0x74, 0x65, 0x6d, 0x73, 0x00, 0x54, 0x69, 0x6d, 0x65, 0x78, 0x20, 0x47,
    0x72, 0x6f, 0x75, 0x70, 0x20, 0x55, 0x53, 0x41, 0x2c, 0x20, 0x49, 0x6e, 0x63, 0x2e, 0x00, 0x51,
    0x75, 0x61, 0x6c, 0x63, 0x6f, 0x6d, 0x6d, 0x20, 0x54, 0x65, 0x63, 0x68, 0x6e, 0x6f, 0x6c, 0x6f,
    0x67, 0x69, 0x65, 0x73, 0x2c, 0x20, 0x49, 0x6e, 0x63, 0x2e, 0x00, 0x51, 0x75, 0x61, 0x6c, 0x63,
    0x6f, 0x6d, 0x6d, 0x20, 0x43, 0x6f, 0x6e, 0x6e, 0x65, 0x63, 0x74, 0x65, 0x64, 0x20, 0x45, 0x78,
    0x70, 0x65, 0x72, 0x69, 0x65, 0x6e, 0x63, 0x65, 0x73, 0x2c, 0x20, 0x49, 0x6e, 0x63, 0x2e, 0x00,
    0x56, 0x6f, 0x79, 0x65, 0x74, 0x72, 0x61, 0x20, 0x54, 0x75, 0x72, 0x74, 0x6c, 0x65, 0x20, 0x42,
    0x65, 0x61, 0x63, 0x68, 0x00, 0x74, 0x78, 0x74, 0x72, 0x20, 0x47, 0x6d, 0x62, 0x48, 0x00, 0x53,
    0x6e, 0x75, 0x7a, 0x61, 0x20, 0x28, 0x50, 0x74, 0x79, 0x29, 0x20, 0x4c, 0x74, 0x64, 0x00, 0x50,
    0x72, 0x6f, 0x63, 0x74, 0x65, 0x72, 0x20, 0x26, 0x20, 0x47, 0x61, 0x6d, 0x62, 0x6c, 0x65, 0x00,
    0x48, 0x6f, 0x73, 0x69, 0x64, 0x65, 0x6e, 0x20, 0x43, 0x6f, 0x72, 0x70, 0x6f, 0x72, 0x61, 0x74,
    0x69, 0x6f, 0x6e, 0x00, 0x4d, 0x75, 0x7a, 0x69, 0x6b, 0x20, 0x4c, 0x4c, 0x43, 0x00, 0x4d, 0x69,
    0x73, 0x66, 0x69, 0x74, 0x20, 0x57, 0x65, 0x61, 0x72, 0x61, 0x62, 0x6c, 0x65, 0x73, 0x20, 0x43,
    0x6f, 0x72, 0x70, 0x00, 0x47, 0x6f, 0x6f, 0x67, 0x6c, 0x65, 0x00, 0x44, 0x61, 0x6e, 0x6c, 0x65,
    0x72, 0x73, 0x20, 0x4c, 0x74, 0x64, 0x00, 0x53, 0x65, 0x6d, 0x69, 0x6c, 0x69, 0x6e, 0x6b, 0x20,
    0x49, 0x6e, 0x63, 0x00, 0x69, 0x6e, 0x4d, 0x75, 0x73, 0x69, 0x63, 0x20, 0x42, 0x72, 0x61, 0x6e,
    0x64, 0x73, 0x2c, 0x20, 0x49, 0x6e, 0x63, 0x00, 0x4c, 0x2e, 0x53, 0x2e, 0x20, 0x52, 0x65, 0x73,
    0x65, 0x61, 0x72, 0x63, 0x68, 0x2c, 0x20, 0x49, 0x6e, 0x63, 0x2e, 0x00, 0x45, 0x64, 0x65, 0x6e,
    0x20, 0x53, 0x6f, 0x66, 0x74, 0x77, 0x61, 0x72, 0x65, 0x20, 0x43, 0x6f, 0x6e, 0x73, 0x75, 0x6c,
    0x74, 0x61, 0x6e, 0x74, 0x73, 0x20, 0x4c, 0x74, 0x64, 0x2e, 0x00, 0x4b, 0x53, 0x20, 0x54, 0x65,
    0x63, 0x68, 0x6e, 0x6f, 0x6c, 0x6f, 0x67, 0x69, 0x65, 0x73, 0x00, 0x41, 0x43, 0x54, 0x53, 0x20,
    0x54, 0x65, 0x63, 0x68, 0x6e, 0x6f, 0x6c, 0x6f, 0x67, 0x69, 0x65, 0x73, 0x00, 0x56, 0x74, 0x72,
    0x61, 0x63, 0x6b, 0x20, 0x53, 0x79, 0x73, 0x74, 0x65, 0x6d, 0x73, 0x00, 0x4e, 0x69, 0x65, 0x6c,
    0x73, 0x65, 0x6e, 0x2d, 0x4b, 0x65, 0x6c, 0x6c, 0x65, 0x72, 0x6d, 0x61, 0x6e, 0x00, 0x53, 0x65,
    0x72, 0x76, 0x65, 0x72, 0x20, 0x54, 0x65, 0x63, 0x68, 0x6e, 0x6f, 0x6c, 0x6f, 0x67, 0x79, 0x20,
    0x49, 0x6e, 0x63, 0x2e, 0x00, 0x42, 0x69, 0x6f, 0x52, 0x65, 0x73, 0x65, 0x61, 0x72, 0x63, 0x68,
    0x20, 0x41, 0x73, 0x73, 0x6f, 0x63, 0x69, 0x61, 0x74, 0x65, 0x73, 0x00, 0x4a, 0x6f, 0x6c, 0x6c,
    0x79, 0x20, 0x4c, 0x6f, 0x67, 0x69, 0x63, 0x2c, 0x20, 0x4c, 0x4c, 0x43, 0x00, 0x41, 0x62, 0x6f,
    0x76, 0x65, 0x20, 0x41, 0x76, 0x65, 0x72, 0x61, 0x67, 0x65, 0x20, 0x4f, 0x75, 0x74, 0x63, 0x6f,
    0x6d, 0x65, 0x73, 0x2c, 0x20, 0x49, 0x6e, 0x63, 0x2e, 0x00, 0x42, 0x69, 0x74, 0x73, 0x70, 0x6c,
    0x69, 0x74, 0x74, 0x65, 0x72, 0x73, 0x20, 0x47, 0x6d, 0x62, 0x48, 0x00, 0x50, 0x61, 0x79, 0x50,
    0x61, 0x6c, 0x2c, 0x20, 0x49, 0x6e, 0x63, 0x2e, 0x00, 0x57, 0x69, 0x74, 0x72, 0x6f, 0x6e, 0x20,
    0x54, 0x65, 0x63, 0x68, 0x6e, 0x6f, 0x6c, 0x6f, 0x67, 0x79, 0x20, 0x4c, 0x69, 0x6d, 0x69, 0x74,
    0x65, 0x64, 0x00, 0x4d, 0x6f, 0x72, 0x73, 0x65, 0x20, 0x50, 0x72, 0x6f, 0x6a, 0x65, 0x63, 0x74,
    0x20, 0x49, 0x6e, 0x63, 0x2e, 0x00, 0x4b, 0x65, 0x6e, 0x74, 0x20, 0x44, 0x69, 0x73, 0x70, 0x6c,
    0x61, 0x79, 0x73, 0x20, 0x49, 0x6e, 0x63, 0x2e, 0x00, 0x4e, 0x61, 0x75, 0x74, 0x69, 0x6c, 0x75,
    0x73, 0x20, 0x49, 0x6e, 0x63, 0x2e, 0x00, 0x53, 0x6d, 0x61, 0x72, 0x74, 0x69, 0x66, 0x69, 0x65,
    0x72, 0x20, 0x4f, 0x79, 0x00, 0x56, 0x53, 0x4e, 0x20, 0x54, 0x65, 0x63, 0x68, 0x6e, 0x6f, 0x6c,
    0x6f, 0x67, 0x69, 0x65, 0x73, 0x2c, 0x20, 0x49, 0x6e, 0x63, 0x2e, 0x00, 0x41, 0x63, 0x65, 0x55,
    0x6e, 0x69, 0x20, 0x43, 0x6f, 0x72, 0x70, 0x2e, 0x2c, 0x20, 0x4c, 0x74, 0x64, 0x2e, 0x00, 0x43,
    0x72, 0x79, 0x73, 0x74, 0x61, 0x6c, 0x20, 0x41, 0x6c, 0x61, 0x72, 0x6d, 0x20, 0x41, 0x42, 0x00,
    0x4b, 0x4f, 0x55, 0x4b, 0x41, 0x41, 0x4d, 0x20, 0x61, 0x2e, 0x73, 0x2e, 0x00, 0x44, 0x65, 0x6c,
    0x70, 0x68, 0x69, 0x20, 0x43, 0x6f, 0x72, 0x70, 0x6f, 0x72, 0x61, 0x74, 0x69, 0x6f, 0x6e, 0x00,
    0x56, 0x61, 0x6c, 0x65, 0x6e, 0x63, 0x65, 0x54, 0x65, 0x63, 0x68, 0x20, 0x4c, 0x69, 0x6d, 0x69,
    0x74, 0x65, 0x64, 0x00, 0x53, 0x74, 0x61, 0x6e, 0x6c, 0x65, 0x79, 0x20, 0x42, 0x6c, 0x61, 0x63,
    0x6b, 0x20, 0x61, 0x6e, 0x64, 0x20, 0x44, 0x65, 0x63, 0x6b, 0x65, 0x72, 0x00, 0x54, 0x79, 0x70,
    0x6f, 0x20, 0x50, 0x72, 0x6f, 0x64, 0x75, 0x63, 0x74, 0x73, 0x2c, 0x20, 0x4c, 0x4c, 0x43, 0x00,
    0x54, 0x6f, 0x6d, 0x54, 0x6f, 0x6d, 0x20, 0x49, 0x6e, 0x74, 0x65, 0x72, 0x6e, 0x61, 0x74, 0x69,
    0x6f, 0x6e, 0x61, 0x6c, 0x20, 0x42, 0x56, 0x00, 0x46, 0x75, 0x67, 0x6f, 0x6f, 0x2c, 0x20, 0x49,
    0x6e, 0x63, 0x2e, 0x00, 0x4b, 0x65, 0x69, 0x73, 0x65, 0x72, 0x20, 0x43, 0x6f, 0x72, 0x70, 0x6f,
    0x72, 0x61, 0x74, 0x69, 0x6f, 0x6e, 0x00, 0x42, 0x61, 0x6e, 0x67, 0x20, 0x26, 0x20, 0x4f, 0x6c,
    0x75, 0x66, 0x73, 0x65, 0x6e, 0x20, 0x41, 0x2f, 0x53, 0x00, 0x50, 0x4c, 0x55, 0x53, 0x20, 0x4c,
    0x6f, 0x63, 0x61, 0x74, 0x69, 0x6f, 0x6e, 0x20, 0x53, 0x79, 0x73, 0x74, 0x65, 0x6d, 0x73, 0x20,
    0x50, 0x74, 0x79, 0x20, 0x4c, 0x74, 0x64, 0x00, 0x55, 0x62, 0x69, 0x71, 0x75, 0x69, 0x74, 0x6f,
    0x75, 0x73, 0x20, 0x43, 0x6f, 0x6d, 0x70, 0x75, 0x74, 0x69, 0x6e, 0x67, 0x20, 0x54, 0x65, 0x63,
    0x68, 0x6e, 0x6f, 0x6c, 0x6f, 0x67, 0x79, 0x20, 0x43, 0x6f, 0x72, 0x70, 0x6f, 0x72, 0x61, 0x74,
    0x69, 0x6f, 0x6e, 0x00, 0x49, 0x6e, 0x6e, 0x6f, 0x76, 0x61, 0x74, 0x69, 0x76, 0x65, 0x20, 0x59,
    0x61, 0x63, 0x68, 0x74, 0x74, 0x65, 0x72, 0x20, 0x53, 0x6f, 0x6c, 0x75, 0x74, 0x69, 0x6f, 0x6e,
    0x73, 0x00, 0x44, 0x65, 0x6d, 0x61, 0x6e, 0x74, 0x20, 0x41, 0x2f, 0x53, 0x00, 0x43, 0x68, 0x69,
    0x63, 0x6f, 0x6e, 0x79, 0x20, 0x45, 0x6c, 0x65, 0x63, 0x74, 0x72, 0x6f, 0x6e, 0x69, 0x63, 0x73,
    0x20, 0x43, 0x6f, 0x2e, 0x2c, 0x20, 0x4c, 0x74, 0x64, 0x2e, 0x00, 0x41, 0x74, 0x75, 0x73, 0x20,
    0x42, 0x56, 0x00, 0x43, 0x6f, 0x64, 0x65, 0x67, 0x61, 0x74, 0x65, 0x20, 0x4c, 0x74, 0x64, 0x00,
    0x45, 0x52, 0x69, 0x2c, 0x20, 0x49, 0x6e, 0x63, 0x00, 0x54, 0x72, 0x61, 0x6e, 0x73, 0x64, 0x75,
    0x63, 0x65, 0x72, 0x73, 0x20, 0x44, 0x69, 0x72, 0x65, 0x63, 0x74, 0x2c, 0x20, 0x4c, 0x4c, 0x43,
    0x00, 0x44, 0x45, 0x4e, 0x53, 0x4f, 0x20, 0x54, 0x45, 0x4e, 0x20, 0x4c, 0x69, 0x6d, 0x69, 0x74,
    0x65, 0x64, 0x00, 0x41, 0x75, 0x64, 0x69, 0x20, 0x41, 0x47, 0x00, 0x48, 0x69, 0x53, 0x69, 0x6c,
    0x69, 0x63, 0x6f, 0x6e, 0x20, 0x54, 0x65, 0x63, 0x68, 0x6e, 0x6f, 0x6c, 0x6f, 0x67, 0x69, 0x65,
    0x73, 0x20, 0x43, 0x4f, 0x2e, 0x2c, 0x20, 0x4c, 0x49, 0x4d, 0x49, 0x54, 0x45, 0x44, 0x00, 0x4e,
    0x69, 0x70, 0x70, 0x6f, 0x6e, 0x20, 0x53, 0x65, 0x69, 0x6b, 0x69, 0x20, 0x43, 0x6f, 0x2e, 0x2c,
    0x20, 0x4c, 0x74, 0x64, 0x2e, 0x00, 0x53, 0x74, 0x65, 0x65, 0x6c, 0x73, 0x65, 0x72, 0x69, 0x65,
    0x73, 0x20, 0x41, 0x70, 0x53, 0x00, 0x56, 0x69, 0x73, 0x79, 0x62, 0x6c, 0x20, 0x49, 0x6e, 0x63,
    0x2e, 0x00, 0x4f, 0x70, 0x65, 0x6e, 0x62, 0x72, 0x61, 0x69, 0x6e, 0x20, 0x54, 0x65, 0x63, 0x68,
    0x6e, 0x6f, 0x6c, 0x6f, 0x67, 0x69, 0x65, 0x73, 0x2c, 0x20, 0x43, 0x6f, 0x2e, 0x2c, 0x20, 0x4c,
    0x74, 0x64, 0x2e, 0x00, 0x65, 0x2e, 0x73, 0x6f, 0x6c, 0x75, 0x74, 0x69, 0x6f, 0x6e, 0x73, 0x00,
    0x31, 0x30, 0x41, 0x4b, 0x20, 0x54, 0x65, 0x63, 0x68, 0x6e, 0x6f, 0x6c, 0x6f, 0x67, 0x69, 0x65,
    0x73, 0x00, 0x57, 0x69, 0x6d, 0x6f, 0x74, 0x6f, 0x20, 0x54, 0x65, 0x63, 0x68, 0x6e, 0x6f, 0x6c,
    0x6f, 0x67, 0x69, 0x65, 0x73, 0x20, 0x49, 0x6e, 0x63, 0x00, 0x52, 0x61, 0x64, 0x69, 0x75, 0x73,
    0x20, 0x4e, 0x65, 0x74, 0x77, 0x6f, 0x72, 0x6b, 0x73, 0x2c, 0x20, 0x49, 0x6e, 0x63, 0x2e, 0x00,
    0x51, 0x75, 0x61, 0x6c, 0x63, 0x6f, 0x6d, 0x6d, 0x20, 0x4c, 0x61, 0x62, 0x73, 0x2c, 0x20, 0x49,
    0x6e, 0x63, 0x2e, 0x00, 0x48, 0x65, 0x77, 0x6c, 0x65, 0x74, 0x74, 0x20, 0x50, 0x61, 0x63, 0x6b,
    0x61, 0x72, 0x64, 0x20, 0x45, 0x6e, 0x74, 0x65, 0x72, 0x70, 0x72, 0x69, 0x73, 0x65, 0x00, 0x42,
    0x61, 0x69, 0x64, 0x75, 0x00, 0x41, 0x72, 0x65, 0x6e, 0x64, 0x69, 0x20, 0x41, 0x47, 0x00, 0x53,
    0x6b, 0x6f, 0x64, 0x61, 0x20, 0x41, 0x75, 0x74, 0x6f, 0x20, 0x61, 0x2e, 0x73, 0x2e, 0x00, 0x56,
    0x6f, 0x6c, 0x6b, 0x73, 0x77, 0x61, 0x67, 0x65, 0x6e, 0x20, 0x41, 0x47, 0x00, 0x50, 0x6f, 0x72,
    0x73, 0x63, 0x68, 0x65, 0x20, 0x41, 0x47, 0x00, 0x53, 0x69, 0x6e, 0x6f, 0x20, 0x57, 0x65, 0x61,
    0x6c, 0x74, 0x68, 0x20, 0x45, 0x6c, 0x65, 0x63, 0x74, 0x72, 0x6f, 0x6e, 0x69, 0x63, 0x20, 0x4c,
    0x74, 0x64, 0x2e, 0x00, 0x41, 0x69, 0x72, 0x54, 0x75, 0x72, 0x6e, 0x2c, 0x20, 0x49, 0x6e, 0x63,
    0x2e, 0x00, 0x4b, 0x69, 0x6e, 0x73, 0x61, 0x2c, 0x20, 0x49, 0x6e, 0x63, 0x00, 0x48, 0x49, 0x44,
    0x20, 0x47, 0x6c, 0x6f, 0x62, 0x61, 0x6c, 0x00, 0x53, 0x45, 0x41, 0x54, 0x20, 0x65, 0x73, 0x00,
    0x50, 0x72, 0x6f, 0x6d, 0x65, 0x74, 0x68, 0x65, 0x61, 0x6e, 0x20, 0x4c, 0x74, 0x64, 0x2e, 0x00,
    0x53, 0x61, 0x6c, 0x75, 0x74, 0x69, 0x63, 0x61, 0x20, 0x41, 0x6c, 0x6c, 0x69, 0x65, 0x64, 0x20,
    0x53, 0x6f, 0x6c, 0x75, 0x74, 0x69, 0x6f, 0x6e, 0x73, 0x00, 0x47, 0x50, 0x53, 0x49, 0x20, 0x47,
    0x72, 0x6f, 0x75, 0x70, 0x20, 0x50, 0x74, 0x79, 0x20, 0x4c, 0x74, 0x64, 0x00, 0x4e, 0x69, 0x6d,
    0x62, 0x6c, 0x65, 0x20, 0x44, 0x65, 0x76, 0x69, 0x63, 0x65, 0x73, 0x20, 0x4f, 0x79, 0x00, 0x43,
    0x68, 0x61, 0x6e, 0x67, 0x7a, 0x68, 0x6f, 0x75, 0x20, 0x59, 0x6f, 0x6e, 0x67, 0x73, 0x65, 0x20,
    0x49, 0x6e, 0x66, 0x6f, 0x74, 0x65, 0x63, 0x68, 0x20, 0x20, 0x43, 0x6f, 0x2e, 0x2c, 0x20, 0x4c,
    0x74, 0x64, 0x2e, 0x00, 0x53, 0x70, 0x6f, 0x72, 0x74, 0x49, 0x51, 0x00, 0x54, 0x45, 0x4d, 0x45,
    0x43, 0x20, 0x49, 0x6e, 0x73, 0x74, 0x72, 0x75, 0x6d, 0x65, 0x6e, 0x74, 0x73, 0x20, 0x42, 0x2e,
    0x56, 0x2e, 0x00, 0x53, 0x6f, 0x6e, 0x79, 0x20, 0x43, 0x6f, 0x72, 0x70, 0x6f, 0x72, 0x61, 0x74,
    0x69, 0x6f, 0x6e, 0x00, 0x41, 0x53, 0x53, 0x41, 0x20, 0x41, 0x42, 0x4c, 0x4f, 0x59, 0x00, 0x43,
    0x6c, 0x61, 0x72, 0x69, 0x6f, 0x6e, 0x20, 0x43, 0x6f, 0x2e, 0x20, 0x49, 0x6e, 0x63, 0x2e, 0x00,
    0x57, 0x61, 0x72, 0x65, 0x68, 0x6f, 0x75, 0x73, 0x65, 0x20, 0x49, 0x6e, 0x6e, 0x6f, 0x76, 0x61,
    0x74, 0x69, 0x6f, 0x6e, 0x73, 0x00, 0x43, 0x79, 0x70, 0x72, 0x65, 0x73, 0x73, 0x20, 0x53, 0x65,
    0x6d, 0x69, 0x63, 0x6f, 0x6e, 0x64, 0x75, 0x63, 0x74, 0x6f, 0x72, 0x00, 0x4d, 0x41, 0x44, 0x53,
    0x20, 0x49, 0x6e, 0x63, 0x00, 0x42, 0x6c, 0x75, 0x65, 0x20, 0x4d, 0x61, 0x65, 0x73, 0x74, 0x72,
    0x6f, 0x20, 0x4c, 0x69, 0x6d, 0x69, 0x74, 0x65, 0x64, 0x00, 0x52, 0x65, 0x73, 0x6f, 0x6c, 0x75,
    0x74, 0x69, 0x6f, 0x6e, 0x20, 0x50, 0x72, 0x6f, 0x64, 0x75, 0x63, 0x74, 0x73, 0x2c, 0x20, 0x4c,
    0x74, 0x64, 0x2e, 0x00, 0x41, 0x69, 0x72, 0x65, 0x77, 0x61, 0x72, 0x65, 0x20, 0x4c, 0x4c, 0x43,
    0x00, 0x53, 0x69, 0x6c, 0x76, 0x61, 0x69, 0x72, 0x2c, 0x20, 0x49, 0x6e, 0x63, 0x2e, 0x00, 0x50,
    0x72, 0x65, 0x73, 0x74, 0x69, 0x67, 0x69, 0x6f, 0x20, 0x50, 0x6c, 0x61, 0x7a, 0x61, 0x20, 0x4c,
    0x74, 0x64, 0x2e, 0x00, 0x4e, 0x54, 0x45, 0x4f, 0x20, 0x49, 0x6e, 0x63, 0x2e, 0x00, 0x46, 0x6f,
    0x63, 0x75, 0x73, 0x20, 0x53, 0x79, 0x73, 0x74, 0x65, 0x6d, 0x73, 0x20, 0x43, 0x6f, 0x72, 0x70,
    0x6f, 0x72, 0x61, 0x74, 0x69, 0x6f, 0x6e, 0x00, 0x54, 0x65, 0x6e, 0x63, 0x65, 0x6e, 0x74, 0x20,
    0x48, 0x6f, 0x6c, 0x64, 0x69, 0x6e, 0x67, 0x73, 0x20, 0x4c, 0x74, 0x64, 0x2e, 0x00, 0x41, 0x6c,
    0x6c, 0x65, 0x67, 0x69, 0x6f, 0x6e, 0x00, 0x4d, 0x75, 0x72, 0x61, 0x74, 0x61, 0x20, 0x4d, 0x61,
    0x6e, 0x75, 0x66, 0x61, 0x63, 0x74, 0x75, 0x72, 0x69, 0x6e, 0x67, 0x20, 0x43, 0x6f, 0x2e, 0x2c,
    0x20, 0x4c, 0x74, 0x64, 0x2e, 0x00, 0x57, 0x69, 0x72, 0x65, 0x6c, 0x65, 0x73, 0x73, 0x57, 0x45,
    0x52, 0x58, 0x00, 0x4e, 0x6f, 0x64, 0x2c, 0x20, 0x49, 0x6e, 0x63, 0x2e, 0x00, 0x41, 0x6c, 0x70,
    0x69, 0x6e, 0x65, 0x20, 0x45, 0x6c, 0x65, 0x63, 0x74, 0x72, 0x6f, 0x6e, 0x69, 0x63, 0x73, 0x20,
    0x28, 0x43, 0x68, 0x69, 0x6e, 0x61, 0x29, 0x20, 0x43, 0x6f, 0x2e, 0x2c, 0x20, 0x4c, 0x74, 0x64,
    0x00, 0x46, 0x65, 0x64, 0x45, 0x78, 0x20, 0x53, 0x65, 0x72, 0x76, 0x69, 0x63, 0x65, 0x73, 0x00,
    0x47, 0x72, 0x61, 0x70, 0x65, 0x20, 0x53, 0x79, 0x73, 0x74, 0x65, 0x6d, 0x73, 0x20, 0x49, 0x6e,
    0x63, 0x2e, 0x00, 0x42, 0x6b, 0x6f, 0x6e, 0x20, 0x43, 0x6f, 0x6e, 0x6e, 0x65, 0x63, 0x74, 0x00,
    0x4c, 0x69, 0x6e, 0x74, 0x65, 0x63, 0x68, 0x20, 0x47, 0x6d, 0x62, 0x48, 0x00, 0x4e, 0x6f, 0x76,
    0x61, 0x74, 0x65, 0x6c, 0x20, 0x57, 0x69, 0x72, 0x65, 0x6c, 0x65, 0x73, 0x73, 0x00, 0x43, 0x69,
    0x72, 0x69, 0x67, 0x68, 0x74, 0x00, 0x4d, 0x69, 0x67, 0x68, 0x74, 0x79, 0x20, 0x43, 0x61, 0x73,
    0x74, 0x2c, 0x20, 0x49, 0x6e, 0x63, 0x2e, 0x00, 0x41, 0x6d, 0x62, 0x69, 0x6d, 0x61, 0x74, 0x20,
    0x45, 0x6c, 0x65, 0x63, 0x74, 0x72, 0x6f, 0x6e, 0x69, 0x63, 0x73, 0x00, 0x50, 0x65, 0x72, 0x79,
    0x74, 0x6f, 0x6e, 0x73, 0x20, 0x4c, 0x74, 0x64, 0x2e, 0x00, 0x54, 0x69, 0x76, 0x6f, 0x6c, 0x69,
    0x20, 0x41, 0x75, 0x64, 0x69, 0x6f, 0x2c, 0x20, 0x4c, 0x4c, 0x43, 0x00, 0x4d, 0x61, 0x73, 0x74,
    0x65, 0x72, 0x20, 0x4c, 0x6f, 0x63, 0x6b, 0x00, 0x4d, 0x65, 0x73, 0x68, 0x2d, 0x4e, 0x65, 0x74,
    0x20, 0x4c, 0x74, 0x64, 0x00, 0x48, 0x55, 0x49, 0x5a, 0x48, 0x4f, 0x55, 0x20, 0x44, 0x45, 0x53,
    0x41, 0x59, 0x20, 0x53, 0x56, 0x20, 0x41, 0x55, 0x54, 0x4f, 0x4d, 0x4f, 0x54, 0x49, 0x56, 0x45,
    0x20, 0x43, 0x4f, 0x2e, 0x2c, 0x20, 0x4c, 0x54, 0x44, 0x2e, 0x00, 0x54, 0x61, 0x6e, 0x67, 0x65,
    0x72, 0x69, 0x6e, 0x65, 0x2c, 0x20, 0x49, 0x6e, 0x63, 0x2e, 0x00, 0x42, 0x26, 0x57, 0x20, 0x47,
    0x72, 0x6f, 0x75, 0x70, 0x20, 0x4c, 0x74, 0x64, 0x2e, 0x00, 0x50, 0x69, 0x6f, 0x6e, 0x65, 0x65,
    0x72, 0x20, 0x43, 0x6f, 0x72, 0x70, 0x6f, 0x72, 0x61, 0x74, 0x69, 0x6f, 0x6e, 0x00, 0x4f, 0x6e,
    0x42, 0x65, 0x65, 0x70, 0x00, 0x56, 0x65, 0x72, 0x6e, 0x69, 0x65, 0x72, 0x20, 0x53, 0x6f, 0x66,
    0x74, 0x77, 0x61, 0x72, 0x65, 0x20, 0x26, 0x20, 0x54, 0x65, 0x63, 0x68, 0x6e, 0x6f, 0x6c, 0x6f,
    0x67, 0x79, 0x00, 0x52, 0x4f, 0x4c, 0x20, 0x45, 0x72, 0x67, 0x6f, 0x00, 0x50, 0x65, 0x62, 0x62,
    0x6c, 0x65, 0x20, 0x54, 0x65, 0x63, 0x68, 0x6e, 0x6f, 0x6c, 0x6f, 0x67, 0x79, 0x00, 0x4e, 0x45,
    0x54, 0x41, 0x54, 0x4d, 0x4f, 0x00, 0x41, 0x63, 0x63, 0x75, 0x6d, 0x75, 0x6c, 0x61, 0x74, 0x65,
    0x20, 0x41, 0x42, 0x00, 0x41, 0x6e, 0x68, 0x75, 0x69, 0x20, 0x48, 0x75, 0x61, 0x6d, 0x69, 0x20,
    0x49, 0x6e, 0x66, 0x6f, 0x72, 0x6d, 0x61, 0x74, 0x69, 0x6f, 0x6e, 0x20, 0x54, 0x65, 0x63, 0x68,
    0x6e, 0x6f, 0x6c, 0x6f, 0x67, 0x79, 0x20, 0x43, 0x6f, 0x2e, 0x2c, 0x20, 0x4c, 0x74, 0x64, 0x2e,
    0x00, 0x49, 0x6e, 0x6d, 0x69, 0x74, 0x65, 0x20, 0x73, 0x2e, 0x72, 0x2e, 0x6f, 0x2e, 0x00, 0x43,
    0x68, 0x65, 0x66, 0x53, 0x74, 0x65, 0x70, 0x73, 0x2c, 0x20, 0x49, 0x6e, 0x63, 0x2e, 0x00, 0x6d,
    0x69, 0x63, 0x61, 0x73, 0x20, 0x41, 0x47, 0x00, 0x42, 0x69, 0x6f, 0x6d, 0x65, 0x64, 0x69, 0x63,
    0x61, 0x6c, 0x20, 0x52, 0x65, 0x73, 0x65, 0x61, 0x72, 0x63, 0x68, 0x20, 0x4c, 0x74, 0x64, 0x2e,
    0x00, 0x50, 0x69, 0x74, 0x69, 0x75, 0x73, 0x20, 0x54, 0x65, 0x63, 0x20, 0x53, 0x2e, 0x4c, 0x2e,
    0x00, 0x45, 0x73, 0x74, 0x69, 0x6d, 0x6f, 0x74, 0x65, 0x2c, 0x20, 0x49, 0x6e, 0x63, 0x2e, 0x00,
    0x55, 0x6e, 0x69, 0x6b, 0x65, 0x79, 0x20, 0x54, 0x65, 0x63, 0x68, 0x6e, 0x6f, 0x6c, 0x6f, 0x67,
    0x69, 0x65, 0x73, 0x2c, 0x20, 0x49, 0x6e, 0x63, 0x2e, 0x00, 0x54, 0x69, 0x6d, 0x65, 0x72, 0x20,
    0x43, 0x61, 0x70, 0x20, 0x43, 0x6f, 0x2e, 0x00, 0x41, 0x77, 0x6f, 0x58, 0x00, 0x79, 0x69, 0x6b,
    0x65, 0x73, 0x00, 0x4d, 0x41, 0x44, 0x53, 0x47, 0x6c, 0x6f, 0x62, 0x61, 0x6c, 0x4e, 0x5a, 0x20,
    0x4c, 0x74, 0x64, 0x2e, 0x00, 0x50, 0x43, 0x48, 0x20, 0x49, 0x6e, 0x74, 0x65, 0x72, 0x6e, 0x61,
    0x74, 0x69, 0x6f, 0x6e, 0x61, 0x6c, 0x00, 0x51, 0x69, 0x6e, 0x67, 0x64, 0x61, 0x6f, 0x20, 0x59,
    0x65, 0x65, 0x6c, 0x69, 0x6e, 0x6b, 0x20, 0x49, 0x6e, 0x66, 0x6f, 0x72, 0x6d, 0x61, 0x74, 0x69,
    0x6f, 0x6e, 0x20, 0x54, 0x65, 0x63, 0x68, 0x6e, 0x6f, 0x6c, 0x6f, 0x67, 0x79, 0x20, 0x43, 0x6f,
    0x2e, 0x2c, 0x20, 0x4c, 0x74, 0x64, 0x2e, 0x00, 0x4d, 0x69, 0x6c, 0x77, 0x61, 0x75, 0x6b, 0x65,
    0x65, 0x20, 0x45, 0x6c, 0x65, 0x63, 0x74, 0x72, 0x69, 0x63, 0x20, 0x54, 0x6f, 0x6f, 0x6c, 0x73,
    0x00, 0x4d, 0x49, 0x53, 0x48, 0x49, 0x4b, 0x20, 0x50, 0x74, 0x65, 0x20, 0x4c, 0x74, 0x64, 0x00,
    0x41, 0x73, 0x63, 0x65, 0x6e, 0x73, 0x69, 0x61, 0x20, 0x44, 0x69, 0x61, 0x62, 0x65, 0x74, 0x65,
    0x73, 0x20, 0x43, 0x61, 0x72, 0x65, 0x20, 0x55, 0x53, 0x20, 0x49, 0x6e, 0x63, 0x2e, 0x00, 0x53,
    0x70, 0x69, 0x63, 0x65, 0x62, 0x6f, 0x78, 0x20, 0x4c, 0x4c, 0x43, 0x00, 0x65, 0x6d, 0x62, 0x65,
    0x72, 0x6c, 0x69, 0x67, 0x68, 0x74, 0x00, 0x43, 0x6f, 0x70, 0x65, 0x6c, 0x61, 0x6e, 0x64, 0x20,
    0x43, 0x6f, 0x6c, 0x64, 0x20, 0x43, 0x68, 0x61, 0x69, 0x6e, 0x20, 0x4c, 0x50, 0x00, 0x51, 0x62,
    0x6c, 0x69, 0x6e, 0x6b, 0x73, 0x00, 0x4d, 0x59, 0x53, 0x50, 0x48, 0x45, 0x52, 0x41, 0x00, 0x4c,
    0x69, 0x66, 0x65, 0x53, 0x63, 0x61, 0x6e, 0x20, 0x49, 0x6e, 0x63, 0x00, 0x56, 0x6f, 0x6c, 0x61,
    0x6e, 0x74, 0x69, 0x63, 0x20, 0x41, 0x42, 0x00, 0x50, 0x6f, 0x64, 0x6f, 0x20, 0x4c, 0x61, 0x62,
    0x73, 0x2c, 0x20, 0x49, 0x6e, 0x63, 0x00, 0x52, 0x6f, 0x63, 0x68, 0x65, 0x20, 0x44, 0x69, 0x61,
    0x62, 0x65, 0x74, 0x65, 0x73, 0x20, 0x43, 0x61, 0x72, 0x65, 0x20, 0x41, 0x47, 0x00, 0x41, 0x6d,
    0x61, 0x7a, 0x6f, 0x6e, 0x2e, 0x63, 0x6f, 0x6d, 0x20, 0x53, 0x65, 0x72, 0x76, 0x69, 0x63, 0x65,
    0x73, 0x20, 0x4c, 0x4c, 0x43, 0x00, 0x43, 0x6f, 0x6e, 0x6e, 0x6f, 0x76, 0x61, 0x74, 0x65, 0x20,
    0x54, 0x65, 0x63, 0x68, 0x6e, 0x6f, 0x6c, 0x6f, 0x67, 0x79, 0x20, 0x50, 0x72, 0x69, 0x76, 0x61,
    0x74, 0x65, 0x20, 0x4c, 0x69, 0x6d, 0x69, 0x74, 0x65, 0x64, 0x00, 0x4b, 0x6f, 0x63, 0x6f, 0x6d,
    0x6f, 0x6a, 0x6f, 0x2c, 0x20, 0x4c, 0x4c, 0x43, 0x00, 0x45, 0x76, 0x65, 0x72, 0x79, 0x6b, 0x65,
    0x79, 0x20, 0x49, 0x6e, 0x63, 0x2e, 0x00, 0x44, 0x79, 0x6e, 0x61, 0x6d, 0x69, 0x63, 0x20, 0x43,
    0x6f, 0x6e, 0x74, 0x72, 0x6f, 0x6c, 0x73, 0x00, 0x53, 0x65, 0x6e, 0x74, 0x72, 0x69, 0x4c, 0x6f,
    0x63, 0x6b, 0x00, 0x49, 0x2d, 0x53, 0x59, 0x53, 0x54, 0x20, 0x69, 0x6e, 0x63, 0x2e, 0x00, 0x43,
    0x41, 0x53, 0x49, 0x4f, 0x20, 0x43, 0x4f, 0x4d, 0x50, 0x55, 0x54, 0x45, 0x52, 0x20, 0x43, 0x4f,
    0x2e, 0x2c, 0x20, 0x4c, 0x54, 0x44, 0x2e, 0x00, 0x4c, 0x41, 0x50, 0x49, 0x53, 0x20, 0x53, 0x65,
    0x6d, 0x69, 0x63, 0x6f, 0x6e, 0x64, 0x75, 0x63, 0x74, 0x6f, 0x72, 0x20, 0x43, 0x6f, 0x2e, 0x2c,
    0x4c, 0x74, 0x64, 0x00, 0x54, 0x65, 0x6c, 0x65, 0x6d, 0x6f, 0x6e, 0x69, 0x74, 0x6f, 0x72, 0x2c,
    0x20, 0x49, 0x6e, 0x63, 0x2e, 0x00, 0x74, 0x61, 0x73, 0x6b, 0x69, 0x74, 0x20, 0x47, 0x6d, 0x62,
    0x48, 0x00, 0x4d, 0x65, 0x72, 0x63, 0x65, 0x64, 0x65, 0x73, 0x2d, 0x42, 0x65, 0x6e, 0x7a, 0x20,
    0x47, 0x72, 0x6f, 0x75, 0x70, 0x20, 0x41, 0x47, 0x00, 0x42, 0x61, 0x74, 0x41, 0x6e, 0x64, 0x43,
    0x61, 0x74, 0x00, 0x42, 0x6c, 0x75, 0x44, 0x6f, 0x74, 0x7a, 0x20, 0x4c, 0x74, 0x64, 0x00, 0x58,
    0x54, 0x65, 0x6c, 0x20, 0x57, 0x69, 0x72, 0x65, 0x6c, 0x65, 0x73, 0x73, 0x20, 0x41, 0x70, 0x53,
    0x00, 0x47, 0x69, 0x67, 0x61, 0x73, 0x65, 0x74, 0x20, 0x54, 0x65, 0x63, 0x68, 0x6e, 0x6f, 0x6c,
    0x6f, 0x67, 0x69, 0x65, 0x73, 0x20, 0x47, 0x6d, 0x62, 0x48, 0x00, 0x47, 0x65, 0x63, 0x6b, 0x6f,
    0x20, 0x48, 0x65, 0x61, 0x6c, 0x74, 0x68, 0x20, 0x49, 0x6e, 0x6e, 0x6f, 0x76, 0x61, 0x74, 0x69,
    0x6f, 0x6e, 0x73, 0x2c, 0x20, 0x49, 0x6e, 0x63, 0x2e, 0x00, 0x57, 0x61, 0x6c, 0x74, 0x20, 0x44,
    0x69, 0x73, 0x6e, 0x65, 0x79, 0x00, 0x4e, 0x65, 0x63, 0x74, 0x61, 0x72, 0x00, 0x53, 0x65, 0x72,
    0x61, 0x70, 0x68, 0x69, 0x6d, 0x20, 0x53, 0x65, 0x6e, 0x73, 0x65, 0x20, 0x4c, 0x74, 0x64, 0x00,
    0x55, 0x6e, 0x69, 0x63, 0x6f, 0x20, 0x52, 0x42, 0x43, 0x00, 0x50, 0x68, 0x79, 0x73, 0x69, 0x63,
    0x61, 0x6c, 0x20, 0x45, 0x6e, 0x74, 0x65, 0x72, 0x70, 0x72, 0x69, 0x73, 0x65, 0x73, 0x20, 0x49,
    0x6e, 0x63, 0x2e, 0x00, 0x41, 0x62, 0x6c, 0x65, 0x20, 0x54, 0x72, 0x65, 0x6e, 0x64, 0x20, 0x54,
    0x65, 0x63, 0x68, 0x6e, 0x6f, 0x6c, 0x6f, 0x67, 0x79, 0x20, 0x4c, 0x69, 0x6d, 0x69, 0x74, 0x65,
    0x64, 0x00, 0x4b, 0x6f, 0x6e, 0x69, 0x63, 0x61, 0x20, 0x4d, 0x69, 0x6e, 0x6f, 0x6c, 0x74, 0x61,
    0x2c, 0x20, 0x49, 0x6e, 0x63, 0x2e, 0x00, 0x57, 0x69, 0x6c, 0x6f, 0x20, 0x53, 0x45, 0x00, 0x45,
    0x78, 0x74, 0x72, 0x6f, 0x6e, 0x20, 0x44, 0x65, 0x73, 0x69, 0x67, 0x6e, 0x20, 0x53, 0x65, 0x72,
    0x76, 0x69, 0x63, 0x65, 0x73, 0x00, 0x47, 0x6f, 0x6f, 0x67, 0x6c, 0x65, 0x20, 0x4c, 0x4c, 0x43,
    0x00, 0x49, 0x6e, 0x74, 0x65, 0x6c, 0x6c, 0x65, 0x74, 0x74, 0x6f, 0x20, 0x54, 0x65, 0x63, 0x68,
    0x6e, 0x6f, 0x6c, 0x6f, 0x67, 0x69, 0x65, 0x73, 0x20, 0x49, 0x6e, 0x63, 0x2e, 0x00, 0x46, 0x44,
    0x4b, 0x20, 0x43, 0x4f, 0x52, 0x50, 0x4f, 0x52, 0x41, 0x54, 0x49, 0x4f, 0x4e, 0x00, 0x43, 0x6c,
    0x6f, 0x75, 0x64, 0x6c, 0x65, 0x61, 0x66, 0x2c, 0x20, 0x49, 0x6e, 0x63, 0x00, 0x4d, 0x61, 0x76,
    0x65, 0x72, 0x69, 0x63, 0x20, 0x41, 0x75, 0x74, 0x6f, 0x6d, 0x61, 0x74, 0x69, 0x6f, 0x6e, 0x20,
    0x4c, 0x4c, 0x43, 0x00, 0x41, 0x63, 0x6f, 0x75, 0x73, 0x74, 0x69, 0x63, 0x20, 0x53, 0x74, 0x72,
    0x65, 0x61, 0x6d, 0x20, 0x43, 0x6f, 0x72, 0x70, 0x6f, 0x72, 0x61, 0x74, 0x69, 0x6f, 0x6e, 0x00,
    0x5a, 0x75, 0x6c, 0x69, 0x00, 0x50, 0x61, 0x78, 0x74, 0x6f, 0x6e, 0x20, 0x41, 0x63, 0x63, 0x65,
    0x73, 0x73, 0x20, 0x4c, 0x74, 0x64, 0x00, 0x57, 0x69, 0x53, 0x69, 0x6c, 0x69, 0x63, 0x61, 0x20,
    0x49, 0x6e, 0x63, 0x2e, 0x00, 0x56, 0x45, 0x4e, 0x47, 0x49, 0x54, 0x20, 0x4b, 0x6f, 0x72, 0x6c,
    0x61, 0x74, 0x6f, 0x6c, 0x74, 0x20, 0x46, 0x65, 0x6c, 0x65, 0x6c, 0x6f, 0x73, 0x73, 0x65, 0x67,
    0x75, 0x20, 0x54, 0x61, 0x72, 0x73, 0x61, 0x73, 0x61, 0x67, 0x00, 0x53, 0x41, 0x4c, 0x54, 0x4f,
    0x20, 0x53, 0x59, 0x53, 0x54, 0x45, 0x4d, 0x53, 0x20, 0x53, 0x2e, 0x4c, 0x2e, 0x00, 0x54, 0x52,
    0x4f, 0x4e, 0x20, 0x46, 0x6f, 0x72, 0x75, 0x6d, 0x00, 0x43, 0x55, 0x42, 0x45, 0x54, 0x45, 0x43,
    0x48, 0x20, 0x73, 0x2e, 0x72, 0x2e, 0x6f, 0x2e, 0x00, 0x43, 0x6f, 0x6b, 0x69, 0x79, 0x61, 0x20,
    0x49, 0x6e, 0x63, 0x6f, 0x72, 0x70, 0x6f, 0x72, 0x61, 0x74, 0x65, 0x64, 0x00, 0x43, 0x56, 0x53,
    0x20, 0x48, 0x65, 0x61, 0x6c, 0x74, 0x68, 0x00, 0x43, 0x65, 0x72, 0x75, 0x75, 0x73, 0x00, 0x53,
    0x74, 0x72, 0x61, 0x69, 0x6e, 0x73, 0x74, 0x61, 0x6c, 0x6c, 0x20, 0x4c, 0x74, 0x64, 0x00, 0x43,
    0x68, 0x61, 0x6e, 0x6e, 0x65, 0x6c, 0x20, 0x45, 0x6e, 0x74, 0x65, 0x72, 0x70, 0x72, 0x69, 0x73,
    0x65, 0x73, 0x20, 0x28, 0x48, 0x4b, 0x29, 0x20, 0x4c, 0x74, 0x64, 0x2e, 0x00, 0x46, 0x49, 0x41,
    0x4d, 0x4d, 0x00, 0x47, 0x49, 0x47, 0x41, 0x4c, 0x41, 0x4e, 0x45, 0x2e, 0x43, 0x4f, 0x2e, 0x2c,
    0x4c, 0x54, 0x44, 0x00, 0x4d, 0x53, 0x41, 0x20, 0x49, 0x6e, 0x6e, 0x6f, 0x76, 0x61, 0x74, 0x69,
    0x6f, 0x6e, 0x2c, 0x20, 0x4c, 0x4c, 0x43, 0x00, 0x49, 0x63, 0x6f, 0x6e, 0x20, 0x48, 0x65, 0x61,
    0x6c, 0x74, 0x68, 0x20, 0x61, 0x6e, 0x64, 0x20, 0x46, 0x69, 0x74, 0x6e, 0x65, 0x73, 0x73, 0x00,
    0x57, 0x69, 0x6c, 0x6c, 0x65, 0x20, 0x45, 0x6e, 0x67, 0x69, 0x6e, 0x65, 0x65, 0x72, 0x69, 0x6e,
    0x67, 0x00, 0x45, 0x4e, 0x45, 0x52, 0x47, 0x4f, 0x55, 0x53, 0x20, 0x43, 0x4f, 0x52, 0x50, 0x4f,
    0x52, 0x41, 0x54, 0x49, 0x4f, 0x4e, 0x00, 0x54, 0x61, 0x6f, 0x62, 0x61, 0x6f, 0x00, 0x43, 0x61,
    0x6e, 0x6f, 0x6e, 0x20, 0x49, 0x6e, 0x63, 0x2e, 0x00, 0x47, 0x65, 0x6f, 0x70, 0x68, 0x79, 0x73,
    0x69, 0x63, 0x61, 0x6c, 0x20, 0x54, 0x65, 0x63, 0x68, 0x6e, 0x6f, 0x6c, 0x6f, 0x67, 0x79, 0x20,
    0x49, 0x6e, 0x63, 0x2e, 0x00, 0x4d, 0x65, 0x74, 0x61, 0x20, 0x50, 0x6c, 0x61, 0x74, 0x66, 0x6f,
    0x72, 0x6d, 0x73, 0x2c, 0x20, 0x49, 0x6e, 0x63, 0x2e, 0x00, 0x54, 0x72, 0x69, 0x76, 0x69, 0x64,
    0x69, 0x61, 0x20, 0x48, 0x65, 0x61, 0x6c, 0x74, 0x68, 0x2c, 0x20, 0x49, 0x6e, 0x63, 0x2e, 0x00,
    0x46, 0x6c, 0x69, 0x67, 0x68, 0x74, 0x53, 0x61, 0x66, 0x65, 0x74, 0x79, 0x20, 0x49, 0x6e, 0x74,
    0x65, 0x72, 0x6e, 0x61, 0x74, 0x69, 0x6f, 0x6e, 0x61, 0x6c, 0x00, 0x53, 0x75, 0x6e, 0x72, 0x69,
    0x73, 0x65, 0x20, 0x4d, 0x69, 0x63, 0x72, 0x6f, 0x20, 0x44, 0x65, 0x76, 0x69, 0x63, 0x65, 0x73,
    0x2c, 0x20, 0x49, 0x6e, 0x63, 0x2e, 0x00, 0x53, 0x74, 0x61, 0x72, 0x20, 0x4d, 0x69, 0x63, 0x72,
    0x6f, 0x6e, 0x69, 0x63, 0x73, 0x20, 0x43, 0x6f, 0x2e, 0x2c, 0x20, 0x4c, 0x74, 0x64, 0x2e, 0x00,
    0x4e, 0x65, 0x74, 0x69, 0x7a, 0x65, 0x6e, 0x73, 0x20, 0x53, 0x70, 0x2e, 0x20, 0x7a, 0x20, 0x6f,
    0x2e, 0x6f, 0x2e, 0x00, 0x4e, 0x79, 0x6d, 0x69, 0x20, 0x49, 0x6e, 0x63, 0x2e, 0x00, 0x4e, 0x79,
    0x74, 0x65, 0x63, 0x2c, 0x20, 0x49, 0x6e, 0x63, 0x2e, 0x00, 0x54, 0x72, 0x69, 0x6e, 0x65, 0x6f,
    0x20, 0x53, 0x70, 0x2e, 0x20, 0x7a, 0x20, 0x6f, 0x2e, 0x6f, 0x2e, 0x00, 0x4e, 0x65, 0x73, 0x74,
    0x20, 0x4c, 0x61, 0x62, 0x73, 0x20, 0x49, 0x6e, 0x63, 0x2e, 0x00, 0x4c, 0x4d, 0x20, 0x54, 0x65,
    0x63, 0x68, 0x6e, 0x6f, 0x6c, 0x6f, 0x67, 0x69, 0x65, 0x73, 0x20, 0x4c, 0x74, 0x64, 0x00, 0x47,
    0x65, 0x6e, 0x65, 0x72, 0x61, 0x6c, 0x20, 0x45, 0x6c, 0x65, 0x63, 0x74, 0x72, 0x69, 0x63, 0x20,
    0x43, 0x6f, 0x6d, 0x70, 0x61, 0x6e, 0x79, 0x00, 0x69, 0x2b, 0x44, 0x33, 0x20, 0x53, 0x2e, 0x4c,
    0x2e, 0x00, 0x48, 0x41, 0x4e, 0x41, 0x20, 0x4d, 0x69, 0x63, 0x72, 0x6f, 0x6e, 0x00, 0x53, 0x50,
    0x49, 0x41, 0x20, 0x43, 0x79, 0x63, 0x6c, 0x69, 0x6e, 0x67, 0x20, 0x49, 0x6e, 0x63, 0x2e, 0x00,
    0x43, 0x6f, 0x63, 0x68, 0x6c, 0x65, 0x61, 0x72, 0x20, 0x42, 0x6f, 0x6e, 0x65, 0x20, 0x41, 0x6e,
    0x63, 0x68, 0x6f, 0x72, 0x65, 0x64, 0x20, 0x53, 0x6f, 0x6c, 0x75, 0x74, 0x69, 0x6f, 0x6e, 0x73,
    0x20, 0x41, 0x42, 0x00, 0x53, 0x65, 0x6e, 0x69, 0x6f, 0x6e, 0x4c, 0x61, 0x62, 0x20, 0x41, 0x42,
    0x00, 0x53, 0x79, 0x73, 0x7a, 0x6f, 0x6e, 0x65, 0x20, 0x43, 0x6f, 0x2e, 0x2c, 0x20, 0x4c, 0x74,
    0x64, 0x00, 0x50, 0x75, 0x6c, 0x73, 0x61, 0x74, 0x65, 0x20, 0x4d, 0x6f, 0x62, 0x69, 0x6c, 0x65,
    0x20, 0x4c, 0x74, 0x64, 0x2e, 0x00, 0x48, 0x6f, 0x6e, 0x67, 0x6b, 0x6f, 0x6e, 0x67, 0x20, 0x4f,
    0x6e, 0x4d, 0x69, 0x63, 0x72, 0x6f, 0x20, 0x45, 0x6c, 0x65, 0x63, 0x74, 0x72, 0x6f, 0x6e, 0x69,
    0x63, 0x73, 0x20, 0x4c, 0x69, 0x6d, 0x69, 0x74, 0x65, 0x64, 0x00, 0x42, 0x52, 0x41, 0x44, 0x41,
    0x54, 0x45, 0x43, 0x48, 0x20, 0x43, 0x6f, 0x72, 0x70, 0x2e, 0x00, 0x54, 0x72, 0x61, 0x6e, 0x73,
    0x65, 0x6e, 0x65, 0x72, 0x67, 0x6f, 0x6f, 0x69, 0x6c, 0x20, 0x41, 0x47, 0x00, 0x44, 0x4d, 0x45,
    0x20, 0x4d, 0x69, 0x63, 0x72, 0x6f, 0x65, 0x6c, 0x65, 0x63, 0x74, 0x72, 0x6f, 0x6e, 0x69, 0x63,
    0x73, 0x00, 0x42, 0x69, 0x74, 0x63, 0x72, 0x61, 0x7a, 0x65, 0x20, 0x41, 0x42, 0x00, 0x48, 0x41,
    0x53, 0x57, 0x41, 0x52, 0x45, 0x20, 0x49, 0x6e, 0x63, 0x2e, 0x00, 0x41, 0x62, 0x69, 0x6f, 0x67,
    0x65, 0x6e, 0x69, 0x78, 0x20, 0x49, 0x6e, 0x63, 0x2e, 0x00, 0x50, 0x6f, 0x6c, 0x79, 0x2d, 0x43,
    0x6f, 0x6e, 0x74, 0x72, 0x6f, 0x6c, 0x20, 0x41, 0x70, 0x53, 0x00, 0x41, 0x76, 0x69, 0x2d, 0x6f,
    0x6e, 0x00, 0x4c, 0x61, 0x65, 0x72, 0x64, 0x61, 0x6c, 0x20, 0x4d, 0x65, 0x64, 0x69, 0x63, 0x61,
    0x6c, 0x20, 0x41, 0x53, 0x00, 0x46, 0x65, 0x74, 0x63, 0x68, 0x20, 0x4d, 0x79, 0x20, 0x50, 0x65,
    0x74, 0x00, 0x53, 0x61, 0x6d, 0x20, 0x4c, 0x61, 0x62, 0x73, 0x20, 0x4c, 0x74, 0x64, 0x2e, 0x00,
    0x43, 0x68, 0x65, 0x6e, 0x67, 0x64, 0x75, 0x20, 0x53, 0x79, 0x6e, 0x77, 0x69, 0x6e, 0x67, 0x20,
    0x54, 0x65, 0x63, 0x68, 0x6e, 0x6f, 0x6c, 0x6f, 0x67, 0x79, 0x20, 0x4c, 0x74, 0x64, 0x00, 0x48,
    0x4f, 0x55, 0x57, 0x41, 0x20, 0x53, 0x59, 0x53, 0x54, 0x45, 0x4d, 0x20, 0x44, 0x45, 0x53, 0x49,
    0x47, 0x4e, 0x2c, 0x20, 0x6b, 0x2e, 0x6b, 0x2e, 0x00, 0x42, 0x53, 0x48, 0x00, 0x50, 0x72, 0x69,
    0x6d, 0x75, 0x73, 0x20, 0x49, 0x6e, 0x74, 0x65, 0x72, 0x20, 0x50, 0x61, 0x72, 0x65, 0x73, 0x20,
    0x4c, 0x74, 0x64, 0x00, 0x41, 0x75, 0x67, 0x75, 0x73, 0x74, 0x20, 0x48, 0x6f, 0x6d, 0x65, 0x2c,
    0x20, 0x49, 0x6e, 0x63, 0x00, 0x47, 0x69, 0x6c, 0x6c, 0x20, 0x45, 0x6c, 0x65, 0x63, 0x74, 0x72,
    0x6f, 0x6e, 0x69, 0x63, 0x73, 0x00, 0x53, 0x6b, 0x79, 0x20, 0x57, 0x61, 0x76, 0x65, 0x20, 0x44,
    0x65, 0x73, 0x69, 0x67, 0x6e, 0x00, 0x4e, 0x65, 0x77, 0x6c, 0x61, 0x62, 0x20, 0x53, 0x2e, 0x72,
    0x2e, 0x6c, 0x2e, 0x00, 0x45, 0x4c, 0x41, 0x44, 0x20, 0x73, 0x72, 0x6c, 0x00, 0x47, 0x2d, 0x77,
    0x65, 0x61, 0x72, 0x61, 0x62, 0x6c, 0x65, 0x73, 0x20, 0x69, 0x6e, 0x63, 0x2e, 0x00, 0x43, 0x6f,
    0x64, 0x65, 0x20, 0x43, 0x6f, 0x72, 0x70, 0x6f, 0x72, 0x61, 0x74, 0x69, 0x6f, 0x6e, 0x00, 0x53,
    0x61, 0x76, 0x61, 0x6e, 0x74, 0x20, 0x53, 0x79, 0x73, 0x74, 0x65, 0x6d, 0x73, 0x20, 0x4c, 0x4c,
    0x43, 0x00, 0x4c, 0x6f, 0x67, 0x69, 0x74, 0x65, 0x63, 0x68, 0x20, 0x49, 0x6e, 0x74, 0x65, 0x72,
    0x6e, 0x61, 0x74, 0x69, 0x6f, 0x6e, 0x61, 0x6c, 0x20, 0x53, 0x41, 0x00, 0x49, 0x6e, 0x6e, 0x62,
    0x6c, 0x75, 0x65, 0x20, 0x43, 0x6f, 0x6e, 0x73, 0x75, 0x6c, 0x74, 0x69, 0x6e, 0x67, 0x00, 0x4b,
    0x6f, 0x6e, 0x69, 0x6e, 0x6b, 0x6c, 0x69, 0x6a, 0x6b, 0x65, 0x20, 0x50, 0x68, 0x69, 0x6c, 0x69,
    0x70, 0x73, 0x20, 0x4e, 0x2e, 0x56, 0x2e, 0x00, 0x4d, 0x69, 0x6e, 0x65, 0x6c, 0x61, 0x62, 0x20,
    0x45, 0x6c, 0x65, 0x63, 0x74, 0x72, 0x6f, 0x6e, 0x69, 0x63, 0x73, 0x20, 0x50, 0x74, 0x79, 0x20,
    0x4c, 0x69, 0x6d, 0x69, 0x74, 0x65, 0x64, 0x00, 0x42, 0x69, 0x73, 0x6f, 0x6e, 0x20, 0x47, 0x72,
    0x6f, 0x75, 0x70, 0x20, 0x4c, 0x74, 0x64, 0x2e, 0x00, 0x57, 0x53, 0x20, 0x41, 0x75, 0x64, 0x69,
    0x6f, 0x6c, 0x6f, 0x67, 0x79, 0x20, 0x44, 0x65, 0x6e, 0x6d, 0x61, 0x72, 0x6b, 0x20, 0x41, 0x2f,
    0x53, 0x00, 0x4a, 0x6f, 0x6c, 0x6c, 0x61, 0x20, 0x4c, 0x74, 0x64, 0x00, 0x43, 0x61, 0x74, 0x65,
    0x72, 0x70, 0x69, 0x6c, 0x6c, 0x61, 0x72, 0x20, 0x49, 0x6e, 0x63, 0x00, 0x46, 0x72, 0x65, 0x65,
    0x64, 0x6f, 0x6d, 0x20, 0x49, 0x6e, 0x6e, 0x6f, 0x76, 0x61, 0x74, 0x69, 0x6f, 0x6e, 0x73, 0x00,
    0x44, 0x79, 0x6e, 0x61, 0x6d, 0x69, 0x63, 0x20, 0x44, 0x65, 0x76, 0x69, 0x63, 0x65, 0x73, 0x20,
    0x4c, 0x74, 0x64, 0x00, 0x54, 0x65, 0x63, 0x68, 0x6e, 0x6f, 0x6c, 0x6f, 0x67, 0x79, 0x20, 0x53,
    0x6f, 0x6c, 0x75, 0x74, 0x69, 0x6f, 0x6e, 0x73, 0x20, 0x28, 0x55, 0x4b, 0x29, 0x20, 0x4c, 0x74,
    0x64, 0x00, 0x41, 0x64, 0x76, 0x61, 0x6e, 0x63, 0x65, 0x64, 0x20, 0x41, 0x70, 0x70, 0x6c, 0x69,
    0x63, 0x61, 0x74, 0x69, 0x6f, 0x6e, 0x20, 0x44, 0x65, 0x73, 0x69, 0x67, 0x6e, 0x2c, 0x20, 0x49,
    0x6e, 0x63, 0x2e, 0x00, 0x53, 0x70, 0x72, 0x65, 0x61, 0x64, 0x74, 0x72, 0x75, 0x6d, 0x20, 0x43,
    0x6f, 0x6d, 0x6d, 0x75, 0x6e, 0x69, 0x63, 0x61, 0x74, 0x69, 0x6f, 0x6e, 0x73, 0x20, 0x53, 0x68,
    0x61, 0x6e, 0x67, 0x68, 0x61, 0x69, 0x20, 0x4c, 0x74, 0x64, 0x00, 0x56, 0x61, 0x6c, 0x65, 0x6f,
    0x20, 0x53, 0x65, 0x72, 0x76, 0x69, 0x63, 0x65, 0x00, 0x46, 0x75, 0x6c, 0x6c, 0x70, 0x6f, 0x77,
    0x65, 0x72, 0x20, 0x54, 0x65, 0x63, 0x68, 0x6e, 0x6f, 0x6c, 0x6f, 0x67, 0x69, 0x65, 0x73, 0x2c,
    0x20, 0x49, 0x6e, 0x63, 0x2e, 0x00, 0x4b, 0x6c, 0x6f, 0x75, 0x64, 0x4e, 0x61, 0x74, 0x69, 0x6f,
    0x6e, 0x00, 0x5a, 0x65, 0x62, 0x72, 0x61, 0x20, 0x54, 0x65, 0x63, 0x68, 0x6e, 0x6f, 0x6c, 0x6f,
    0x67, 0x69, 0x65, 0x73, 0x20, 0x43, 0x6f, 0x72, 0x70, 0x6f, 0x72, 0x61, 0x74, 0x69, 0x6f, 0x6e,
    0x00, 0x49, 0x74, 0x72, 0x6f, 0x6e, 0x2c, 0x20, 0x49, 0x6e, 0x63, 0x2e, 0x00, 0x54, 0x68, 0x65,
    0x20, 0x55, 0x6e, 0x69, 0x76, 0x65, 0x72, 0x73, 0x69, 0x74, 0x79, 0x20, 0x6f, 0x66, 0x20, 0x54,
    0x6f, 0x6b, 0x79, 0x6f, 0x00, 0x55, 0x54, 0x43, 0x20, 0x46, 0x69, 0x72, 0x65, 0x20, 0x61, 0x6e,
    0x64, 0x20, 0x53, 0x65, 0x63, 0x75, 0x72, 0x69, 0x74, 0x79, 0x00, 0x43, 0x6f, 0x6f, 0x6c, 0x20,
    0x57, 0x65, 0x62, 0x74, 0x68, 0x69, 0x6e, 0x67, 0x73, 0x20, 0x4c, 0x69, 0x6d, 0x69, 0x74, 0x65,
    0x64, 0x00, 0x44, 0x4a, 0x4f, 0x20, 0x47, 0x6c, 0x6f, 0x62, 0x61, 0x6c, 0x00, 0x47, 0x65, 0x6c,
    0x6c, 0x69, 0x6e, 0x65, 0x72, 0x20, 0x4c, 0x69, 0x6d, 0x69, 0x74, 0x65, 0x64, 0x00, 0x41, 0x6e,
    0x79, 0x6b, 0x61, 0x20, 0x28, 0x47, 0x75, 0x61, 0x6e, 0x67, 0x7a, 0x68, 0x6f, 0x75, 0x29, 0x20,
    0x4d, 0x69, 0x63, 0x72, 0x6f, 0x65, 0x6c, 0x65, 0x63, 0x74, 0x72, 0x6f, 0x6e, 0x69, 0x63, 0x73,
    0x20, 0x54, 0x65, 0x63, 0x68, 0x6e, 0x6f, 0x6c, 0x6f, 0x67, 0x79, 0x20, 0x43, 0x6f, 0x2c, 0x20,
    0x4c, 0x54, 0x44, 0x00, 0x4d, 0x65, 0x64, 0x74, 0x72, 0x6f, 0x6e, 0x69, 0x63, 0x20, 0x49, 0x6e,
    0x63, 0x2e, 0x00, 0x47, 0x6f, 0x7a, 0x69, 0x6f, 0x20, 0x49, 0x6e, 0x63, 0x2e, 0x00, 0x46, 0x6f,
    0x72, 0x6d, 0x20, 0x4c, 0x69, 0x66, 0x74, 0x69, 0x6e, 0x67, 0x2c, 0x20, 0x4c, 0x4c, 0x43, 0x00,
    0x57, 0x61, 0x68, 0x6f, 0x6f, 0x20, 0x46, 0x69, 0x74, 0x6e, 0x65, 0x73, 0x73, 0x2c, 0x20, 0x4c,
    0x4c, 0x43, 0x00, 0x4b, 0x6f, 0x6e, 0x74, 0x61, 0x6b, 0x74, 0x20, 0x4d, 0x69, 0x63, 0x72, 0x6f,
    0x2d, 0x4c, 0x6f, 0x63, 0x61, 0x74, 0x69, 0x6f, 0x6e, 0x20, 0x53, 0x70, 0x2e, 0x20, 0x7a, 0x20,
    0x6f, 0x2e, 0x6f, 0x2e, 0x00, 0x52, 0x61, 0x64, 0x69, 0x6f, 0x20, 0x53, 0x79, 0x73, 0x74, 0x65,
    0x6d, 0x73, 0x20, 0x43, 0x6f, 0x72, 0x70, 0x6f, 0x72, 0x61, 0x74, 0x69, 0x6f, 0x6e, 0x00, 0x46,
    0x72, 0x65, 0x65, 0x73, 0x63, 0x61, 0x6c, 0x65, 0x20, 0x53, 0x65, 0x6d, 0x69, 0x63, 0x6f, 0x6e,
    0x64, 0x75, 0x63, 0x74, 0x6f, 0x72, 0x2c, 0x20, 0x49, 0x6e, 0x63, 0x2e, 0x00, 0x56, 0x65, 0x72,
    0x69, 0x66, 0x6f, 0x6e, 0x65, 0x20, 0x53, 0x79, 0x73, 0x74, 0x65, 0x6d, 0x73, 0x20, 0x50, 0x74,
    0x65, 0x20, 0x4c, 0x74, 0x64, 0x2e, 0x20, 0x54, 0x61, 0x69, 0x77, 0x61, 0x6e, 0x20, 0x42, 0x72,
    0x61, 0x6e, 0x63, 0x68, 0x00, 0x41, 0x52, 0x20, 0x54, 0x69, 0x6d, 0x69, 0x6e, 0x67, 0x00, 0x52,
    0x69, 0x67, 0x61, 0x64, 0x6f, 0x20, 0x4c, 0x4c, 0x43, 0x00, 0x4b, 0x65, 0x6d, 0x70, 0x70, 0x69,
    0x20, 0x4f, 0x79, 0x00, 0x4f, 0x74, 0x74, 0x65, 0x72, 0x20, 0x50, 0x72, 0x6f, 0x64, 0x75, 0x63,
    0x74, 0x73, 0x2c, 0x20, 0x4c, 0x4c, 0x43, 0x00, 0x53, 0x54, 0x45, 0x4d, 0x50, 0x20, 0x49, 0x6e,
    0x63, 0x2e, 0x00, 0x4c, 0x75, 0x6d, 0x69, 0x47, 0x65, 0x65, 0x6b, 0x20, 0x4c, 0x4c, 0x43, 0x00,
    0x49, 0x6e, 0x76, 0x69, 0x73, 0x69, 0x6f, 0x6e, 0x48, 0x65, 0x61, 0x72, 0x74, 0x20, 0x49, 0x6e,
    0x63, 0x2e, 0x00, 0x4d, 0x61, 0x63, 0x6e, 0x69, 0x63, 0x61, 0x20, 0x49, 0x6e, 0x63, 0x2e, 0x00,
    0x4a, 0x61, 0x67, 0x75, 0x61, 0x72, 0x20, 0x4c, 0x61, 0x6e, 0x64, 0x20, 0x52, 0x6f, 0x76, 0x65,
    0x72, 0x20, 0x4c, 0x69, 0x6d, 0x69, 0x74, 0x65, 0x64, 0x00, 0x43, 0x6f, 0x72, 0x6f, 0x57, 0x61,
    0x72, 0x65, 0x20, 0x54, 0x65, 0x63, 0x68, 0x6e, 0x6f, 0x6c, 0x6f, 0x67, 0x69, 0x65, 0x73, 0x2c,
    0x20, 0x49, 0x6e, 0x63, 0x00, 0x4f, 0x6d, 0x72, 0x6f, 0x6e, 0x20, 0x48, 0x65, 0x61, 0x6c, 0x74,
    0x68, 0x63, 0x61, 0x72, 0x65, 0x20, 0x43, 0x6f, 0x2e, 0x2c, 0x20, 0x4c, 0x54, 0x44, 0x00, 0x43,
    0x6f, 0x6d, 0x6f, 0x64, 0x75, 0x6c, 0x65, 0x20, 0x47, 0x4d, 0x42, 0x48, 0x00, 0x69, 0x6b, 0x65,
    0x47, 0x50, 0x53, 0x00, 0x54, 0x65, 0x6c, 0x69, 0x6e, 0x6b, 0x20, 0x53, 0x65, 0x6d, 0x69, 0x63,
    0x6f, 0x6e, 0x64, 0x75, 0x63, 0x74, 0x6f, 0x72, 0x20, 0x43, 0x6f, 0x2e, 0x20, 0x4c, 0x74, 0x64,
    0x00, 0x49, 0x6e, 0x74, 0x65, 0x72, 0x70, 0x6c, 0x61, 0x6e, 0x20, 0x43, 0x6f, 0x2e, 0x2c, 0x20,
    0x4c, 0x74, 0x64, 0x00, 0x57, 0x79, 0x6c, 0x65, 0x72, 0x20, 0x41, 0x47, 0x00, 0x49, 0x4b, 0x20,
    0x4d, 0x75, 0x6c, 0x74, 0x69, 0x6d, 0x65, 0x64, 0x69, 0x61, 0x20, 0x50, 0x72, 0x6f, 0x64, 0x75,
    0x63, 0x74, 0x69, 0x6f, 0x6e, 0x20, 0x73, 0x72, 0x6c, 0x00, 0x4c, 0x75, 0x6b, 0x6f, 0x74, 0x6f,
    0x6e, 0x20, 0x45, 0x78, 0x70, 0x65, 0x72, 0x69, 0x65, 0x6e, 0x63, 0x65, 0x20, 0x4f, 0x79, 0x00,
    0x4d, 0x54, 0x49, 0x20, 0x4c, 0x74, 0x64, 0x00, 0x54, 0x65, 0x63, 0x68, 0x34, 0x68, 0x6f, 0x6d,
    0x65, 0x2c, 0x20, 0x4c, 0x64, 0x61, 0x00, 0x44, 0x4f, 0x54, 0x54, 0x20, 0x4c, 0x69, 0x6d, 0x69,
    0x74, 0x65, 0x64, 0x00, 0x42, 0x6c, 0x75, 0x65, 0x20, 0x53, 0x70, 0x65, 0x63, 0x6b, 0x20, 0x4c,
    0x61, 0x62, 0x73, 0x2c, 0x20, 0x4c, 0x4c, 0x43, 0x00, 0x43, 0x69, 0x73, 0x63, 0x6f, 0x20, 0x53,
    0x79, 0x73, 0x74, 0x65, 0x6d, 0x73, 0x2c, 0x20, 0x49, 0x6e, 0x63, 0x00, 0x4d, 0x6f, 0x62, 0x69,
    0x63, 0x6f, 0x6d, 0x6d, 0x20, 0x49, 0x6e, 0x63, 0x00, 0x45, 0x64, 0x61, 0x6d, 0x69, 0x63, 0x00,
    0x47, 0x6f, 0x6f, 0x64, 0x6e, 0x65, 0x74, 0x2c, 0x20, 0x4c, 0x74, 0x64, 0x00, 0x4c, 0x75, 0x73,
    0x74, 0x65, 0x72, 0x20, 0x4c, 0x65, 0x61, 0x66, 0x20, 0x50, 0x72, 0x6f, 0x64, 0x75, 0x63, 0x74,
    0x73, 0x20, 0x20, 0x49, 0x6e, 0x63, 0x00, 0x4d, 0x61, 0x6e, 0x75, 0x73, 0x20, 0x4d, 0x61, 0x63,
    0x68, 0x69, 0x6e, 0x61, 0x20, 0x42, 0x56, 0x00, 0x4d, 0x6f, 0x62, 0x69, 0x71, 0x75, 0x69, 0x74,
    0x79, 0x20, 0x4e, 0x65, 0x74, 0x77, 0x6f, 0x72, 0x6b, 0x73, 0x20, 0x49, 0x6e, 0x63, 0x00, 0x50,
    0x72, 0x61, 0x78, 0x69, 0x73, 0x20, 0x44, 0x79, 0x6e, 0x61, 0x6d, 0x69, 0x63, 0x73, 0x00, 0x50,
    0x68, 0x69, 0x6c, 0x69, 0x70, 0x20, 0x4d, 0x6f, 0x72, 0x72, 0x69, 0x73, 0x20, 0x50, 0x72, 0x6f,
    0x64, 0x75, 0x63, 0x74, 0x73, 0x20, 0x53, 0x2e, 0x41, 0x2e, 0x00, 0x43, 0x6f, 0x6d, 0x61, 0x72,
    0x63, 0x68, 0x20, 0x53, 0x41, 0x00, 0x4e, 0x65, 0x73, 0x74, 0x6c, 0xc3, 0xa9, 0x20, 0x4e, 0x65,
    0x73, 0x70, 0x72, 0x65, 0x73, 0x73, 0x6f, 0x20, 0x53, 0x2e, 0x41, 0x2e, 0x00, 0x4d, 0x65, 0x72,
    0x6c, 0x69, 0x6e, 0x69, 0x61, 0x20, 0x41, 0x2f, 0x53, 0x00, 0x4c, 0x69, 0x66, 0x65, 0x42, 0x45,
    0x41, 0x4d, 0x20, 0x54, 0x65, 0x63, 0x68, 0x6e, 0x6f, 0x6c, 0x6f, 0x67, 0x69, 0x65, 0x73, 0x00,
    0x54, 0x77, 0x6f, 0x63, 0x61, 0x6e, 0x6f, 0x65, 0x73, 0x20, 0x4c, 0x61, 0x62, 0x73, 0x2c, 0x20,
    0x4c, 0x4c, 0x43, 0x00, 0x4d, 0x75, 0x6f, 0x76, 0x65, 0x72, 0x74, 0x69, 0x20, 0x4c, 0x69, 0x6d,
    0x69, 0x74, 0x65, 0x64, 0x00, 0x53, 0x74, 0x61, 0x6d, 0x65, 0x72, 0x20, 0x4d, 0x75, 0x73, 0x69,
    0x6b, 0x61, 0x6e, 0x6c, 0x61, 0x67, 0x65, 0x6e, 0x20, 0x47, 0x4d, 0x42, 0x48, 0x00, 0x54, 0x65,
    0x73, 0x6c, 0x61, 0x2c, 0x20, 0x49, 0x6e, 0x63, 0x2e, 0x00, 0x50, 0x68, 0x61, 0x72, 0x79, 0x6e,
    0x6b, 0x73, 0x20, 0x43, 0x6f, 0x72, 0x70, 0x6f, 0x72, 0x61, 0x74, 0x69, 0x6f, 0x6e, 0x00, 0x4c,
    0x75, 0x70, 0x69, 0x6e, 0x65, 0x00, 0x53, 0x69, 0x65, 0x6d, 0x65, 0x6e, 0x73, 0x20, 0x41, 0x47,
    0x00, 0x46, 0x6f, 0x73, 0x74, 0x65, 0x72, 0x20, 0x45, 0x6c, 0x65, 0x63, 0x74, 0x72, 0x69, 0x63,
    0x20, 0x43, 0x6f, 0x6d, 0x70, 0x61, 0x6e, 0x79, 0x2c, 0x20, 0x4c, 0x74, 0x64, 0x00, 0x45, 0x54,
    0x41, 0x20, 0x53, 0x41, 0x00, 0x78, 0x2d, 0x53, 0x65, 0x6e, 0x73, 0x6f, 0x20, 0x53, 0x6f, 0x6c,
    0x75, 0x74, 0x69, 0x6f, 0x6e, 0x73, 0x20, 0x4b, 0x66, 0x74, 0x00, 0x46, 0x65, 0x6e, 0x67, 0x46,
    0x61, 0x6e, 0x20, 0x28, 0x42, 0x65, 0x69, 0x4a, 0x69, 0x6e, 0x67, 0x29, 0x20, 0x54, 0x65, 0x63,
    0x68, 0x6e, 0x6f, 0x6c, 0x6f, 0x67, 0x79, 0x20, 0x43, 0x6f, 0x2c, 0x20, 0x4c, 0x74, 0x64, 0x00,
    0x51, 0x72, 0x69, 0x6f, 0x20, 0x49, 0x6e, 0x63, 0x00, 0x50, 0x69, 0x74, 0x70, 0x61, 0x74, 0x70,
    0x65, 0x74, 0x20, 0x4c, 0x74, 0x64, 0x00, 0x4d, 0x53, 0x48, 0x65, 0x6c, 0x69, 0x20, 0x73, 0x2e,
    0x72, 0x2e, 0x6c, 0x2e, 0x00, 0x54, 0x72, 0x61, 0x6b, 0x6d, 0x38, 0x20, 0x4c, 0x74, 0x64, 0x00,
    0x4a, 0x49, 0x4e, 0x20, 0x43, 0x4f, 0x2c, 0x20, 0x4c, 0x74, 0x64, 0x00, 0x41, 0x6c, 0x61, 0x74,
    0x65, 0x63, 0x68, 0x20, 0x54, 0x65, 0x68, 0x6e, 0x6f, 0x6c, 0x6f, 0x67, 0x79, 0x00, 0x42, 0x65,
    0x69, 0x6a, 0x69, 0x6e, 0x67, 0x20, 0x43, 0x61, 0x72, 0x65, 0x50, 0x75, 0x6c, 0x73, 0x65, 0x20,
    0x45, 0x6c, 0x65, 0x63, 0x74, 0x72, 0x6f, 0x6e, 0x69, 0x63, 0x20, 0x54, 0x65, 0x63, 0x68, 0x6e,
    0x6f, 0x6c, 0x6f, 0x67, 0x79, 0x20, 0x43, 0x6f, 0x2c, 0x20, 0x4c, 0x74, 0x64, 0x00, 0x56, 0x69,
    0x43, 0x65, 0x6e, 0x74, 0x72, 0x61, 0x20, 0x42, 0x2e, 0x56, 0x2e, 0x00, 0x52, 0x61, 0x76, 0x65,
    0x6e, 0x20, 0x49, 0x6e, 0x64, 0x75, 0x73, 0x74, 0x72, 0x69, 0x65, 0x73, 0x00, 0x57, 0x61, 0x76,
    0x65, 0x57, 0x61, 0x72, 0x65, 0x20, 0x54, 0x65, 0x63, 0x68, 0x6e, 0x6f, 0x6c, 0x6f, 0x67, 0x69,
    0x65, 0x73, 0x20, 0x49, 0x6e, 0x63, 0x2e, 0x00, 0x41, 0x72, 0x67, 0x65, 0x6e, 0x6f, 0x78, 0x20,
    0x54, 0x65, 0x63, 0x68, 0x6e, 0x6f, 0x6c, 0x6f, 0x67, 0x69, 0x65, 0x73, 0x00, 0x42, 0x72, 0x61,
    0x67, 0x69, 0x20, 0x47, 0x6d, 0x62, 0x48, 0x00, 0x4d, 0x61, 0x73, 0x69, 0x6d, 0x6f, 0x20, 0x43,
    0x6f, 0x72, 0x70, 0x00, 0x49, 0x6f, 0x74, 0x65, 0x72, 0x61, 0x20, 0x49, 0x6e, 0x63, 0x00, 0x45,
    0x6e, 0x64, 0x72, 0x65, 0x73, 0x73, 0x2b, 0x48, 0x61, 0x75, 0x73, 0x65, 0x72, 0x00, 0x41, 0x43,
    0x4b, 0x6d, 0x65, 0x20, 0x4e, 0x65, 0x74, 0x77, 0x6f, 0x72, 0x6b, 0x73, 0x2c, 0x20, 0x49, 0x6e,
    0x63, 0x2e, 0x00, 0x46, 0x69, 0x66, 0x74, 0x79, 0x54, 0x68, 0x72, 0x65, 0x65, 0x20, 0x49, 0x6e,
    0x63, 0x2e, 0x00, 0x50, 0x61, 0x72, 0x6b, 0x65, 0x72, 0x20, 0x48, 0x61, 0x6e, 0x6e, 0x69, 0x66,
    0x69, 0x6e, 0x20, 0x43, 0x6f, 0x72, 0x70, 0x00, 0x55, 0x77, 0x61, 0x74, 0x65, 0x63, 0x20, 0x41,
    0x47, 0x00, 0x4f, 0x72, 0x6c, 0x61, 0x6e, 0x20, 0x4c, 0x4c, 0x43, 0x00, 0x42, 0x6c, 0x75, 0x65,
    0x20, 0x43, 0x6c, 0x6f, 0x76, 0x65, 0x72, 0x20, 0x44, 0x65, 0x76, 0x69, 0x63, 0x65, 0x73, 0x00,
    0x4d, 0x2d, 0x57, 0x61, 0x79, 0x20, 0x53, 0x6f, 0x6c, 0x75, 0x74, 0x69, 0x6f, 0x6e, 0x73, 0x20,
    0x47, 0x6d, 0x62, 0x48, 0x00, 0x4d, 0x69, 0x63, 0x72, 0x6f, 0x74, 0x72, 0x6f, 0x6e, 0x69, 0x63,
    0x73, 0x20, 0x45, 0x6e, 0x67, 0x69, 0x6e, 0x65, 0x65, 0x72, 0x69, 0x6e, 0x67, 0x20, 0x47, 0x6d,
    0x62, 0x48, 0x00, 0x53, 0x63, 0x68, 0x6e, 0x65, 0x69, 0x64, 0x65, 0x72, 0x20, 0x53, 0x63, 0x68,
    0x72, 0x65, 0x69, 0x62, 0x67, 0x65, 0x72, 0xc3, 0xa4, 0x74, 0x65, 0x20, 0x47, 0x6d, 0x62, 0x48,
    0x00, 0x53, 0x61, 0x70, 0x70, 0x68, 0x69, 0x72, 0x65, 0x20, 0x43, 0x69, 0x72, 0x63, 0x75, 0x69,
    0x74, 0x73, 0x20, 0x4c, 0x4c, 0x43, 0x00, 0x4c, 0x75, 0x6d, 0x6f, 0x20, 0x42, 0x6f, 0x64, 0x79,
    0x74, 0x65, 0x63, 0x68, 0x20, 0x49, 0x6e, 0x63, 0x2e, 0x00, 0x52, 0x65, 0x73, 0x74, 0x61, 0x72,
    0x20, 0x43, 0x6f, 0x72, 0x70, 0x6f, 0x72, 0x61, 0x74, 0x69, 0x6f, 0x6e, 0x00, 0x58, 0x69, 0x63,
    0x61, 0x74, 0x6f, 0x20, 0x49, 0x6e, 0x63, 0x2e, 0x00, 0x50, 0x6c, 0x61, 0x79, 0x62, 0x72, 0x75,
    0x73, 0x68, 0x00, 0x44, 0x61, 0x69, 0x20, 0x4e, 0x69, 0x70, 0x70, 0x6f, 0x6e, 0x20, 0x50, 0x72,
    0x69, 0x6e, 0x74, 0x69, 0x6e, 0x67, 0x20, 0x43, 0x6f, 0x2e, 0x2c, 0x20, 0x4c, 0x74, 0x64, 0x2e,
    0x00, 0x47, 0x32, 0x34, 0x20, 0x50, 0x6f, 0x77, 0x65, 0x72, 0x20, 0x4c, 0x69, 0x6d, 0x69, 0x74,
    0x65, 0x64, 0x00, 0x41, 0x64, 0x42, 0x61, 0x62, 0x62, 0x6c, 0x65, 0x20, 0x4c, 0x6f, 0x63, 0x61,
    0x6c, 0x20, 0x43, 0x6f, 0x6d, 0x6d, 0x65, 0x72, 0x63, 0x65, 0x20, 0x49, 0x6e, 0x63, 0x2e, 0x00,
    0x44, 0x65, 0x76, 0x69, 0x61, 0x6c, 0x65, 0x74, 0x20, 0x53, 0x41, 0x00, 0x41, 0x4c, 0x54, 0x59,
    0x4f, 0x52, 0x00, 0x55, 0x6e, 0x69, 0x76, 0x65, 0x72, 0x73, 0x69, 0x74, 0x79, 0x20, 0x6f, 0x66,
    0x20, 0x41, 0x70, 0x70, 0x6c, 0x69, 0x65, 0x64, 0x20, 0x53, 0x63, 0x69, 0x65, 0x6e, 0x63, 0x65,
    0x73, 0x20, 0x56, 0x61, 0x6c, 0x61, 0x69, 0x73, 0x2f, 0x48, 0x61, 0x75, 0x74, 0x65, 0x20, 0x45,
    0x63, 0x6f, 0x6c, 0x65, 0x20, 0x56, 0x61, 0x6c, 0x61, 0x69, 0x73, 0x61, 0x6e, 0x6e, 0x65, 0x00,
    0x46, 0x69, 0x76, 0x65, 0x20, 0x49, 0x6e, 0x74, 0x65, 0x72, 0x61, 0x63, 0x74, 0x69, 0x76, 0x65,
    0x2c, 0x20, 0x4c, 0x4c, 0x43, 0x20, 0x64, 0x62, 0x61, 0x20, 0x5a, 0x65, 0x6e, 0x64, 0x6f, 0x00,
    0x4e, 0x65, 0x74, 0x45, 0x61, 0x73, 0x65, 0xef, 0xbc, 0x88, 0x48, 0x61, 0x6e, 0x67, 0x7a, 0x68,
    0x6f, 0x75, 0xef, 0xbc, 0x89, 0x4e, 0x65, 0x74, 0x77, 0x6f, 0x72, 0x6b, 0x20, 0x63, 0x6f, 0x2e,
    0x4c, 0x74, 0x64, 0x2e, 0x00, 0x4c, 0x65, 0x78, 0x6d, 0x61, 0x72, 0x6b, 0x20, 0x49, 0x6e, 0x74,
    0x65, 0x72, 0x6e, 0x61, 0x74, 0x69, 0x6f, 0x6e, 0x61, 0x6c, 0x20, 0x49, 0x6e, 0x63, 0x2e, 0x00,
    0x46, 0x6c, 0x75, 0x6b, 0x65, 0x20, 0x43, 0x6f, 0x72, 0x70, 0x6f, 0x72, 0x61, 0x74, 0x69, 0x6f,
    0x6e, 0x00, 0x59, 0x61, 0x72, 0x64, 0x61, 0x72, 0x6d, 0x20, 0x54, 0x65, 0x63, 0x68, 0x6e, 0x6f,
    0x6c, 0x6f, 0x67, 0x69, 0x65, 0x73, 0x00, 0x53, 0x45, 0x43, 0x56, 0x52, 0x45, 0x20, 0x47, 0x6d,
    0x62, 0x48, 0x00, 0x47, 0x6c, 0x61, 0x63, 0x69, 0x61, 0x6c, 0x20, 0x52, 0x69, 0x64, 0x67, 0x65,
    0x20, 0x54, 0x65, 0x63, 0x68, 0x6e, 0x6f, 0x6c, 0x6f, 0x67, 0x69, 0x65, 0x73, 0x00, 0x44, 0x44,
    0x53, 0x2c, 0x20, 0x49, 0x6e, 0x63, 0x2e, 0x00, 0x53, 0x4d, 0x4b, 0x20, 0x43, 0x6f, 0x72, 0x70,
    0x6f, 0x72, 0x61, 0x74, 0x69, 0x6f, 0x6e, 0x00, 0x53, 0x63, 0x68, 0x61, 0x77, 0x62, 0x65, 0x6c,
    0x20, 0x54, 0x65, 0x63, 0x68, 0x6e, 0x6f, 0x6c, 0x6f, 0x67, 0x69, 0x65, 0x73, 0x20, 0x4c, 0x4c,
    0x43, 0x00, 0x58, 0x4d, 0x49, 0x20, 0x53, 0x79, 0x73, 0x74, 0x65, 0x6d, 0x73, 0x20, 0x53, 0x41,
    0x00, 0x43, 0x65, 0x72, 0x65, 0x76, 0x6f, 0x00, 0x54, 0x6f, 0x72, 0x72, 0x6f, 0x78, 0x20, 0x47,
    0x6d, 0x62, 0x48, 0x20, 0x26, 0x20, 0x43, 0x6f, 0x20, 0x4b, 0x47, 0x00, 0x47, 0x65, 0x6d, 0x61,
    0x6c, 0x74, 0x6f, 0x00, 0x44, 0x45, 0x4b, 0x41, 0x20, 0x52, 0x65, 0x73, 0x65, 0x61, 0x72, 0x63,
    0x68, 0x20, 0x26, 0x20, 0x44, 0x65, 0x76, 0x65, 0x6c, 0x6f, 0x70, 0x6d, 0x65, 0x6e, 0x74, 0x20,
    0x43, 0x6f, 0x72, 0x70, 0x2e, 0x00, 0x44, 0x6f, 0x6d, 0x73, 0x74, 0x65, 0x72, 0x20, 0x54, 0x61,
    0x64, 0x65, 0x75, 0x73, 0x7a, 0x20, 0x53, 0x7a, 0x79, 0x64, 0x6c, 0x6f, 0x77, 0x73, 0x6b, 0x69,
    0x00, 0x54, 0x65, 0x63, 0x68, 0x6e, 0x6f, 0x67, 0x79, 0x6d, 0x20, 0x53, 0x50, 0x41, 0x00, 0x46,
    0x4c, 0x45, 0x55, 0x52, 0x42, 0x41, 0x45, 0x59, 0x20, 0x42, 0x56, 0x42, 0x41, 0x00, 0x41, 0x70,
    0x74, 0x63, 0x6f, 0x64, 0x65, 0x20, 0x53, 0x6f, 0x6c, 0x75, 0x74, 0x69, 0x6f, 0x6e, 0x73, 0x00,
    0x4c, 0x53, 0x49, 0x20, 0x41, 0x44, 0x4c, 0x20, 0x54, 0x65, 0x63, 0x68, 0x6e, 0x6f, 0x6c, 0x6f,
    0x67, 0x79, 0x00, 0x41, 0x6e, 0x69, 0x6d, 0x61, 0x73, 0x20, 0x43, 0x6f, 0x72, 0x70, 0x00, 0x41,
    0x6c, 0x70, 0x73, 0x20, 0x41, 0x6c, 0x70, 0x69, 0x6e, 0x65, 0x20, 0x43, 0x6f, 0x2e, 0x2c, 0x20,
    0x4c, 0x74, 0x64, 0x2e, 0x00, 0x4f, 0x43, 0x45, 0x41, 0x53, 0x4f, 0x46, 0x54, 0x00, 0x4d, 0x6f,
    0x74, 0x73, 0x61, 0x69, 0x20, 0x52, 0x65, 0x73, 0x65, 0x61, 0x72, 0x63, 0x68, 0x00, 0x47, 0x65,
    0x6f, 0x74, 0x61, 0x62, 0x00, 0x45, 0x2e, 0x47, 0x2e, 0x4f, 0x2e, 0x20, 0x45, 0x6c, 0x65, 0x6b,
    0x74, 0x72, 0x6f, 0x2d, 0x47, 0x65, 0x72, 0x61, 0x65, 0x74, 0x65, 0x62, 0x61, 0x75, 0x20, 0x47,
    0x6d, 0x62, 0x48, 0x00, 0x62, 0x65, 0x77, 0x68, 0x65, 0x72, 0x65, 0x20, 0x69, 0x6e, 0x63, 0x00,
    0x4a, 0x6f, 0x68, 0x6e, 0x73, 0x6f, 0x6e, 0x20, 0x4f, 0x75, 0x74, 0x64, 0x6f, 0x6f, 0x72, 0x73,
    0x20, 0x49, 0x6e, 0x63, 0x00, 0x73, 0x74, 0x65, 0x75, 0x74, 0x65, 0x20, 0x53, 0x63, 0x68, 0x61,
    0x6c, 0x74, 0x67, 0x65, 0x72, 0x61, 0x74, 0x65, 0x20, 0x47, 0x6d, 0x62, 0x48, 0x20, 0x26, 0x20,
    0x43, 0x6f, 0x2e, 0x20, 0x4b, 0x47, 0x00, 0x45, 0x6b, 0x6f, 0x6d, 0x69, 0x6e, 0x69, 0x20, 0x69,
    0x6e, 0x63, 0x2e, 0x00, 0x44, 0x45, 0x46, 0x41, 0x20, 0x41, 0x53, 0x00, 0x41, 0x73, 0x65, 0x70,
    0x74, 0x69, 0x6b, 0x61, 0x20, 0x4c, 0x74, 0x64, 0x00, 0x48, 0x55, 0x41, 0x57, 0x45, 0x49, 0x20,
    0x54, 0x65, 0x63, 0x68, 0x6e, 0x6f, 0x6c, 0x6f, 0x67, 0x69, 0x65, 0x73, 0x20, 0x43, 0x6f, 0x2e,
    0x2c, 0x20, 0x4c, 0x74, 0x64, 0x2e, 0x00, 0x48, 0x61, 0x62, 0x69, 0x74, 0x41, 0x77, 0x61, 0x72,
    0x65, 0x2c, 0x20, 0x4c, 0x4c, 0x43, 0x00, 0x72, 0x75, 0x77, 0x69, 0x64, 0x6f, 0x20, 0x61, 0x75,
    0x73, 0x74, 0x72, 0x69, 0x61, 0x20, 0x67, 0x6d, 0x62, 0x68, 0x00, 0x49, 0x54, 0x45, 0x43, 0x20,
    0x63, 0x6f, 0x72, 0x70, 0x6f, 0x72, 0x61, 0x74, 0x69, 0x6f, 0x6e, 0x00, 0x53, 0x74, 0x6f, 0x6e,
    0x65, 0x4c, 0x00, 0x53, 0x6f, 0x6e, 0x6f, 0x76, 0x61, 0x20, 0x41, 0x47, 0x00, 0x4d, 0x61, 0x76,
    0x65, 0x6e, 0x20, 0x4d, 0x61, 0x63, 0x68, 0x69, 0x6e, 0x65, 0x73, 0x2c, 0x20, 0x49, 0x6e, 0x63,
    0x2e, 0x00, 0x53, 0x79, 0x6e, 0x61, 0x70, 0x73, 0x65, 0x20, 0x45, 0x6c, 0x65, 0x63, 0x74, 0x72,
    0x6f, 0x6e, 0x69, 0x63, 0x73, 0x00, 0x57, 0x4f, 0x57, 0x54, 0x65, 0x63, 0x68, 0x20, 0x43, 0x61,
    0x6e, 0x61, 0x64, 0x61, 0x20, 0x4c, 0x74, 0x64, 0x2e, 0x00, 0x52, 0x46, 0x20, 0x43, 0x6f, 0x64,
    0x65, 0x2c, 0x20, 0x49, 0x6e, 0x63, 0x2e, 0x00, 0x57, 0x61, 0x6c, 0x6c, 0x79, 0x20, 0x56, 0x65,
    0x6e, 0x74, 0x75, 0x72, 0x65, 0x73, 0x20, 0x53, 0x2e, 0x4c, 0x2e, 0x00, 0x53, 0x4b, 0x20, 0x54,
    0x65, 0x6c, 0x65, 0x63, 0x6f, 0x6d, 0x00, 0x4a, 0x65, 0x74, 0x72, 0x6f, 0x20, 0x41, 0x53, 0x00,
    0x43, 0x6f, 0x64, 0x65, 0x20, 0x47, 0x65, 0x61, 0x72, 0x73, 0x20, 0x4c, 0x54, 0x44, 0x00, 0x4e,
    0x41, 0x4e, 0x4f, 0x4c, 0x49, 0x4e, 0x4b, 0x20, 0x41, 0x50, 0x53, 0x00, 0x52, 0x46, 0x20, 0x44,
    0x69, 0x67, 0x69, 0x74, 0x61, 0x6c, 0x20, 0x43, 0x6f, 0x72, 0x70, 0x00, 0x43, 0x68, 0x75, 0x72,
    0x63, 0x68, 0x20, 0x26, 0x20, 0x44, 0x77, 0x69, 0x67, 0x68, 0x74, 0x20, 0x43, 0x6f, 0x2e, 0x2c,
    0x20, 0x49, 0x6e, 0x63, 0x00, 0x4d, 0x75, 0x6c, 0x74, 0x69, 0x62, 0x69, 0x74, 0x20, 0x4f, 0x79,
    0x00, 0x43, 0x6c, 0x69, 0x6e, 0x69, 0x43, 0x6c, 0x6f, 0x75, 0x64, 0x20, 0x49, 0x6e, 0x63, 0x00,
    0x42, 0x6c, 0x75, 0x65, 0x20, 0x42, 0x69, 0x74, 0x65, 0x00, 0x45, 0x4c, 0x49, 0x41, 0x53, 0x20,
    0x47, 0x6d, 0x62, 0x48, 0x00, 0x53, 0x69, 0x76, 0x61, 0x6e, 0x74, 0x6f, 0x73, 0x20, 0x47, 0x6d,
    0x62, 0x48, 0x00, 0x50, 0x65, 0x74, 0x7a, 0x6c, 0x00, 0x73, 0x74, 0x6f, 0x72, 0x6d, 0x20, 0x70,
    0x6f, 0x77, 0x65, 0x72, 0x20, 0x6c, 0x74, 0x64, 0x00, 0x45, 0x49, 0x53, 0x53, 0x54, 0x20, 0x4c,
    0x74, 0x64, 0x00, 0x49, 0x6e, 0x65, 0x78, 0x65, 0x73, 0x73, 0x20, 0x54, 0x65, 0x63, 0x68, 0x6e,
    0x6f, 0x6c, 0x6f, 0x67, 0x79, 0x20, 0x53, 0x69, 0x6d, 0x6d, 0x61, 0x20, 0x4b, 0x47, 0x00, 0x43,
    0x75, 0x72, 0x72, 0x61, 0x6e, 0x74, 0x2c, 0x20, 0x49, 0x6e, 0x63, 0x2e, 0x00, 0x43, 0x32, 0x20,
    0x44, 0x65, 0x76, 0x65, 0x6c, 0x6f, 0x70, 0x6d, 0x65, 0x6e, 0x74, 0x2c, 0x20, 0x49, 0x6e, 0x63,
    0x2e, 0x00, 0x42, 0x6c, 0x75, 0x65, 0x20, 0x53, 0x6b, 0x79, 0x20, 0x53, 0x63, 0x69, 0x65, 0x6e,
    0x74, 0x69, 0x66, 0x69, 0x63, 0x2c, 0x20, 0x4c, 0x4c, 0x43, 0x00, 0x41, 0x4c, 0x4f, 0x54, 0x54,
    0x41, 0x5a, 0x53, 0x20, 0x4c, 0x41, 0x42, 0x53, 0x2c, 0x20, 0x4c, 0x4c, 0x43, 0x00, 0x4b, 0x75,
    0x70, 0x73, 0x6f, 0x6e, 0x20, 0x73, 0x70, 0x6f, 0x6c, 0x2e, 0x20, 0x73, 0x20, 0x72, 0x2e, 0x6f,
    0x2e, 0x00, 0x41, 0x72, 0x65, 0x75, 0x73, 0x20, 0x45, 0x6e, 0x67, 0x69, 0x6e, 0x65, 0x65, 0x72,
    0x69, 0x6e, 0x67, 0x20, 0x47, 0x6d, 0x62, 0x48, 0x00, 0x49, 0x6d, 0x70, 0x6f, 0x73, 0x73, 0x69,
    0x62, 0x6c, 0x65, 0x20, 0x43, 0x61, 0x6d, 0x65, 0x72, 0x61, 0x20, 0x47, 0x6d, 0x62, 0x48, 0x00,
    0x53, 0x65, 0x72, 0x61, 0x34, 0x20, 0x4c, 0x74, 0x64, 0x2e, 0x00, 0x49, 0x74, 0x75, 0x64, 0x65,
    0x00, 0x50, 0x61, 0x63, 0x69, 0x66, 0x69, 0x63, 0x20, 0x4c, 0x6f, 0x63, 0x6b, 0x20, 0x43, 0x6f,
    0x6d, 0x70, 0x61, 0x6e, 0x79, 0x00, 0x54, 0x65, 0x6e, 0x64, 0x79, 0x72, 0x6f, 0x6e, 0x20, 0x43,
    0x6f, 0x72, 0x70, 0x6f, 0x72, 0x61, 0x74, 0x69, 0x6f, 0x6e, 0x00, 0x52, 0x6f, 0x62, 0x65, 0x72,
    0x74, 0x20, 0x42, 0x6f, 0x73, 0x63, 0x68, 0x20, 0x47, 0x6d, 0x62, 0x48, 0x00, 0x49, 0x6c, 0x6c,
    0x75, 0x78, 0x74, 0x72, 0x6f, 0x6e, 0x20, 0x69, 0x6e, 0x74, 0x65, 0x72, 0x6e, 0x61, 0x74, 0x69,
    0x6f, 0x6e, 0x61, 0x6c, 0x20, 0x42, 0x2e, 0x56, 0x2e, 0x00, 0x6d, 0x69, 0x53, 0x70, 0x6f, 0x72,
    0x74, 0x20, 0x4c, 0x74, 0x64, 0x2e, 0x00, 0x43, 0x68, 0x61, 0x72, 0x67, 0x65, 0x6c, 0x69, 0x62,
    0x00, 0x44, 0x6f, 0x70, 0x70, 0x6c, 0x65, 0x72, 0x20, 0x4c, 0x61, 0x62, 0x00, 0x42, 0x42, 0x50,
    0x4f, 0x53, 0x20, 0x4c, 0x69, 0x6d, 0x69, 0x74, 0x65, 0x64, 0x00, 0x52, 0x78, 0x20, 0x4e, 0x65,
    0x74, 0x77, 0x6f, 0x72, 0x6b, 0x73, 0x2c, 0x20, 0x49, 0x6e, 0x63, 0x2e, 0x00, 0x57, 0x65, 0x61,
    0x74, 0x68, 0x65, 0x72, 0x46, 0x6c, 0x6f, 0x77, 0x2c, 0x20, 0x49, 0x6e, 0x63, 0x2e, 0x00, 0x54,
    0x65, 0x63, 0x68, 0x6e, 0x69, 0x63, 0x6f, 0x6c, 0x6f, 0x72, 0x20, 0x55, 0x53, 0x41, 0x20, 0x49,
    0x6e, 0x63, 0x2e, 0x00, 0x42, 0x65, 0x73, 0x74, 0x65, 0x63, 0x68, 0x6e, 0x69, 0x63, 0x28, 0x53,
    0x68, 0x61, 0x6e, 0x67, 0x68, 0x61, 0x69, 0x29, 0x2c, 0x4c, 0x74, 0x64, 0x00, 0x52, 0x61, 0x64,
    0x65, 0x6e, 0x20, 0x49, 0x6e, 0x63, 0x00, 0x4f, 0x75, 0x72, 0x61, 0x20, 0x48, 0x65, 0x61, 0x6c,
    0x74, 0x68, 0x20, 0x4f, 0x79, 0x00, 0x43, 0x4c, 0x41, 0x42, 0x45, 0x52, 0x20, 0x53, 0x2e, 0x50,
    0x2e, 0x41, 0x2e, 0x00, 0x48, 0x79, 0x67, 0x69, 0x6e, 0x65, 0x78, 0x2c, 0x20, 0x49, 0x6e, 0x63,
    0x2e, 0x00, 0x48, 0x41, 0x4e, 0x53, 0x48, 0x49, 0x4e, 0x20, 0x45, 0x4c, 0x45, 0x43, 0x54, 0x52,
    0x49, 0x43, 0x20, 0x52, 0x41, 0x49, 0x4c, 0x57, 0x41, 0x59, 0x20, 0x43, 0x4f, 0x2e, 0x2c, 0x4c,
    0x54, 0x44, 0x2e, 0x00, 0x53, 0x63, 0x68, 0x6e, 0x65, 0x69, 0x64, 0x65, 0x72, 0x20, 0x45, 0x6c,
    0x65, 0x63, 0x74, 0x72, 0x69, 0x63, 0x00, 0x4f, 0x6f, 0x72, 0x74, 0x20, 0x54, 0x65, 0x63, 0x68,
    0x6e, 0x6f, 0x6c, 0x6f, 0x67, 0x69, 0x65, 0x73, 0x20, 0x4c, 0x4c, 0x43, 0x00, 0x43, 0x68, 0x72,
    0x6f, 0x6e, 0x6f, 0x20, 0x54, 0x68, 0x65, 0x72, 0x61, 0x70, 0x65, 0x75, 0x74, 0x69, 0x63, 0x73,
    0x00, 0x52, 0x69, 0x6e, 0x6e, 0x61, 0x69, 0x20, 0x43, 0x6f, 0x72, 0x70, 0x6f, 0x72, 0x61, 0x74,
    0x69, 0x6f, 0x6e, 0x00, 0x53, 0x77, 0x69, 0x73, 0x73, 0x70, 0x72, 0x69, 0x6d, 0x65, 0x20, 0x54,
    0x65, 0x63, 0x68, 0x6e, 0x6f, 0x6c, 0x6f, 0x67, 0x69, 0x65, 0x73, 0x20, 0x41, 0x47, 0x00, 0x59,
    0x4f, 0x4b, 0x4f, 0x57, 0x4f, 0x20, 0x43, 0x4f, 0x2e, 0x2c, 0x20, 0x4c, 0x54, 0x44, 0x2e, 0x00,
    0x47, 0x65, 0x6e, 0x65, 0x76, 0x61, 0x63, 0x20, 0x4c, 0x74, 0x64, 0x00, 0x43, 0x68, 0x65, 0x6d,
    0x74, 0x72, 0x6f, 0x6e, 0x69, 0x63, 0x73, 0x00, 0x53, 0x65, 0x67, 0x75, 0x72, 0x6f, 0x20, 0x54,
    0x65, 0x63, 0x68, 0x6e, 0x6f, 0x6c, 0x6f, 0x67, 0x79, 0x20, 0x53, 0x70, 0x2e, 0x20, 0x7a, 0x20,
    0x6f, 0x2e, 0x6f, 0x2e, 0x00, 0x44, 0x61, 0x73, 0x68, 0x20, 0x52, 0x6f, 0x62, 0x6f, 0x74, 0x69,
    0x63, 0x73, 0x00, 0x4c, 0x49, 0x4e, 0x45, 0x20, 0x43, 0x6f, 0x72, 0x70, 0x6f, 0x72, 0x61, 0x74,
    0x69, 0x6f, 0x6e, 0x00, 0x47, 0x75, 0x69, 0x6c, 0x6c, 0x65, 0x6d, 0x6f, 0x74, 0x20, 0x43, 0x6f,
    0x72, 0x70, 0x6f, 0x72, 0x61, 0x74, 0x69, 0x6f, 0x6e, 0x00, 0x54, 0x65, 0x63, 0x68, 0x74, 0x72,
    0x6f, 0x6e, 0x69, 0x63, 0x20, 0x50, 0x6f, 0x77, 0x65, 0x72, 0x20, 0x54, 0x6f, 0x6f, 0x6c, 0x73,
    0x20, 0x54, 0x65, 0x63, 0x68, 0x6e, 0x6f, 0x6c, 0x6f, 0x67, 0x79, 0x20, 0x4c, 0x69, 0x6d, 0x69,
    0x74, 0x65, 0x64, 0x00, 0x57, 0x69, 0x6c, 0x73, 0x6f, 0x6e, 0x20, 0x53, 0x70, 0x6f, 0x72, 0x74,
    0x69, 0x6e, 0x67, 0x20, 0x47, 0x6f, 0x6f, 0x64, 0x73, 0x00, 0x4c, 0x65, 0x6e, 0x6f, 0x76, 0x6f,
    0x20, 0x28, 0x53, 0x69, 0x6e, 0x67, 0x61, 0x70, 0x6f, 0x72, 0x65, 0x29, 0x20, 0x50, 0x74, 0x65,
    0x20, 0x4c, 0x74, 0x64, 0x2e, 0x00, 0x41, 0x79, 0x61, 0x74, 0x61, 0x6e, 0x20, 0x53, 0x65, 0x6e,
    0x73, 0x6f, 0x72, 0x73, 0x00, 0x45, 0x6c, 0x65, 0x63, 0x74, 0x72, 0x6f, 0x6e, 0x69, 0x63, 0x73,
    0x20, 0x54, 0x6f, 0x6d, 0x6f, 0x72, 0x72, 0x6f, 0x77, 0x20, 0x4c, 0x69, 0x6d, 0x69, 0x74, 0x65,
    0x64, 0x00, 0x4f, 0x6e, 0x65, 0x53, 0x70, 0x61, 0x6e, 0x00, 0x50, 0x61, 0x79, 0x52, 0x61, 0x6e,
    0x67, 0x65, 0x20, 0x49, 0x6e, 0x63, 0x2e, 0x00, 0x41, 0x42, 0x4f, 0x56, 0x20, 0x53, 0x65, 0x6d,
    0x69, 0x63, 0x6f, 0x6e, 0x64, 0x75, 0x63, 0x74, 0x6f, 0x72, 0x00, 0x41, 0x49, 0x4e, 0x41, 0x2d,
    0x57, 0x69, 0x72, 0x65, 0x6c, 0x65, 0x73, 0x73, 0x20, 0x49, 0x6e, 0x63, 0x2e, 0x00, 0x42, 0x4d,
    0x41, 0x20, 0x65, 0x72, 0x67, 0x6f, 0x6e, 0x6f, 0x6d, 0x69, 0x63, 0x73, 0x20, 0x62, 0x2e, 0x76,
    0x2e, 0x00, 0x54, 0x65, 0x76, 0x61, 0x20, 0x42, 0x72, 0x61, 0x6e, 0x64, 0x65, 0x64, 0x20, 0x50,
    0x68, 0x61, 0x72, 0x6d, 0x61, 0x63, 0x65, 0x75, 0x74, 0x69, 0x63, 0x61, 0x6c, 0x20, 0x50, 0x72,
    0x6f, 0x64, 0x75, 0x63, 0x74, 0x73, 0x20, 0x52, 0x26, 0x44, 0x2c, 0x20, 0x49, 0x6e, 0x63, 0x2e,
    0x00, 0x41, 0x6e, 0x69, 0x6d, 0x61, 0x00, 0x33, 0x4d, 0x00, 0x45, 0x6d, 0x70, 0x61, 0x74, 0x69,
    0x63, 0x61, 0x20, 0x53, 0x72, 0x6c, 0x00, 0x41, 0x66, 0x65, 0x72, 0x6f, 0x2c, 0x20, 0x49, 0x6e,
    0x63, 0x2e, 0x00, 0x50, 0x6f, 0x77, 0x65, 0x72, 0x63, 0x61, 0x73, 0x74, 0x20, 0x43, 0x6f, 0x72,
    0x70, 0x6f, 0x72, 0x61, 0x74, 0x69, 0x6f, 0x6e, 0x00, 0x53, 0x65, 0x63, 0x75, 0x79, 0x6f, 0x75,
    0x20, 0x41, 0x70, 0x53, 0x00, 0x4f, 0x4d, 0x52, 0x4f, 0x4e, 0x20, 0x43, 0x6f, 0x72, 0x70, 0x6f,
    0x72, 0x61, 0x74, 0x69, 0x6f, 0x6e, 0x00, 0x53, 0x65, 0x6e, 0x64, 0x20, 0x53, 0x6f, 0x6c, 0x75,
    0x74, 0x69, 0x6f, 0x6e, 0x73, 0x00, 0x4e, 0x49, 0x50, 0x50, 0x4f, 0x4e, 0x20, 0x53, 0x59, 0x53,
    0x54, 0x45, 0x4d, 0x57, 0x41, 0x52, 0x45, 0x20, 0x43, 0x4f, 0x2e, 0x2c, 0x4c, 0x54, 0x44, 0x2e,
    0x00, 0x4e, 0x65, 0x6f, 0x73, 0x66, 0x61, 0x72, 0x00, 0x46, 0x6c, 0x69, 0x65, 0x67, 0x6c, 0x20,
    0x41, 0x67, 0x72, 0x61, 0x72, 0x74, 0x65, 0x63, 0x68, 0x6e, 0x69, 0x6b, 0x20, 0x47, 0x6d, 0x62,
    0x48, 0x00, 0x47, 0x69, 0x6c, 0x76, 0x61, 0x64, 0x65, 0x72, 0x00, 0x44, 0x69, 0x67, 0x69, 0x20,
    0x49, 0x6e, 0x74, 0x65, 0x72, 0x6e, 0x61, 0x74, 0x69, 0x6f, 0x6e, 0x61, 0x6c, 0x20, 0x49, 0x6e,
    0x63, 0x20, 0x28, 0x52, 0x29, 0x00, 0x44, 0x65, 0x57, 0x61, 0x6c, 0x63, 0x68, 0x20, 0x54, 0x65,
    0x63, 0x68, 0x6e, 0x6f, 0x6c, 0x6f, 0x67, 0x69, 0x65, 0x73, 0x2c, 0x20, 0x49, 0x6e, 0x63, 0x2e,
    0x00, 0x46, 0x6c, 0x69, 0x6e, 0x74, 0x20, 0x52, 0x65, 0x68, 0x61, 0x62, 0x69, 0x6c, 0x69, 0x74,
    0x61, 0x74, 0x69, 0x6f, 0x6e, 0x20, 0x44, 0x65, 0x76, 0x69, 0x63, 0x65, 0x73, 0x2c, 0x20, 0x4c,
    0x4c, 0x43, 0x00, 0x53, 0x61, 0x6d, 0x73, 0x75, 0x6e, 0x67, 0x20, 0x53, 0x44, 0x53, 0x20, 0x43,
    0x6f, 0x2e, 0x2c, 0x20, 0x4c, 0x74, 0x64, 0x2e, 0x00, 0x42, 0x6c, 0x75, 0x72, 0x20, 0x50, 0x72,
    0x6f, 0x64, 0x75, 0x63, 0x74, 0x20, 0x44, 0x65, 0x76, 0x65, 0x6c, 0x6f, 0x70, 0x6d, 0x65, 0x6e,
    0x74, 0x00, 0x55, 0x6e, 0x69, 0x76, 0x65, 0x72, 0x73, 0x69, 0x74, 0x79, 0x20, 0x6f, 0x66, 0x20,
    0x4d, 0x69, 0x63, 0x68, 0x69, 0x67, 0x61, 0x6e, 0x00, 0x56, 0x69, 0x63, 0x74, 0x72, 0x6f, 0x6e,
    0x20, 0x45, 0x6e, 0x65, 0x72, 0x67, 0x79, 0x20, 0x42, 0x56, 0x00, 0x4e, 0x54, 0x54, 0x20, 0x64,
    0x6f, 0x63, 0x6f, 0x6d, 0x6f, 0x00, 0x43, 0x61, 0x72, 0x6d, 0x61, 0x6e, 0x61, 0x68, 0x20, 0x54,
    0x65, 0x63, 0x68, 0x6e, 0x6f, 0x6c, 0x6f, 0x67, 0x69, 0x65, 0x73, 0x20, 0x43, 0x6f, 0x72, 0x70,
    0x2e, 0x00, 0x42, 0x79, 0x74, 0x65, 0x73, 0x74, 0x6f, 0x72, 0x6d, 0x20, 0x4c, 0x74, 0x64, 0x2e,
    0x00, 0x45, 0x73, 0x70, 0x72, 0x65, 0x73, 0x73, 0x69, 0x66, 0x20, 0x53, 0x79, 0x73, 0x74, 0x65,
    0x6d, 0x73, 0x20, 0x28, 0x53, 0x68, 0x61, 0x6e, 0x67, 0x68, 0x61, 0x69, 0x29, 0x20, 0x43, 0x6f,
    0x2e, 0x2c, 0x20, 0x4c, 0x74, 0x64, 0x2e, 0x00, 0x55, 0x6e, 0x77, 0x69, 0x72, 0x65, 0x00, 0x43,
    0x6f, 0x6e, 0x6e, 0x65, 0x63, 0x74, 0x65, 0x64, 0x20, 0x59, 0x61, 0x72, 0x64, 0x2c, 0x20, 0x49,
    0x6e, 0x63, 0x2e, 0x00, 0x41, 0x6d, 0x65, 0x72, 0x69, 0x63, 0x61, 0x6e, 0x20, 0x4d, 0x75, 0x73,
    0x69, 0x63, 0x20, 0x45, 0x6e, 0x76, 0x69, 0x72, 0x6f, 0x6e, 0x6d, 0x65, 0x6e, 0x74, 0x73, 0x00,
    0x53, 0x65, 0x6e, 0x73, 0x6f, 0x67, 0x72, 0x61, 0x6d, 0x20, 0x54, 0x65, 0x63, 0x68, 0x6e, 0x6f,
    0x6c, 0x6f, 0x67, 0x69, 0x65, 0x73, 0x2c, 0x20, 0x49, 0x6e, 0x63, 0x2e, 0x00, 0x46, 0x75, 0x6a,
    0x69, 0x74, 0x73, 0x75, 0x20, 0x4c, 0x69, 0x6d, 0x69, 0x74, 0x65, 0x64, 0x00, 0x41, 0x72, 0x64,
    0x69, 0x63, 0x20, 0x54, 0x65, 0x63, 0x68, 0x6e, 0x6f, 0x6c, 0x6f, 0x67, 0x79, 0x00, 0x48, 0x54,
    0x43, 0x20, 0x43, 0x6f, 0x72, 0x70, 0x6f, 0x72, 0x61, 0x74, 0x69, 0x6f, 0x6e, 0x00, 0x43, 0x69,
    0x74, 0x69, 0x7a, 0x65, 0x6e, 0x20, 0x48, 0x6f, 0x6c, 0x64, 0x69, 0x6e, 0x67, 0x73, 0x20, 0x43,
    0x6f, 0x2e, 0x2c, 0x20, 0x4c, 0x74, 0x64, 0x2e, 0x00, 0x53, 0x4d, 0x41, 0x52, 0x54, 0x2d, 0x49,
    0x4e, 0x4e, 0x4f, 0x56, 0x41, 0x54, 0x49, 0x4f, 0x4e, 0x2e, 0x69, 0x6e, 0x63, 0x00, 0x42, 0x6c,
    0x61, 0x63, 0x6b, 0x72, 0x61, 0x74, 0x20, 0x53, 0x6f, 0x66, 0x74, 0x77, 0x61, 0x72, 0x65, 0x00,
    0x54, 0x68, 0x65, 0x20, 0x49, 0x64, 0x65, 0x61, 0x20, 0x43, 0x61, 0x76, 0x65, 0x2c, 0x20, 0x4c,
    0x4c, 0x43, 0x00, 0x47, 0x6f, 0x50, 0x72, 0x6f, 0x2c, 0x20, 0x49, 0x6e, 0x63, 0x2e, 0x00, 0x41,
    0x75, 0x74, 0x68, 0x41, 0x69, 0x72, 0x2c, 0x20, 0x49, 0x6e, 0x63, 0x00, 0x56, 0x65, 0x6e, 0x73,
    0x69, 0x2c, 0x20, 0x49, 0x6e, 0x63, 0x2e, 0x00, 0x49, 0x6e, 0x64, 0x61, 0x67, 0x65, 0x6d, 0x20,
    0x54, 0x65, 0x63, 0x68, 0x20, 0x4c, 0x4c, 0x43, 0x00, 0x49, 0x6e, 0x74, 0x65, 0x6d, 0x6f, 0x20,
    0x54, 0x65, 0x63, 0x68, 0x6e, 0x6f, 0x6c, 0x6f, 0x67, 0x69, 0x65, 0x73, 0x00, 0x52, 0x75, 0x6e,
    0x74, 0x65, 0x71, 0x20, 0x4f, 0x79, 0x20, 0x4c, 0x74, 0x64, 0x00, 0x49, 0x4d, 0x41, 0x47, 0x49,
    0x4e, 0x41, 0x54, 0x49, 0x4f, 0x4e, 0x20, 0x54, 0x45, 0x43, 0x48, 0x4e, 0x4f, 0x4c, 0x4f, 0x47,
    0x49, 0x45, 0x53, 0x20, 0x4c, 0x54, 0x44, 0x00, 0x43, 0x6c, 0x61, 0x72, 0x69, 0x75, 0x73, 0x20,
    0x4d, 0x6f, 0x62, 0x69, 0x6c, 0x65, 0x20, 0x48, 0x65, 0x61, 0x6c, 0x74, 0x68, 0x20, 0x43, 0x6f,
    0x72, 0x70, 0x2e, 0x00, 0x53, 0x68, 0x61, 0x6e, 0x67, 0x68, 0x61, 0x69, 0x20, 0x46, 0x72, 0x65,
    0x71, 0x75, 0x65, 0x6e, 0x20, 0x4d, 0x69, 0x63, 0x72, 0x6f, 0x65, 0x6c, 0x65, 0x63, 0x74, 0x72,
    0x6f, 0x6e, 0x69, 0x63, 0x73, 0x20, 0x43, 0x6f, 0x2e, 0x2c, 0x20, 0x4c, 0x74, 0x64, 0x2e, 0x00,
    0x4c, 0x69, 0x65, 0x72, 0x64, 0x61, 0x20, 0x53, 0x63, 0x69, 0x65, 0x6e, 0x63, 0x65, 0x20, 0x26,
    0x20, 0x54, 0x65, 0x63, 0x68, 0x6e, 0x6f, 0x6c, 0x6f, 0x67, 0x79, 0x20, 0x47, 0x72, 0x6f, 0x75,
    0x70, 0x20, 0x43, 0x6f, 0x2e, 0x2c, 0x20, 0x4c, 0x74, 0x64, 0x2e, 0x00, 0x53, 0x69, 0x6c, 0x69,
    0x63, 0x6f, 0x6e, 0x20, 0x4c, 0x61, 0x62, 0x6f, 0x72, 0x61, 0x74, 0x6f, 0x72, 0x69, 0x65, 0x73,
    0x00, 0x57, 0x6f, 0x72, 0x6c, 0x64, 0x20, 0x4d, 0x6f, 0x74, 0x6f, 0x20, 0x49, 0x6e, 0x63, 0x2e,
    0x00, 0x47, 0x69, 0x61, 0x74, 0x65, 0x63, 0x20, 0x53, 0x63, 0x69, 0x65, 0x6e, 0x74, 0x69, 0x66,
    0x69, 0x63, 0x20, 0x49, 0x6e, 0x63, 0x2e, 0x00, 0x4c, 0x6f, 0x6f, 0x70, 0x20, 0x44, 0x65, 0x76,
    0x69, 0x63, 0x65, 0x73, 0x2c, 0x20, 0x49, 0x6e, 0x63, 0x00, 0x49, 0x41, 0x43, 0x41, 0x20, 0x65,
    0x6c, 0x65, 0x63, 0x74, 0x72, 0x6f, 0x6e, 0x69, 0x71, 0x75, 0x65, 0x00, 0x4f, 0x75, 0x72, 0x61,
    0x20, 0x48, 0x65, 0x61, 0x6c, 0x74, 0x68, 0x20, 0x4c, 0x74, 0x64, 0x00, 0x53, 0x77, 0x69, 0x70,
    0x70, 0x20, 0x41, 0x70, 0x53, 0x00, 0x4c, 0x69, 0x66, 0x65, 0x20, 0x4c, 0x61, 0x62, 0x6f, 0x72,
    0x61, 0x74, 0x6f, 0x72, 0x79, 0x20, 0x49, 0x6e, 0x63, 0x2e, 0x00, 0x46, 0x55, 0x4a, 0x49, 0x20,
    0x49, 0x4e, 0x44, 0x55, 0x53, 0x54, 0x52, 0x49, 0x41, 0x4c, 0x20, 0x43, 0x4f, 0x2e, 0x2c, 0x4c,
    0x54, 0x44, 0x2e, 0x00, 0x53, 0x75, 0x72, 0x65, 0x66, 0x69, 0x72, 0x65, 0x2c, 0x20, 0x4c, 0x4c,
    0x43, 0x00, 0x44, 0x6f, 0x6c, 0x62, 0x79, 0x20, 0x4c, 0x61, 0x62, 0x73, 0x00, 0x45, 0x6c, 0x6c,
    0x69, 0x73, 0x79, 0x73, 0x00, 0x4d, 0x61, 0x67, 0x6e, 0x69, 0x74, 0x75, 0x64, 0x65, 0x20, 0x4c,
    0x69, 0x67, 0x68, 0x74, 0x69, 0x6e, 0x67, 0x20, 0x43, 0x6f, 0x6e, 0x76, 0x65, 0x72, 0x74, 0x65,
    0x72, 0x73, 0x00, 0x48, 0x69, 0x6c, 0x74, 0x69, 0x20, 0x41, 0x47, 0x00, 0x44, 0x65, 0x76, 0x64,
    0x61, 0x74, 0x61, 0x20, 0x53, 0x2e, 0x72, 0x2e, 0x6c, 0x2e, 0x00, 0x53, 0x68, 0x6f, 0x72, 0x74,
    0x63, 0x75, 0x74, 0x20, 0x4c, 0x61, 0x62, 0x73, 0x00, 0x53, 0x47, 0x4c, 0x20, 0x49, 0x74, 0x61,
    0x6c, 0x69, 0x61, 0x20, 0x53, 0x2e, 0x72, 0x2e, 0x6c, 0x2e, 0x00, 0x50, 0x45, 0x45, 0x51, 0x20,
    0x44, 0x41, 0x54, 0x41, 0x00, 0x44, 0x75, 0x63, 0x65, 0x72, 0x65, 0x20, 0x54, 0x65, 0x63, 0x68,
    0x6e, 0x6f, 0x6c, 0x6f, 0x67, 0x69, 0x65, 0x73, 0x20, 0x50, 0x76, 0x74, 0x20, 0x4c, 0x74, 0x64,
    0x00, 0x44, 0x69, 0x76, 0x65, 0x4e, 0x61, 0x76, 0x2c, 0x20, 0x49, 0x6e, 0x63, 0x2e, 0x00, 0x52,
    0x49, 0x49, 0x47, 0x20, 0x41, 0x49, 0x20, 0x53, 0x70, 0x2e, 0x20, 0x7a, 0x20, 0x6f, 0x2e, 0x6f,
    0x2e, 0x00, 0x54, 0x68, 0x65, 0x72, 0x6d, 0x6f, 0x20, 0x46, 0x69, 0x73, 0x68, 0x65, 0x72, 0x20,
    0x53, 0x63, 0x69, 0x65, 0x6e, 0x74, 0x69, 0x66, 0x69, 0x63, 0x00, 0x41, 0x47, 0x20, 0x4d, 0x65,
    0x61, 0x73, 0x75, 0x72, 0x65, 0x6d, 0x61, 0x74, 0x69, 0x63, 0x73, 0x20, 0x50, 0x76, 0x74, 0x2e,
    0x20, 0x4c, 0x74, 0x64, 0x2e, 0x00, 0x43, 0x48, 0x55, 0x4f, 0x20, 0x45, 0x6c, 0x65, 0x63, 0x74,
    0x72, 0x6f, 0x6e, 0x69, 0x63, 0x73, 0x20, 0x43, 0x4f, 0x2e, 0x2c, 0x20, 0x4c, 0x54, 0x44, 0x2e,
    0x00, 0x41, 0x73, 0x70, 0x65, 0x6e, 0x74, 0x61, 0x20, 0x49, 0x6e, 0x74, 0x65, 0x72, 0x6e, 0x61,
    0x74, 0x69, 0x6f, 0x6e, 0x61, 0x6c, 0x00, 0x45, 0x75, 0x67, 0x73, 0x74, 0x65, 0x72, 0x20, 0x46,
    0x72, 0x69, 0x73, 0x6d, 0x61, 0x67, 0x20, 0x41, 0x47, 0x00, 0x57, 0x75, 0x72, 0x74, 0x68, 0x20,
    0x45, 0x6c, 0x65, 0x6b, 0x74, 0x72, 0x6f, 0x6e, 0x69, 0x6b, 0x20, 0x65, 0x69, 0x53, 0x6f, 0x73,
    0x20, 0x47, 0x6d, 0x62, 0x48, 0x20, 0x26, 0x20, 0x43, 0x6f, 0x2e, 0x20, 0x4b, 0x47, 0x00, 0x48,
    0x51, 0x20, 0x49, 0x6e, 0x63, 0x00, 0x4c, 0x61, 0x62, 0x20, 0x53, 0x65, 0x6e, 0x73, 0x6f, 0x72,
    0x20, 0x53, 0x6f, 0x6c, 0x75, 0x74, 0x69, 0x6f, 0x6e, 0x73, 0x00, 0x45, 0x6e, 0x74, 0x65, 0x72,
    0x6c, 0x61, 0x62, 0x20, 0x41, 0x70, 0x53, 0x00, 0x45, 0x79, 0x65, 0x66, 0x69, 0x2c, 0x20, 0x49,
    0x6e, 0x63, 0x2e, 0x00, 0x4d, 0x65, 0x74, 0x61, 0x53, 0x79, 0x73, 0x74, 0x65, 0x6d, 0x20, 0x53,
    0x2e, 0x70, 0x2e, 0x41, 0x2e, 0x00, 0x53, 0x4f, 0x4e, 0x4f, 0x20, 0x45, 0x4c, 0x45, 0x43, 0x54,
    0x52, 0x4f, 0x4e, 0x49, 0x43, 0x53, 0x2e, 0x20, 0x43, 0x4f, 0x2e, 0x2c, 0x20, 0x4c, 0x54, 0x44,
    0x00, 0x52, 0x6f, 0x74, 0x6f, 0x72, 0x20, 0x42, 0x69, 0x6b, 0x65, 0x20, 0x43, 0x6f, 0x6d, 0x70,
    0x6f, 0x6e, 0x65, 0x6e, 0x74, 0x73, 0x00, 0x41, 0x73, 0x74, 0x72, 0x6f, 0x2c, 0x20, 0x49, 0x6e,
    0x63, 0x2e, 0x00, 0x48, 0x65, 0x61, 0x6c, 0x74, 0x68, 0x77, 0x65, 0x61, 0x72, 0x20, 0x54, 0x65,
    0x63, 0x68, 0x6e, 0x6f, 0x6c, 0x6f, 0x67, 0x69, 0x65, 0x73, 0x20, 0x28, 0x43, 0x68, 0x61, 0x6e,
    0x67, 0x7a, 0x68, 0x6f, 0x75, 0x29, 0x4c, 0x74, 0x64, 0x00, 0x45, 0x73, 0x73, 0x65, 0x78, 0x20,
    0x45, 0x6c, 0x65, 0x63, 0x74, 0x72, 0x6f, 0x6e, 0x69, 0x63, 0x73, 0x00, 0x47, 0x72, 0x75, 0x6e,
    0x64, 0x66, 0x6f, 0x73, 0x20, 0x41, 0x2f, 0x53, 0x00, 0x45, 0x61, 0x72, 0x67, 0x6f, 0x2c, 0x20,
    0x49, 0x6e, 0x63, 0x2e, 0x00, 0x45, 0x6c, 0x65, 0x63, 0x74, 0x72, 0x6f, 0x6e, 0x69, 0x63, 0x20,
    0x44, 0x65, 0x73, 0x69, 0x67, 0x6e, 0x20, 0x4c, 0x61, 0x62, 0x00, 0x45, 0x53, 0x59, 0x4c, 0x55,
    0x58, 0x00, 0x4e, 0x49, 0x50, 0x50, 0x4f, 0x4e, 0x20, 0x53, 0x4d, 0x54, 0x2e, 0x43, 0x4f, 0x2e,
    0x2c, 0x4c, 0x74, 0x64, 0x00, 0x42, 0x4d, 0x20, 0x69, 0x6e, 0x6e, 0x6f, 0x76, 0x61, 0x74, 0x69,
    0x6f, 0x6e, 0x73, 0x20, 0x47, 0x6d, 0x62, 0x48, 0x00, 0x69, 0x6e, 0x64, 0x6f, 0x6f, 0x72, 0x6d,
    0x61, 0x70, 0x00, 0x4f, 0x74, 0x74, 0x6f, 0x51, 0x20, 0x49, 0x6e, 0x63, 0x00, 0x4e, 0x6f, 0x72,
    0x74, 0x68, 0x20, 0x50, 0x6f, 0x6c, 0x65, 0x20, 0x45, 0x6e, 0x67, 0x69, 0x6e, 0x65, 0x65, 0x72,
    0x69, 0x6e, 0x67, 0x00, 0x33, 0x66, 0x6c, 0x61, 0x72, 0x65, 0x73, 0x20, 0x54, 0x65, 0x63, 0x68,
    0x6e, 0x6f, 0x6c, 0x6f, 0x67, 0x69, 0x65, 0x73, 0x20, 0x49, 0x6e, 0x63, 0x2e, 0x00, 0x4d, 0x75,
    0x6c, 0x2d, 0x54, 0x2d, 0x4c, 0x6f, 0x63, 0x6b, 0x00, 0x41, 0x69, 0x72, 0x74, 0x68, 0x69, 0x6e,
    0x67, 0x73, 0x20, 0x41, 0x53, 0x41, 0x00, 0x45, 0x6e, 0x6c, 0x69, 0x67, 0x68, 0x74, 0x65, 0x64,
    0x20, 0x49, 0x6e, 0x63, 0x00, 0x47, 0x49, 0x53, 0x54, 0x49, 0x43, 0x00, 0x41, 0x4a, 0x50, 0x32,
    0x20, 0x48, 0x6f, 0x6c, 0x64, 0x69, 0x6e, 0x67, 0x73, 0x2c, 0x20, 0x4c, 0x4c, 0x43, 0x00, 0x43,
    0x4f, 0x42, 0x49, 0x20, 0x47, 0x6d, 0x62, 0x48, 0x00, 0x41, 0x70, 0x70, 0x63, 0x65, 0x70, 0x74,
    0x69, 0x6f, 0x6e, 0x2c, 0x20, 0x49, 0x6e, 0x63, 0x2e, 0x00, 0x43, 0x6f, 0x75, 0x72, 0x74, 0x6e,
    0x65, 0x79, 0x20, 0x54, 0x68, 0x6f, 0x72, 0x6e, 0x65, 0x20, 0x4c, 0x69, 0x6d, 0x69, 0x74, 0x65,
    0x64, 0x00, 0x54, 0x50, 0x56, 0x20, 0x54, 0x65, 0x63, 0x68, 0x6e, 0x6f, 0x6c, 0x6f, 0x67, 0x79,
    0x20, 0x4c, 0x69, 0x6d, 0x69, 0x74, 0x65, 0x64, 0x00, 0x4d, 0x6f, 0x6e, 0x69, 0x74, 0x72, 0x61,
    0x20, 0x53, 0x41, 0x00, 0x41, 0x75, 0x74, 0x6f, 0x6d, 0x61, 0x74, 0x69, 0x6f, 0x6e, 0x20, 0x43,
    0x6f, 0x6d, 0x70, 0x6f, 0x6e, 0x65, 0x6e, 0x74, 0x73, 0x2c, 0x20, 0x49, 0x6e, 0x63, 0x2e, 0x00,
    0x45, 0x74, 0x65, 0x73, 0x69, 0x61, 0x6e, 0x20, 0x54, 0x65, 0x63, 0x68, 0x6e, 0x6f, 0x6c, 0x6f,
    0x67, 0x69, 0x65, 0x73, 0x20, 0x4c, 0x4c, 0x43, 0x00, 0x47, 0x45, 0x52, 0x54, 0x45, 0x43, 0x20,
    0x42, 0x52, 0x41, 0x53, 0x49, 0x4c, 0x20, 0x4c, 0x54, 0x44, 0x41, 0x2e, 0x00, 0x44, 0x72, 0x65,
    0x6b, 0x6b, 0x65, 0x72, 0x20, 0x44, 0x65, 0x76, 0x65, 0x6c, 0x6f, 0x70, 0x6d, 0x65, 0x6e, 0x74,
    0x20, 0x50, 0x74, 0x79, 0x2e, 0x20, 0x4c, 0x74, 0x64, 0x2e, 0x00, 0x57, 0x68, 0x69, 0x72, 0x6c,
    0x20, 0x49, 0x6e, 0x63, 0x00, 0x4c, 0x6f, 0x63, 0x75, 0x73, 0x20, 0x50, 0x6f, 0x73, 0x69, 0x74,
    0x69, 0x6f, 0x6e, 0x69, 0x6e, 0x67, 0x00, 0x41, 0x63, 0x75, 0x69, 0x74, 0x79, 0x20, 0x42, 0x72,
    0x61, 0x6e, 0x64, 0x73, 0x20, 0x4c, 0x69, 0x67, 0x68, 0x74, 0x69, 0x6e, 0x67, 0x2c, 0x20, 0x49,
    0x6e, 0x63, 0x00, 0x50, 0x72, 0x65, 0x76, 0x65, 0x6e, 0x74, 0x20, 0x42, 0x69, 0x6f, 0x6d, 0x65,
    0x74, 0x72, 0x69, 0x63, 0x73, 0x00, 0x56, 0x65, 0x72, 0x73, 0x61, 0x4d, 0x65, 0x00, 0x4c, 0x69,
    0x62, 0x72, 0x61, 0x74, 0x6f, 0x6e, 0x65, 0x20, 0x41, 0x2f, 0x53, 0x00, 0x48, 0x4d, 0x20, 0x45,
    0x6c, 0x65, 0x63, 0x74, 0x72, 0x6f, 0x6e, 0x69, 0x63, 0x73, 0x2c, 0x20, 0x49, 0x6e, 0x63, 0x2e,
    0x00, 0x54, 0x41, 0x53, 0x45, 0x52, 0x20, 0x49, 0x6e, 0x74, 0x65, 0x72, 0x6e, 0x61, 0x74, 0x69,
    0x6f, 0x6e, 0x61, 0x6c, 0x2c, 0x20, 0x49, 0x6e, 0x63, 0x2e, 0x00, 0x48, 0x65, 0x61, 0x72, 0x74,
    0x6c, 0x61, 0x6e, 0x64, 0x20, 0x50, 0x61, 0x79, 0x6d, 0x65, 0x6e, 0x74, 0x20, 0x53, 0x79, 0x73,
    0x74, 0x65, 0x6d, 0x73, 0x00, 0x42, 0x69, 0x74, 0x73, 0x74, 0x72, 0x61, 0x74, 0x61, 0x20, 0x53,
    0x79, 0x73, 0x74, 0x65, 0x6d, 0x73, 0x20, 0x49, 0x6e, 0x63, 0x2e, 0x00, 0x50, 0x69, 0x65, 0x70,
    0x73, 0x20, 0x47, 0x6d, 0x62, 0x48, 0x00, 0x69, 0x52, 0x69, 0x64, 0x69, 0x6e, 0x67, 0x28, 0x58,
    0x69, 0x61, 0x6d, 0x65, 0x6e, 0x29, 0x54, 0x65, 0x63, 0x68, 0x6e, 0x6f, 0x6c, 0x6f, 0x67, 0x79,
    0x20, 0x43, 0x6f, 0x2e, 0x2c, 0x4c, 0x74, 0x64, 0x2e, 0x00, 0x41, 0x6c, 0x70, 0x68, 0x61, 0x20,
    0x41, 0x75, 0x64, 0x69, 0x6f, 0x74, 0x72, 0x6f, 0x6e, 0x69, 0x63, 0x73, 0x2c, 0x20, 0x49, 0x6e,
    0x63, 0x2e, 0x00, 0x54, 0x4f, 0x50, 0x50, 0x41, 0x4e, 0x2c, 0x20, 0x49, 0x6e, 0x63, 0x2e, 0x00,
    0x53, 0x69, 0x67, 0x6d, 0x61, 0x20, 0x44, 0x65, 0x73, 0x69, 0x67, 0x6e, 0x73, 0x2c, 0x20, 0x49,
    0x6e, 0x63, 0x2e, 0x00, 0x53, 0x70, 0x65, 0x63, 0x74, 0x72, 0x75, 0x6d, 0x20, 0x42, 0x72, 0x61,
    0x6e, 0x64, 0x73, 0x2c, 0x20, 0x49, 0x6e, 0x63, 0x2e, 0x00, 0x50, 0x6f, 0x6c, 0x79, 0x6d, 0x61,
    0x70, 0x20, 0x57, 0x69, 0x72, 0x65, 0x6c, 0x65, 0x73, 0x73, 0x00, 0x4d, 0x61, 0x67, 0x6e, 0x69,
    0x57, 0x61, 0x72, 0x65, 0x20, 0x4c, 0x74, 0x64, 0x2e, 0x00, 0x4e, 0x6f, 0x76, 0x6f, 0x74, 0x65,
    0x63, 0x20, 0x4d, 0x65, 0x64, 0x69, 0x63, 0x61, 0x6c, 0x20, 0x47, 0x6d, 0x62, 0x48, 0x00, 0x50,
    0x68, 0x69, 0x6c, 0x6c, 0x69, 0x70, 0x73, 0x2d, 0x4d, 0x65, 0x64, 0x69, 0x73, 0x69, 0x7a, 0x65,
    0x20, 0x41, 0x2f, 0x53, 0x00, 0x4d, 0x61, 0x74, 0x72, 0x69, 0x78, 0x20, 0x49, 0x6e, 0x63, 0x2e,
    0x00, 0x45, 0x61, 0x74, 0x6f, 0x6e, 0x20, 0x43, 0x6f, 0x72, 0x70, 0x6f, 0x72, 0x61, 0x74, 0x69,
    0x6f, 0x6e, 0x00, 0x4b, 0x59, 0x53, 0x00, 0x4e, 0x61, 0x79, 0x61, 0x20, 0x48, 0x65, 0x61, 0x6c,
    0x74, 0x68, 0x2c, 0x20, 0x49, 0x6e, 0x63, 0x2e, 0x00, 0x41, 0x63, 0x72, 0x6f, 0x6d, 0x61, 0x67,
    0x00, 0x49, 0x6e, 0x73, 0x75, 0x6c, 0x65, 0x74, 0x20, 0x43, 0x6f, 0x72, 0x70, 0x6f, 0x72, 0x61,
    0x74, 0x69, 0x6f, 0x6e, 0x00, 0x57, 0x65, 0x6c, 0x6c, 0x69, 0x6e, 0x6b, 0x73, 0x20, 0x49, 0x6e,
    0x63, 0x2e, 0x00, 0x4f, 0x4e, 0x20, 0x53, 0x65, 0x6d, 0x69, 0x63, 0x6f, 0x6e, 0x64, 0x75, 0x63,
    0x74, 0x6f, 0x72, 0x00, 0x46, 0x52, 0x45, 0x45, 0x4c, 0x41, 0x50, 0x20, 0x53, 0x41, 0x00, 0x46,
    0x61, 0x76, 0x65, 0x72, 0x6f, 0x20, 0x45, 0x6c, 0x65, 0x63, 0x74, 0x72, 0x6f, 0x6e, 0x69, 0x63,
    0x73, 0x20, 0x53, 0x72, 0x6c, 0x00, 0x42, 0x69, 0x6f, 0x4d, 0x65, 0x63, 0x68, 0x20, 0x53, 0x65,
    0x6e, 0x73, 0x6f, 0x72, 0x20, 0x4c, 0x4c, 0x43, 0x00, 0x42, 0x4f, 0x4c, 0x54, 0x54, 0x20, 0x53,
    0x70, 0x6f, 0x72, 0x74, 0x73, 0x20, 0x74, 0x65, 0x63, 0x68, 0x6e, 0x6f, 0x6c, 0x6f, 0x67, 0x69,
    0x65, 0x73, 0x20, 0x50, 0x72, 0x69, 0x76, 0x61, 0x74, 0x65, 0x20, 0x6c, 0x69, 0x6d, 0x69, 0x74,
    0x65, 0x64, 0x00, 0x4d, 0x65, 0x74, 0x6f, 0x72, 0x6d, 0x6f, 0x74, 0x65, 0x20, 0x41, 0x42, 0x00,
    0x6c, 0x69, 0x74, 0x74, 0x6c, 0x65, 0x42, 0x69, 0x74, 0x73, 0x00, 0x53, 0x65, 0x74, 0x50, 0x6f,
    0x69, 0x6e, 0x74, 0x20, 0x4d, 0x65, 0x64, 0x69, 0x63, 0x61, 0x6c, 0x00, 0x42, 0x52, 0x43, 0x6f,
    0x6e, 0x74, 0x72, 0x6f, 0x6c, 0x73, 0x20, 0x50, 0x72, 0x6f, 0x64, 0x75, 0x63, 0x74, 0x73, 0x20,
    0x42, 0x56, 0x00, 0x5a, 0x69, 0x70, 0x63, 0x61, 0x72, 0x00, 0x41, 0x69, 0x72, 0x42, 0x6f, 0x6c,
    0x74, 0x20, 0x50, 0x74, 0x79, 0x20, 0x4c, 0x74, 0x64, 0x00, 0x4d, 0x4f, 0x54, 0x49, 0x56, 0x45,
    0x20, 0x54, 0x45, 0x43, 0x48, 0x4e, 0x4f, 0x4c, 0x4f, 0x47, 0x49, 0x45, 0x53, 0x2c, 0x20, 0x49,
    0x4e, 0x43, 0x2e, 0x00, 0x4d, 0x6f, 0x74, 0x69, 0x76, 0x2c, 0x20, 0x49, 0x6e, 0x63, 0x2e, 0x00,
    0x57, 0x61, 0x7a, 0x6f, 0x6d, 0x62, 0x69, 0x20, 0x4c, 0x61, 0x62, 0x73, 0x20, 0x4f, 0xc3, 0x9c,
    0x00, 0x4e, 0x69, 0x78, 0x69, 0x65, 0x20, 0x4c, 0x61, 0x62, 0x73, 0x2c, 0x20, 0x49, 0x6e, 0x63,
    0x2e, 0x00, 0x41, 0x70, 0x70, 0x4e, 0x65, 0x61, 0x72, 0x4d, 0x65, 0x20, 0x4c, 0x74, 0x64, 0x00,
    0x48, 0x6f, 0x6c, 0x6d, 0x61, 0x6e, 0x20, 0x49, 0x6e, 0x64, 0x75, 0x73, 0x74, 0x72, 0x69, 0x65,
    0x73, 0x00, 0x45, 0x78, 0x70, 0x61, 0x69, 0x6e, 0x20, 0x41, 0x53, 0x00, 0x45, 0x6c, 0x65, 0x63,
    0x74, 0x72, 0x6f, 0x6e, 0x69, 0x63, 0x20, 0x54, 0x65, 0x6d, 0x70, 0x65, 0x72, 0x61, 0x74, 0x75,
    0x72, 0x65, 0x20, 0x49, 0x6e, 0x73, 0x74, 0x72, 0x75, 0x6d, 0x65, 0x6e, 0x74, 0x73, 0x20, 0x4c,
    0x74, 0x64, 0x00, 0x50, 0x6c, 0x65, 0x6a, 0x64, 0x20, 0x41, 0x42, 0x00, 0x50, 0x72, 0x6f, 0x70,
    0x65, 0x6c, 0x6c, 0x65, 0x72, 0x20, 0x48, 0x65, 0x61, 0x6c, 0x74, 0x68, 0x00, 0x53, 0x68, 0x65,
    0x6e, 0x7a, 0x68, 0x65, 0x6e, 0x20, 0x69, 0x4d, 0x43, 0x4f, 0x20, 0x45, 0x6c, 0x65, 0x63, 0x74,
    0x72, 0x6f, 0x6e, 0x69, 0x63, 0x20, 0x54, 0x65, 0x63, 0x68, 0x6e, 0x6f, 0x6c, 0x6f, 0x67, 0x79,
    0x20, 0x43, 0x6f, 0x2e, 0x2c, 0x4c, 0x74, 0x64, 0x00, 0x41, 0x6c, 0x67, 0x6f, 0x72, 0x69, 0x61,
    0x00, 0x41, 0x70, 0x70, 0x74, 0x69, 0x6f, 0x6e, 0x20, 0x4c, 0x61, 0x62, 0x73, 0x20, 0x49, 0x6e,
    0x63, 0x2e, 0x00, 0x43, 0x72, 0x6f, 0x6e, 0x6f, 0x6c, 0x6f, 0x67, 0x69, 0x63, 0x73, 0x20, 0x43,
    0x6f, 0x72, 0x70, 0x6f, 0x72, 0x61, 0x74, 0x69, 0x6f, 0x6e, 0x00, 0x4d, 0x49, 0x43, 0x52, 0x4f,
    0x44, 0x49, 0x41, 0x20, 0x4c, 0x74, 0x64, 0x2e, 0x00, 0x6c, 0x75, 0x6c, 0x61, 0x62, 0x79, 0x74,
    0x65, 0x73, 0x20, 0x53, 0x2e, 0x4c, 0x2e, 0x00, 0x53, 0x6f, 0x63, 0x69, 0xc3, 0xa9, 0x74, 0xc3,
    0xa9, 0x20, 0x64, 0x65, 0x73, 0x20, 0x50, 0x72, 0x6f, 0x64, 0x75, 0x69, 0x74, 0x73, 0x20, 0x4e,
    0x65, 0x73, 0x74, 0x6c, 0xc3, 0xa9, 0x20, 0x53, 0x2e, 0x41, 0x2e, 0x00, 0x4c, 0x4c, 0x43, 0x20,
    0x22, 0x4d, 0x45, 0x47, 0x41, 0x2d, 0x46, 0x20, 0x73, 0x65, 0x72, 0x76, 0x69, 0x63, 0x65, 0x22,
    0x00, 0x53, 0x68, 0x61, 0x72, 0x70, 0x20, 0x43, 0x6f, 0x72, 0x70, 0x6f, 0x72, 0x61, 0x74, 0x69,
    0x6f, 0x6e, 0x00, 0x50, 0x72, 0x65, 0x63, 0x69, 0x73, 0x69, 0x6f, 0x6e, 0x20, 0x4f, 0x75, 0x74,
    0x63, 0x6f, 0x6d, 0x65, 0x73, 0x20, 0x4c, 0x74, 0x64, 0x00, 0x4b, 0x72, 0x6f, 0x6e, 0x6f, 0x73,
    0x20, 0x49, 0x6e, 0x63, 0x6f, 0x72, 0x70, 0x6f, 0x72, 0x61, 0x74, 0x65, 0x64, 0x00, 0x45, 0x6d,
    0x62, 0x65, 0x64, 0x64, 0x65, 0x64, 0x20, 0x45, 0x6c, 0x65, 0x63, 0x74, 0x72, 0x6f, 0x6e, 0x69,
    0x63, 0x20, 0x53, 0x6f, 0x6c, 0x75, 0x74, 0x69, 0x6f, 0x6e, 0x73, 0x20, 0x4c, 0x74, 0x64, 0x2e,
    0x20, 0x64, 0x62, 0x61, 0x20, 0x65, 0x32, 0x53, 0x6f, 0x6c, 0x75, 0x74, 0x69, 0x6f, 0x6e, 0x73,
    0x00, 0x41, 0x74, 0x65, 0x72, 0x69, 0x63, 0x61, 0x20, 0x49, 0x6e, 0x63, 0x2e, 0x00, 0x42, 0x6c,
    0x75, 0x53, 0x74, 0x6f, 0x72, 0x20, 0x50, 0x4d, 0x43, 0x2c, 0x20, 0x49, 0x6e, 0x63, 0x2e, 0x00,
    0x4b, 0x61, 0x70, 0x73, 0x63, 0x68, 0x20, 0x54, 0x72, 0x61, 0x66, 0x66, 0x69, 0x63, 0x43, 0x6f,
    0x6d, 0x20, 0x41, 0x42, 0x00, 0x41, 0x63, 0x74, 0x69, 0x76, 0x65, 0x42, 0x6c, 0x75, 0x20, 0x43,
    0x6f, 0x72, 0x70, 0x6f, 0x72, 0x61, 0x74, 0x69, 0x6f, 0x6e, 0x00, 0x4b, 0x6f, 0x68, 0x6c, 0x65,
    0x72, 0x20, 0x4d, 0x69, 0x72, 0x61, 0x20, 0x4c, 0x69, 0x6d, 0x69, 0x74, 0x65, 0x64, 0x00, 0x4e,
    0x6f, 0x6b, 0x65, 0x00, 0x41, 0x70, 0x70, 0x69, 0x6f, 0x6e, 0x20, 0x49, 0x6e, 0x63, 0x2e, 0x00,
    0x52, 0x65, 0x73, 0x6d, 0x65, 0x64, 0x20, 0x4c, 0x74, 0x64, 0x00, 0x43, 0x72, 0x6f, 0x77, 0x6e,
    0x73, 0x74, 0x6f, 0x6e, 0x65, 0x20, 0x42, 0x2e, 0x56, 0x2e, 0x00, 0x58, 0x69, 0x61, 0x6f, 0x6d,
    0x69, 0x20, 0x49, 0x6e, 0x63, 0x2e, 0x00, 0x49, 0x4e, 0x46, 0x4f, 0x54, 0x45, 0x43, 0x48, 0x20,
    0x73, 0x2e, 0x72, 0x2e, 0x6f, 0x2e, 0x00, 0x54, 0x68, 0x69, 0x6e, 0x67, 0x73, 0x71, 0x75, 0x61,
    0x72, 0x65, 0x20, 0x41, 0x42, 0x00, 0x54, 0x26, 0x44, 0x00, 0x4c, 0x41, 0x56, 0x41, 0x5a, 0x5a,
    0x41, 0x20, 0x53, 0x2e, 0x70, 0x2e, 0x41, 0x2e, 0x00, 0x53, 0x44, 0x41, 0x54, 0x41, 0x57, 0x41,
    0x59, 0x00, 0x42, 0x4c, 0x4f, 0x4b, 0x53, 0x20, 0x47, 0x6d, 0x62, 0x48, 0x00, 0x4c, 0x45, 0x47,
    0x4f, 0x20, 0x53, 0x79, 0x73, 0x74, 0x65, 0x6d, 0x20, 0x41, 0x2f, 0x53, 0x00, 0x54, 0x68, 0x65,
    0x74, 0x61, 0x74, 0x72, 0x6f, 0x6e, 0x69, 0x63, 0x73, 0x20, 0x4c, 0x74, 0x64, 0x00, 0x4e, 0x69,
    0x6b, 0x6f, 0x6e, 0x20, 0x43, 0x6f, 0x72, 0x70, 0x6f, 0x72, 0x61, 0x74, 0x69, 0x6f, 0x6e, 0x00,
    0x4e, 0x65, 0x53, 0x54, 0x00, 0x53, 0x6f, 0x75, 0x74, 0x68, 0x20, 0x53, 0x69, 0x6c, 0x69, 0x63,
    0x6f, 0x6e, 0x20, 0x56, 0x61, 0x6c, 0x6c, 0x65, 0x79, 0x20, 0x4d, 0x69, 0x63, 0x72, 0x6f, 0x65,
    0x6c, 0x65, 0x63, 0x74, 0x72, 0x6f, 0x6e, 0x69, 0x63, 0x73, 0x00, 0x41, 0x4c, 0x45, 0x20, 0x49,
    0x6e, 0x74, 0x65, 0x72, 0x6e, 0x61, 0x74, 0x69, 0x6f, 0x6e, 0x61, 0x6c, 0x00, 0x43, 0x61, 0x72,
    0x65, 0x56, 0x69, 0x65, 0x77, 0x20, 0x43, 0x6f, 0x6d, 0x6d, 0x75, 0x6e, 0x69, 0x63, 0x61, 0x74,
    0x69, 0x6f, 0x6e, 0x73, 0x2c, 0x20, 0x49, 0x6e, 0x63, 0x2e, 0x00, 0x53, 0x63, 0x68, 0x6f, 0x6f,
    0x6c, 0x42, 0x6f, 0x61, 0x72, 0x64, 0x20, 0x4c, 0x69, 0x6d, 0x69, 0x74, 0x65, 0x64, 0x00, 0x4d,
    0x6f, 0x6c, 0x65, 0x78, 0x20, 0x43, 0x6f, 0x72, 0x70, 0x6f, 0x72, 0x61, 0x74, 0x69, 0x6f, 0x6e,
    0x00, 0x49, 0x56, 0x54, 0x20, 0x57, 0x69, 0x72, 0x65, 0x6c, 0x65, 0x73, 0x73, 0x20, 0x4c, 0x69,
    0x6d, 0x69, 0x74, 0x65, 0x64, 0x00, 0x41, 0x6c, 0x70, 0x69, 0x6e, 0x65, 0x20, 0x4c, 0x61, 0x62,
    0x73, 0x20, 0x4c, 0x4c, 0x43, 0x00, 0x43, 0x61, 0x6e, 0x64, 0x75, 0x72, 0x61, 0x20, 0x49, 0x6e,
    0x73, 0x74, 0x72, 0x75, 0x6d, 0x65, 0x6e, 0x74, 0x73, 0x00, 0x53, 0x6d, 0x61, 0x72, 0x74, 0x4d,
    0x6f, 0x76, 0x74, 0x20, 0x54, 0x65, 0x63, 0x68, 0x6e, 0x6f, 0x6c, 0x6f, 0x67, 0x79, 0x20, 0x43,
    0x6f, 0x2e, 0x2c, 0x20, 0x4c, 0x74, 0x64, 0x00, 0x54, 0x6f, 0x6b, 0x65, 0x6e, 0x20, 0x5a, 0x65,
    0x72, 0x6f, 0x20, 0x4c, 0x74, 0x64, 0x00, 0x41, 0x43, 0x45, 0x20, 0x43, 0x41, 0x44, 0x20, 0x45,
    0x6e, 0x74, 0x65, 0x72, 0x70, 0x72, 0x69, 0x73, 0x65, 0x20, 0x43, 0x6f, 0x2e, 0x2c, 0x20, 0x4c,
    0x74, 0x64, 0x2e, 0x20, 0x28, 0x41, 0x43, 0x45, 0x43, 0x41, 0x44, 0x29, 0x00, 0x4d, 0x65, 0x64,
    0x65, 0x6c, 0x61, 0x2c, 0x20, 0x49, 0x6e, 0x63, 0x00, 0x41, 0x65, 0x72, 0x6f, 0x53, 0x63, 0x6f,
    0x75, 0x74, 0x00, 0x45, 0x73, 0x72, 0x69, 0x6c, 0x6c, 0x65, 0x20, 0x49, 0x6e, 0x63, 0x2e, 0x00,
    0x45, 0x78, 0x6f, 0x6e, 0x20, 0x53, 0x70, 0x2e, 0x20, 0x7a, 0x20, 0x6f, 0x2e, 0x6f, 0x2e, 0x00,
    0x4d, 0x65, 0x69, 0x7a, 0x75, 0x20, 0x54, 0x65, 0x63, 0x68, 0x6e, 0x6f, 0x6c, 0x6f, 0x67, 0x79,
    0x20, 0x43, 0x6f, 0x2e, 0x2c, 0x20, 0x4c, 0x74, 0x64, 0x2e, 0x00, 0x58, 0x69, 0x51, 0x00, 0x41,
    0x6c, 0x6c, 0x73, 0x77, 0x65, 0x6c, 0x6c, 0x20, 0x49, 0x6e, 0x63, 0x2e, 0x00, 0x43, 0x6f, 0x6d,
    0x6d, 0x2d, 0x4e, 0x2d, 0x53, 0x65, 0x6e, 0x73, 0x65, 0x20, 0x43, 0x6f, 0x72, 0x70, 0x20, 0x44,
    0x42, 0x41, 0x20, 0x56, 0x65, 0x72, 0x69, 0x67, 0x6f, 0x00, 0x56, 0x49, 0x42, 0x52, 0x41, 0x44,
    0x4f, 0x52, 0x4d, 0x20, 0x47, 0x6d, 0x62, 0x48, 0x00, 0x4f, 0x74, 0x6f, 0x64, 0x61, 0x74, 0x61,
    0x20, 0x57, 0x69, 0x72, 0x65, 0x6c, 0x65, 0x73, 0x73, 0x20, 0x4e, 0x65, 0x74, 0x77, 0x6f, 0x72,
    0x6b, 0x20, 0x49, 0x6e, 0x63, 0x2e, 0x00, 0x50, 0x72, 0x6f, 0x70, 0x61, 0x67, 0x61, 0x74, 0x69,
    0x6f, 0x6e, 0x20, 0x53, 0x79, 0x73, 0x74, 0x65, 0x6d, 0x73, 0x20, 0x4c, 0x69, 0x6d, 0x69, 0x74,
    0x65, 0x64, 0x00, 0x4d, 0x69, 0x64, 0x77, 0x65, 0x73, 0x74, 0x20, 0x49, 0x6e, 0x73, 0x74, 0x72,
    0x75, 0x6d, 0x65, 0x6e, 0x74, 0x73, 0x20, 0x26, 0x20, 0x43, 0x6f, 0x6e, 0x74, 0x72, 0x6f, 0x6c,
    0x73, 0x00, 0x41, 0x6c, 0x70, 0x68, 0x61, 0x20, 0x4e, 0x6f, 0x64, 0x75, 0x73, 0x2c, 0x20, 0x69,
    0x6e, 0x63, 0x2e, 0x00, 0x70, 0x65, 0x74, 0x50, 0x4f, 0x4d, 0x4d, 0x2c, 0x20, 0x49, 0x6e, 0x63,
    0x00, 0x4d, 0x61, 0x74, 0x74, 0x65, 0x6c, 0x00, 0x41, 0x69, 0x72, 0x62, 0x6c, 0x79, 0x20, 0x49,
    0x6e, 0x63, 0x2e, 0x00, 0x41, 0x2d, 0x53, 0x61, 0x66, 0x65, 0x20, 0x4c, 0x69, 0x6d, 0x69, 0x74,
    0x65, 0x64, 0x00, 0x46, 0x52, 0x45, 0x44, 0x45, 0x52, 0x49, 0x51, 0x55, 0x45, 0x20, 0x43, 0x4f,
    0x4e, 0x53, 0x54, 0x41, 0x4e, 0x54, 0x20, 0x53, 0x41, 0x00, 0x4d, 0x61, 0x78, 0x73, 0x63, 0x65,
    0x6e, 0x64, 0x20, 0x4d, 0x69, 0x63, 0x72, 0x6f, 0x65, 0x6c, 0x65, 0x63, 0x74, 0x72, 0x6f, 0x6e,
    0x69, 0x63, 0x73, 0x20, 0x43, 0x6f, 0x6d, 0x70, 0x61, 0x6e, 0x79, 0x20, 0x4c, 0x69, 0x6d, 0x69,
    0x74, 0x65, 0x64, 0x00, 0x41, 0x62, 0x62, 0x6f, 0x74, 0x74, 0x00, 0x41, 0x53, 0x42, 0x20, 0x42,
    0x61, 0x6e, 0x6b, 0x20, 0x4c, 0x74, 0x64, 0x00, 0x61, 0x6d, 0x61, 0x64, 0x61, 0x73, 0x00, 0x41,
    0x70, 0x70, 0x6c, 0x69, 0x65, 0x64, 0x20, 0x53, 0x63, 0x69, 0x65, 0x6e, 0x63, 0x65, 0x2c, 0x20,
    0x49, 0x6e, 0x63, 0x2e, 0x00, 0x69, 0x4c, 0x75, 0x6d, 0x69, 0x20, 0x53, 0x6f, 0x6c, 0x75, 0x74,
    0x69, 0x6f, 0x6e, 0x73, 0x20, 0x49, 0x6e, 0x63, 0x2e, 0x00, 0x41, 0x72, 0x63, 0x68, 0x20, 0x53,
    0x79, 0x73, 0x74, 0x65, 0x6d, 0x73, 0x20, 0x49, 0x6e, 0x63, 0x2e, 0x00, 0x45, 0x6d, 0x62, 0x65,
    0x72, 0x20, 0x54, 0x65, 0x63, 0x68, 0x6e, 0x6f, 0x6c, 0x6f, 0x67, 0x69, 0x65, 0x73, 0x2c, 0x20,
    0x49, 0x6e, 0x63, 0x2e, 0x00, 0x53, 0x6e, 0x61, 0x70, 0x63, 0x68, 0x61, 0x74, 0x20, 0x49, 0x6e,
    0x63, 0x00, 0x43, 0x61, 0x73, 0x61, 0x6d, 0x62, 0x69, 0x20, 0x54, 0x65, 0x63, 0x68, 0x6e, 0x6f,
    0x6c, 0x6f, 0x67, 0x69, 0x65, 0x73, 0x20, 0x4f, 0x79, 0x00, 0x50, 0x69, 0x63, 0x6f, 0x20, 0x54,
    0x65, 0x63, 0x68, 0x6e, 0x6f, 0x6c, 0x6f, 0x67, 0x79, 0x20, 0x49, 0x6e, 0x63, 0x2e, 0x00, 0x53,
    0x74, 0x2e, 0x20, 0x4a, 0x75, 0x64, 0x65, 0x20, 0x4d, 0x65, 0x64, 0x69, 0x63, 0x61, 0x6c, 0x2c,
    0x20, 0x49, 0x6e, 0x63, 0x2e, 0x00, 0x49, 0x6e, 0x74, 0x72, 0x69, 0x63, 0x6f, 0x6e, 0x00, 0x53,
    0x74, 0x72, 0x75, 0x63, 0x74, 0x75, 0x72, 0x61, 0x6c, 0x20, 0x48, 0x65, 0x61, 0x6c, 0x74, 0x68,
    0x20, 0x53, 0x79, 0x73, 0x74, 0x65, 0x6d, 0x73, 0x2c, 0x20, 0x49, 0x6e, 0x63, 0x2e, 0x00, 0x41,
    0x76, 0x76, 0x65, 0x6c, 0x20, 0x49, 0x6e, 0x74, 0x65, 0x72, 0x6e, 0x61, 0x74, 0x69, 0x6f, 0x6e,
    0x61, 0x6c, 0x00, 0x47, 0x61, 0x6c, 0x6c, 0x61, 0x67, 0x68, 0x65, 0x72, 0x20, 0x47, 0x72, 0x6f,
    0x75, 0x70, 0x00, 0x49, 0x6e, 0x32, 0x74, 0x68, 0x69, 0x6e, 0x67, 0x73, 0x20, 0x41, 0x75, 0x74,
    0x6f, 0x6d, 0x61, 0x74, 0x69, 0x6f, 0x6e, 0x20, 0x50, 0x76, 0x74, 0x2e, 0x20, 0x4c, 0x74, 0x64,
    0x2e, 0x00, 0x53, 0x59, 0x53, 0x44, 0x45, 0x56, 0x20, 0x53, 0x72, 0x6c, 0x00, 0x56, 0x6f, 0x6e,
    0x6b, 0x69, 0x6c, 0x20, 0x54, 0x65, 0x63, 0x68, 0x6e, 0x6f, 0x6c, 0x6f, 0x67, 0x69, 0x65, 0x73,
    0x20, 0x4c, 0x74, 0x64, 0x00, 0x57, 0x79, 0x6e, 0x64, 0x20, 0x54, 0x65, 0x63, 0x68, 0x6e, 0x6f,
    0x6c, 0x6f, 0x67, 0x69, 0x65, 0x73, 0x2c, 0x20, 0x49, 0x6e, 0x63, 0x2e, 0x00, 0x43, 0x4f, 0x4e,
    0x54, 0x52, 0x49, 0x4e, 0x45, 0x58, 0x20, 0x53, 0x2e, 0x41, 0x2e, 0x00, 0x4d, 0x49, 0x52, 0x41,
    0x2c, 0x20, 0x49, 0x6e, 0x63, 0x2e, 0x00, 0x57, 0x61, 0x74, 0x74, 0x65, 0x61, 0x6d, 0x20, 0x4c,
    0x74, 0x64, 0x00, 0x44, 0x65, 0x6e, 0x73, 0x69, 0x74, 0x79, 0x20, 0x49, 0x6e, 0x63, 0x2e, 0x00,
    0x49, 0x4f, 0x54, 0x20, 0x50, 0x6f, 0x74, 0x20, 0x49, 0x6e, 0x64, 0x69, 0x61, 0x20, 0x50, 0x72,
    0x69, 0x76, 0x61, 0x74, 0x65, 0x20, 0x4c, 0x69, 0x6d, 0x69, 0x74, 0x65, 0x64, 0x00, 0x53, 0x69,
    0x67, 0x6d, 0x61, 0x20, 0x43, 0x6f, 0x6e, 0x6e, 0x65, 0x63, 0x74, 0x69, 0x76, 0x69, 0x74, 0x79,
    0x20, 0x41, 0x42, 0x00, 0x50, 0x45, 0x47, 0x20, 0x50, 0x45, 0x52, 0x45, 0x47, 0x4f, 0x20, 0x53,
    0x50, 0x41, 0x00, 0x57, 0x79, 0x7a, 0x65, 0x6c, 0x69, 0x6e, 0x6b, 0x20, 0x53, 0x79, 0x73, 0x74,
    0x65, 0x6d, 0x73, 0x20, 0x49, 0x6e, 0x63, 0x2e, 0x00, 0x59, 0x6f, 0x74, 0x61, 0x20, 0x44, 0x65,
    0x76, 0x69, 0x63, 0x65, 0x73, 0x20, 0x4c, 0x54, 0x44, 0x00, 0x46, 0x49, 0x4e, 0x53, 0x45, 0x43,
    0x55, 0x52, 0x00, 0x5a, 0x65, 0x6e, 0x2d, 0x4d, 0x65, 0x20, 0x4c, 0x61, 0x62, 0x73, 0x20, 0x4c,
    0x74, 0x64, 0x00, 0x33, 0x49, 0x57, 0x61, 0x72, 0x65, 0x20, 0x43, 0x6f, 0x2e, 0x2c, 0x20, 0x4c,
    0x74, 0x64, 0x2e, 0x00, 0x45, 0x6e, 0x4f, 0x63, 0x65, 0x61, 0x6e, 0x20, 0x47, 0x6d, 0x62, 0x48,
    0x00, 0x49, 0x6e, 0x73, 0x74, 0x61, 0x62, 0x65, 0x61, 0x74, 0x2c, 0x20, 0x49, 0x6e, 0x63, 0x00,
    0x4e, 0x69, 0x6d, 0x61, 0x20, 0x4c, 0x61, 0x62, 0x73, 0x00, 0x41, 0x6e, 0x64, 0x72, 0x65, 0x61,
    0x73, 0x20, 0x53, 0x74, 0x69, 0x68, 0x6c, 0x20, 0x41, 0x47, 0x20, 0x26, 0x20, 0x43, 0x6f, 0x2e,
    0x20, 0x4b, 0x47, 0x00, 0x4e, 0x61, 0x74, 0x68, 0x61, 0x6e, 0x20, 0x52, 0x68, 0x6f, 0x61, 0x64,
    0x65, 0x73, 0x20, 0x4c, 0x4c, 0x43, 0x00, 0x47, 0x72, 0x6f, 0x62, 0x20, 0x54, 0x65, 0x63, 0x68,
    0x6e, 0x6f, 0x6c, 0x6f, 0x67, 0x69, 0x65, 0x73, 0x2c, 0x20, 0x4c, 0x4c, 0x43, 0x00, 0x41, 0x63,
    0x74, 0x69, 0x6f, 0x6e, 0x73, 0x20, 0x54, 0x65, 0x63, 0x68, 0x6e, 0x6f, 0x6c, 0x6f, 0x67, 0x79,
    0x20, 0x43, 0x6f, 0x2e, 0x2c, 0x4c, 0x74, 0x64, 0x00, 0x53, 0x50, 0x44, 0x20, 0x44, 0x65, 0x76,
    0x65, 0x6c, 0x6f, 0x70, 0x6d, 0x65, 0x6e, 0x74, 0x20, 0x43, 0x6f, 0x6d, 0x70, 0x61, 0x6e, 0x79,
    0x20, 0x4c, 0x74, 0x64, 0x00, 0x53, 0x65, 0x6e, 0x73, 0x6f, 0x61, 0x6e, 0x20, 0x4f, 0x79, 0x00,
    0x51, 0x75, 0x61, 0x6c, 0x63, 0x6f, 0x6d, 0x6d, 0x20, 0x4c, 0x69, 0x66, 0x65, 0x20, 0x49, 0x6e,
    0x63, 0x00, 0x43, 0x68, 0x69, 0x70, 0x2d, 0x69, 0x6e, 0x67, 0x20, 0x41, 0x47, 0x00, 0x66, 0x66,
    0x6c, 0x79, 0x34, 0x75, 0x00, 0x49, 0x6f, 0x54, 0x20, 0x49, 0x6e, 0x73, 0x74, 0x72, 0x75, 0x6d,
    0x65, 0x6e, 0x74, 0x73, 0x20, 0x4f, 0x79, 0x00, 0x54, 0x52, 0x55, 0x45, 0x20, 0x46, 0x69, 0x74,
    0x6e, 0x65, 0x73, 0x73, 0x20, 0x54, 0x65, 0x63, 0x68, 0x6e, 0x6f, 0x6c, 0x6f, 0x67, 0x79, 0x00,
    0x53, 0x48, 0x45, 0x4e, 0x5a, 0x48, 0x45, 0x4e, 0x20, 0x4c, 0x45, 0x4d, 0x4f, 0x4e, 0x4a, 0x4f,
    0x59, 0x20, 0x54, 0x45, 0x43, 0x48, 0x4e, 0x4f, 0x4c, 0x4f, 0x47, 0x59, 0x20, 0x43, 0x4f, 0x2e,
    0x2c, 0x20, 0x4c, 0x54, 0x44, 0x2e, 0x00, 0x48, 0x65, 0x6c, 0x6c, 0x6f, 0x20, 0x49, 0x6e, 0x63,
    0x2e, 0x00, 0x4f, 0x7a, 0x6f, 0x20, 0x45, 0x64, 0x75, 0x2c, 0x20, 0x49, 0x6e, 0x63, 0x2e, 0x00,
    0x4a, 0x69, 0x67, 0x6f, 0x77, 0x61, 0x74, 0x74, 0x73, 0x20, 0x49, 0x6e, 0x63, 0x2e, 0x00, 0x42,
    0x41, 0x53, 0x49, 0x43, 0x20, 0x4d, 0x49, 0x43, 0x52, 0x4f, 0x2e, 0x43, 0x4f, 0x4d, 0x2c, 0x49,
    0x4e, 0x43, 0x2e, 0x00, 0x43, 0x55, 0x42, 0x45, 0x20, 0x54, 0x45, 0x43, 0x48, 0x4e, 0x4f, 0x4c,
    0x4f, 0x47, 0x49, 0x45, 0x53, 0x00, 0x43, 0x4c, 0x49, 0x4e, 0x4b, 0x00, 0x48, 0x65, 0x73, 0x74,
    0x61, 0x6e, 0x20, 0x53, 0x6d, 0x61, 0x72, 0x74, 0x20, 0x43, 0x6f, 0x6f, 0x6b, 0x69, 0x6e, 0x67,
    0x20, 0x49, 0x6e, 0x63, 0x2e, 0x00, 0x57, 0x69, 0x6e, 0x64, 0x6f, 0x77, 0x4d, 0x61, 0x73, 0x74,
    0x65, 0x72, 0x20, 0x41, 0x2f, 0x53, 0x00, 0x50, 0x41, 0x4c, 0x20, 0x54, 0x65, 0x63, 0x68, 0x6e,
    0x6f, 0x6c, 0x6f, 0x67, 0x69, 0x65, 0x73, 0x20, 0x4c, 0x74, 0x64, 0x00, 0x57, 0x48, 0x45, 0x52,
    0x45, 0x2c, 0x20, 0x49, 0x6e, 0x63, 0x2e, 0x00, 0x49, 0x74, 0x6f, 0x6e, 0x20, 0x54, 0x65, 0x63,
    0x68, 0x6e, 0x6f, 0x6c, 0x6f, 0x67, 0x79, 0x20, 0x43, 0x6f, 0x72, 0x70, 0x2e, 0x00, 0x4f, 0x77,
    0x6c, 0x20, 0x4c, 0x61, 0x62, 0x73, 0x20, 0x49, 0x6e, 0x63, 0x2e, 0x00, 0x52, 0x6f, 0x63, 0x6b,
    0x66, 0x6f, 0x72, 0x64, 0x20, 0x43, 0x6f, 0x72, 0x70, 0x2e, 0x00, 0x42, 0x65, 0x63, 0x6f, 0x6e,
    0x20, 0x54, 0x65, 0x63, 0x68, 0x6e, 0x6f, 0x6c, 0x6f, 0x67, 0x69, 0x65, 0x73, 0x20, 0x43, 0x6f,
    0x2e, 0x2c, 0x4c, 0x74, 0x64, 0x2e, 0x00, 0x56, 0x79, 0x61, 0x73, 0x73, 0x6f, 0x66, 0x74, 0x20,
    0x54, 0x65, 0x63, 0x68, 0x6e, 0x6f, 0x6c, 0x6f, 0x67, 0x69, 0x65, 0x73, 0x20, 0x49, 0x6e, 0x63,
    0x00, 0x4e, 0x6f, 0x78, 0x20, 0x4d, 0x65, 0x64, 0x69, 0x63, 0x61, 0x6c, 0x00, 0x4b, 0x69, 0x6d,
    0x62, 0x65, 0x72, 0x6c, 0x79, 0x2d, 0x43, 0x6c, 0x61, 0x72, 0x6b, 0x00, 0x54, 0x72, 0x69, 0x6d,
    0x62, 0x6c, 0x65, 0x20, 0x49, 0x6e, 0x63, 0x2e, 0x00, 0x4c, 0x69, 0x74, 0x74, 0x65, 0x6c, 0x66,
    0x75, 0x73, 0x65, 0x00, 0x57, 0x69, 0x74, 0x68, 0x69, 0x6e, 0x67, 0x73, 0x00, 0x69, 0x2d, 0x64,
    0x65, 0x76, 0x65, 0x6c, 0x6f, 0x70, 0x65, 0x72, 0x20, 0x49, 0x54, 0x20, 0x42, 0x65, 0x72, 0x61,
    0x74, 0x75, 0x6e, 0x67, 0x20, 0x55, 0x47, 0x00, 0x52, 0x65, 0x6c, 0x61, 0x74, 0x69, 0x6f, 0x6e,
    0x73, 0x20, 0x49, 0x6e, 0x63, 0x2e, 0x00, 0x53, 0x65, 0x61, 0x72, 0x73, 0x20, 0x48, 0x6f, 0x6c,
    0x64, 0x69, 0x6e, 0x67, 0x73, 0x20, 0x43, 0x6f, 0x72, 0x70, 0x6f, 0x72, 0x61, 0x74, 0x69, 0x6f,
    0x6e, 0x00, 0x47, 0x61, 0x6e, 0x74, 0x6e, 0x65, 0x72, 0x20, 0x45, 0x6c, 0x65, 0x63, 0x74, 0x72,
    0x6f, 0x6e, 0x69, 0x63, 0x20, 0x47, 0x6d, 0x62, 0x48, 0x00, 0x41, 0x75, 0x74, 0x68, 0x6f, 0x6d,
    0x61, 0x74, 0x65, 0x20, 0x49, 0x6e, 0x63, 0x00, 0x56, 0x65, 0x72, 0x74, 0x65, 0x78, 0x20, 0x49,
    0x6e, 0x74, 0x65, 0x72, 0x6e, 0x61, 0x74, 0x69, 0x6f, 0x6e, 0x61, 0x6c, 0x2c, 0x20, 0x49, 0x6e,
    0x63, 0x2e, 0x00, 0x53, 0x77, 0x69, 0x73, 0x73, 0x20, 0x41, 0x75, 0x64, 0x69, 0x6f, 0x20, 0x53,
    0x41, 0x00, 0x54, 0x6f, 0x47, 0x65, 0x74, 0x48, 0x6f, 0x6d, 0x65, 0x20, 0x49, 0x6e, 0x63, 0x2e,
    0x00, 0x5a, 0x46, 0x20, 0x4f, 0x50, 0x45, 0x4e, 0x4d, 0x41, 0x54, 0x49, 0x43, 0x53, 0x20, 0x73,
    0x2e, 0x72, 0x2e, 0x6f, 0x2e, 0x00, 0x4a, 0x61, 0x6e, 0x61, 0x20, 0x43, 0x61, 0x72, 0x65, 0x20,
    0x49, 0x6e, 0x63, 0x2e, 0x00, 0x4e, 0x6f, 0x72, 0x74, 0x68, 0x53, 0x74, 0x61, 0x72, 0x20, 0x42,
    0x61, 0x74, 0x74, 0x65, 0x72, 0x79, 0x20, 0x43, 0x6f, 0x6d, 0x70, 0x61, 0x6e, 0x79, 0x2c, 0x20,
    0x4c, 0x4c, 0x43, 0x00, 0x53, 0x4b, 0x46, 0x20, 0x28, 0x55, 0x2e, 0x4b, 0x2e, 0x29, 0x20, 0x4c,
    0x69, 0x6d, 0x69, 0x74, 0x65, 0x64, 0x00, 0x43, 0x4f, 0x2d, 0x41, 0x58, 0x20, 0x54, 0x65, 0x63,
    0x68, 0x6e, 0x6f, 0x6c, 0x6f, 0x67, 0x79, 0x2c, 0x20, 0x49, 0x6e, 0x63, 0x2e, 0x00, 0x46, 0x65,
    0x6e, 0x64, 0x65, 0x72, 0x20, 0x4d, 0x75, 0x73, 0x69, 0x63, 0x61, 0x6c, 0x20, 0x49, 0x6e, 0x73,
    0x74, 0x72, 0x75, 0x6d, 0x65, 0x6e, 0x74, 0x73, 0x00, 0x4c, 0x75, 0x69, 0x64, 0x69, 0x61, 0x20,
    0x49, 0x6e, 0x63, 0x00, 0x53, 0x45, 0x46, 0x41, 0x4d, 0x00, 0x57, 0x69, 0x72, 0x65, 0x6c, 0x65,
    0x73, 0x73, 0x20, 0x43, 0x61, 0x62, 0x6c, 0x65, 0x73, 0x20, 0x49, 0x6e, 0x63, 0x00, 0x53, 0x4f,
    0x44, 0x41, 0x20, 0x47, 0x6d, 0x62, 0x48, 0x00, 0x46, 0x61, 0x74, 0x69, 0x67, 0x75, 0x65, 0x20,
    0x53, 0x63, 0x69, 0x65, 0x6e, 0x63, 0x65, 0x00, 0x4e, 0x6f, 0x76, 0x61, 0x6c, 0x6f, 0x67, 0x79,
    0x20, 0x4c, 0x54, 0x44, 0x00, 0x46, 0x72, 0x69, 0x64, 0x61, 0x79, 0x20, 0x4c, 0x61, 0x62, 0x73,
    0x20, 0x4c, 0x69, 0x6d, 0x69, 0x74, 0x65, 0x64, 0x00, 0x4f, 0x72, 0x74, 0x68, 0x6f, 0x41, 0x63,
    0x63, 0x65, 0x6c, 0x20, 0x54, 0x65, 0x63, 0x68, 0x6e, 0x6f, 0x6c, 0x6f, 0x67, 0x69, 0x65, 0x73,
    0x00, 0x57, 0x61, 0x74, 0x65, 0x72, 0x47, 0x75, 0x72, 0x75, 0x2c, 0x20, 0x49, 0x6e, 0x63, 0x2e,
    0x00, 0x42, 0x65, 0x6e, 0x6e, 0x69, 0x6e, 0x67, 0x20, 0x45, 0x6c, 0x65, 0x6b, 0x74, 0x72, 0x6f,
    0x74, 0x65, 0x63, 0x68, 0x6e, 0x69, 0x6b, 0x20, 0x75, 0x6e, 0x64, 0x20, 0x45, 0x6c, 0x65, 0x6b,
    0x74, 0x72, 0x6f, 0x6e, 0x69, 0x6b, 0x20, 0x47, 0x6d, 0x62, 0x48, 0x20, 0x26, 0x20, 0x43, 0x6f,
    0x2e, 0x20, 0x4b, 0x47, 0x00, 0x44, 0x65, 0x6c, 0x6c, 0x20, 0x43, 0x6f, 0x6d, 0x70, 0x75, 0x74,
    0x65, 0x72, 0x20, 0x43, 0x6f, 0x72, 0x70, 0x6f, 0x72, 0x61, 0x74, 0x69, 0x6f, 0x6e, 0x00, 0x4b,
    0x6f, 0x70, 0x69, 0x6e, 0x20, 0x43, 0x6f, 0x72, 0x70, 0x6f, 0x72, 0x61, 0x74, 0x69, 0x6f, 0x6e,
    0x00, 0x54, 0x65, 0x63, 0x42, 0x61, 0x6b, 0x65, 0x72, 0x79, 0x20, 0x47, 0x6d, 0x62, 0x48, 0x00,
    0x42, 0x61, 0x63, 0x6b, 0x62, 0x6f, 0x6e, 0x65, 0x20, 0x4c, 0x61, 0x62, 0x73, 0x2c, 0x20, 0x49,
    0x6e, 0x63, 0x2e, 0x00, 0x44, 0x45, 0x4c, 0x53, 0x45, 0x59, 0x20, 0x53, 0x41, 0x00, 0x43, 0x68,
    0x61, 0x72, 0x67, 0x69, 0x66, 0x69, 0x20, 0x4c, 0x69, 0x6d, 0x69, 0x74, 0x65, 0x64, 0x00, 0x54,
    0x72, 0x61, 0x69, 0x6e, 0x65, 0x73, 0x65, 0x6e, 0x73, 0x65, 0x20, 0x4c, 0x74, 0x64, 0x2e, 0x00,
    0x55, 0x6e, 0x69, 0x66, 0x79, 0x20, 0x53, 0x6f, 0x66, 0x74, 0x77, 0x61, 0x72, 0x65, 0x20, 0x61,
    0x6e, 0x64, 0x20, 0x53, 0x6f, 0x6c, 0x75, 0x74, 0x69, 0x6f, 0x6e, 0x73, 0x20, 0x47, 0x6d, 0x62,
    0x48, 0x20, 0x26, 0x20, 0x43, 0x6f, 0x2e, 0x20, 0x4b, 0x47, 0x00, 0x48, 0x75, 0x73, 0x71, 0x76,
    0x61, 0x72, 0x6e, 0x61, 0x20, 0x41, 0x42, 0x00, 0x46, 0x6f, 0x63, 0x75, 0x73, 0x20, 0x66, 0x6c,
    0x65, 0x65, 0x74, 0x20, 0x61, 0x6e, 0x64, 0x20, 0x66, 0x75, 0x65, 0x6c, 0x20, 0x6d, 0x61, 0x6e,
    0x61, 0x67, 0x65, 0x6d, 0x65, 0x6e, 0x74, 0x20, 0x69, 0x6e, 0x63, 0x00, 0x53, 0x6d, 0x61, 0x6c,
    0x6c, 0x4c, 0x6f, 0x6f, 0x70, 0x2c, 0x20, 0x4c, 0x4c, 0x43, 0x00, 0x50, 0x72, 0x6f, 0x6c, 0x6f,
    0x6e, 0x20, 0x49, 0x6e, 0x63, 0x2e, 0x00, 0x42, 0x44, 0x20, 0x4d, 0x65, 0x64, 0x69, 0x63, 0x61,
    0x6c, 0x00, 0x69, 0x4d, 0x69, 0x63, 0x72, 0x6f, 0x4d, 0x65, 0x64, 0x20, 0x49, 0x6e, 0x63, 0x6f,
    0x72, 0x70, 0x6f, 0x72, 0x61, 0x74, 0x65, 0x64, 0x00, 0x54, 0x69, 0x63, 0x74, 0x6f, 0x20, 0x4e,
    0x2e, 0x56, 0x2e, 0x00, 0x4d, 0x65, 0x73, 0x68, 0x74, 0x65, 0x63, 0x68, 0x20, 0x41, 0x53, 0x00,
    0x4d, 0x65, 0x6d, 0x43, 0x61, 0x63, 0x68, 0x69, 0x65, 0x72, 0x20, 0x49, 0x6e, 0x63, 0x2e, 0x00,
    0x44, 0x61, 0x6e, 0x66, 0x6f, 0x73, 0x73, 0x20, 0x41, 0x2f, 0x53, 0x00, 0x53, 0x6e, 0x61, 0x70,
    0x53, 0x74, 0x79, 0x6b, 0x20, 0x49, 0x6e, 0x63, 0x2e, 0x00, 0x41, 0x6c, 0x74, 0x69, 0x63, 0x6f,
    0x72, 0x20, 0x49, 0x6e, 0x63, 0x2e, 0x00, 0x53, 0x69, 0x6c, 0x6b, 0x20, 0x4c, 0x61, 0x62, 0x73,
    0x2c, 0x20, 0x49, 0x6e, 0x63, 0x2e, 0x00, 0x50, 0x69, 0x6c, 0x6c, 0x73, 0x79, 0x20, 0x49, 0x6e,
    0x63, 0x2e, 0x00, 0x48, 0x61, 0x74, 0x63, 0x68, 0x20, 0x42, 0x61, 0x62, 0x79, 0x2c, 0x20, 0x49,
    0x6e, 0x63, 0x2e, 0x00, 0x42, 0x6c, 0x6f, 0x63, 0x6b, 0x73, 0x20, 0x57, 0x65, 0x61, 0x72, 0x61,
    0x62, 0x6c, 0x65, 0x73, 0x20, 0x4c, 0x74, 0x64, 0x2e, 0x00, 0x44, 0x72, 0x61, 0x79, 0x73, 0x6f,
    0x6e, 0x20, 0x54, 0x65, 0x63, 0x68, 0x6e, 0x6f, 0x6c, 0x6f, 0x67, 0x69, 0x65, 0x73, 0x20, 0x28,
    0x45, 0x75, 0x72, 0x6f, 0x70, 0x65, 0x29, 0x20, 0x4c, 0x69, 0x6d, 0x69, 0x74, 0x65, 0x64, 0x00,
    0x65, 0x42, 0x65, 0x73, 0x74, 0x20, 0x49, 0x4f, 0x54, 0x20, 0x49, 0x6e, 0x63, 0x2e, 0x00, 0x48,
    0x65, 0x6c, 0x76, 0x61, 0x72, 0x20, 0x4c, 0x74, 0x64, 0x00, 0x52, 0x61, 0x64, 0x69, 0x61, 0x6e,
    0x63, 0x65, 0x20, 0x54, 0x65, 0x63, 0x68, 0x6e, 0x6f, 0x6c, 0x6f, 0x67, 0x69, 0x65, 0x73, 0x00,
    0x4e, 0x75, 0x68, 0x65, 0x61, 0x72, 0x61, 0x20, 0x4c, 0x69, 0x6d, 0x69, 0x74, 0x65, 0x64, 0x00,
    0x41, 0x70, 0x70, 0x73, 0x69, 0x64, 0x65, 0x20, 0x63, 0x6f, 0x2e, 0x2c, 0x20, 0x6c, 0x74, 0x64,
    0x2e, 0x00, 0x43, 0x6f, 0x69, 0x6c, 0x65, 0x72, 0x20, 0x43, 0x6f, 0x72, 0x70, 0x6f, 0x72, 0x61,
    0x74, 0x69, 0x6f, 0x6e, 0x00, 0x54, 0x68, 0x65, 0x72, 0x6d, 0x6f, 0x6d, 0x65, 0x64, 0x69, 0x63,
    0x73, 0x2c, 0x20, 0x49, 0x6e, 0x63, 0x2e, 0x00, 0x54, 0x65, 0x6e, 0x74, 0x61, 0x63, 0x6c, 0x65,
    0x20, 0x53, 0x79, 0x6e, 0x63, 0x20, 0x47, 0x6d, 0x62, 0x48, 0x00, 0x56, 0x61, 0x6c, 0x65, 0x6e,
    0x63, 0x65, 0x6c, 0x6c, 0x2c, 0x20, 0x49, 0x6e, 0x63, 0x2e, 0x00, 0x53, 0x45, 0x43, 0x4f, 0x4d,
    0x20, 0x43, 0x4f, 0x2e, 0x2c, 0x20, 0x4c, 0x54, 0x44, 0x2e, 0x00, 0x54, 0x75, 0x63, 0x6b, 0x65,
    0x72, 0x20, 0x49, 0x6e, 0x74, 0x65, 0x72, 0x6e, 0x61, 0x74, 0x69, 0x6f, 0x6e, 0x61, 0x6c, 0x20,
    0x4c, 0x4c, 0x43, 0x00, 0x4d, 0x65, 0x74, 0x61, 0x6e, 0x61, 0x74, 0x65, 0x20, 0x4c, 0x69, 0x6d,
    0x69, 0x74, 0x65, 0x64, 0x00, 0x4b, 0x6f, 0x62, 0x69, 0x61, 0x6e, 0x20, 0x43, 0x61, 0x6e, 0x61,
    0x64, 0x61, 0x20, 0x49, 0x6e, 0x63, 0x2e, 0x00, 0x4e, 0x45, 0x54, 0x47, 0x45, 0x41, 0x52, 0x2c,
    0x20, 0x49, 0x6e, 0x63, 0x2e, 0x00, 0x46, 0x61, 0x62, 0x74, 0x72, 0x6f, 0x6e, 0x69, 0x63, 0x73,
    0x20, 0x41, 0x75, 0x73, 0x74, 0x72, 0x61, 0x6c, 0x69, 0x61, 0x20, 0x50, 0x74, 0x79, 0x20, 0x4c,
    0x74, 0x64, 0x00, 0x47, 0x72, 0x61, 0x6e, 0x64, 0x20, 0x43, 0x65, 0x6e, 0x74, 0x72, 0x69, 0x78,
    0x20, 0x47, 0x6d, 0x62, 0x48, 0x00, 0x31, 0x55, 0x50, 0x20, 0x55, 0x53, 0x41, 0x2e, 0x63, 0x6f,
    0x6d, 0x20, 0x6c, 0x6c, 0x63, 0x00, 0x53, 0x48, 0x49, 0x4d, 0x41, 0x4e, 0x4f, 0x20, 0x49, 0x4e,
    0x43, 0x2e, 0x00, 0x4e, 0x61, 0x69, 0x6e, 0x20, 0x49, 0x6e, 0x63, 0x2e, 0x00, 0x4c, 0x69, 0x66,
    0x65, 0x53, 0x74, 0x79, 0x6c, 0x65, 0x20, 0x4c, 0x6f, 0x63, 0x6b, 0x2c, 0x20, 0x4c, 0x4c, 0x43,
    0x00, 0x56, 0x45, 0x47, 0x41, 0x20, 0x47, 0x72, 0x69, 0x65, 0x73, 0x68, 0x61, 0x62, 0x65, 0x72,
    0x20, 0x4b, 0x47, 0x00, 0x58, 0x74, 0x72, 0x61, 0x76, 0x61, 0x20, 0x49, 0x6e, 0x63, 0x2e, 0x00,
    0x54, 0x54, 0x53, 0x20, 0x54, 0x6f, 0x6f, 0x6c, 0x74, 0x65, 0x63, 0x68, 0x6e, 0x69, 0x63, 0x20,
    0x53, 0x79, 0x73, 0x74, 0x65, 0x6d, 0x73, 0x20, 0x41, 0x47, 0x20, 0x26, 0x20, 0x43, 0x6f, 0x2e,
    0x20, 0x4b, 0x47, 0x00, 0x54, 0x65, 0x65, 0x6e, 0x61, 0x67, 0x65, 0x20, 0x45, 0x6e, 0x67, 0x69,
    0x6e, 0x65, 0x65, 0x72, 0x69, 0x6e, 0x67, 0x20, 0x41, 0x42, 0x00, 0x54, 0x75, 0x6e, 0x73, 0x74,
    0x61, 0x6c, 0x6c, 0x20, 0x4e, 0x6f, 0x72, 0x64, 0x69, 0x63, 0x20, 0x41, 0x42, 0x00, 0x53, 0x76,
    0x65, 0x70, 0x20, 0x44, 0x65, 0x73, 0x69, 0x67, 0x6e, 0x20, 0x43, 0x65, 0x6e, 0x74, 0x65, 0x72,
    0x20, 0x41, 0x42, 0x00, 0x51, 0x6f, 0x72, 0x76, 0x6f, 0x20, 0x55, 0x74, 0x72, 0x65, 0x63, 0x68,
    0x74, 0x20, 0x42, 0x2e, 0x56, 0x2e, 0x00, 0x53, 0x70, 0x68, 0x69, 0x6e, 0x78, 0x20, 0x45, 0x6c,
    0x65, 0x63, 0x74, 0x72, 0x6f, 0x6e, 0x69, 0x63, 0x73, 0x20, 0x47, 0x6d, 0x62, 0x48, 0x20, 0x26,
    0x20, 0x43, 0x6f, 0x20, 0x4b, 0x47, 0x00, 0x4e, 0x65, 0x6d, 0x69, 0x6b, 0x20, 0x43, 0x6f, 0x6e,
    0x73, 0x75, 0x6c, 0x74, 0x69, 0x6e, 0x67, 0x20, 0x49, 0x6e, 0x63, 0x00, 0x52, 0x46, 0x20, 0x49,
    0x4e, 0x4e, 0x4f, 0x56, 0x41, 0x54, 0x49, 0x4f, 0x4e, 0x00, 0x4d, 0x69, 0x6e, 0x69, 0x20, 0x53,
    0x6f, 0x6c, 0x75, 0x74, 0x69, 0x6f, 0x6e, 0x20, 0x43, 0x6f, 0x2e, 0x2c, 0x20, 0x4c, 0x74, 0x64,
    0x2e, 0x00, 0x32, 0x30, 0x34, 0x38, 0x34, 0x35, 0x30, 0x20, 0x4f, 0x6e, 0x74, 0x61, 0x72, 0x69,
    0x6f, 0x20, 0x49, 0x6e, 0x63, 0x00, 0x44, 0x65, 0x6c, 0x74, 0x61, 0x20, 0x54, 0x20, 0x43, 0x6f,
    0x72, 0x70, 0x6f, 0x72, 0x61, 0x74, 0x69, 0x6f, 0x6e, 0x00, 0x42, 0x6f, 0x73, 0x74, 0x6f, 0x6e,
    0x20, 0x53, 0x63, 0x69, 0x65, 0x6e, 0x74, 0x69, 0x66, 0x69, 0x63, 0x20, 0x43, 0x6f, 0x72, 0x70,
    0x6f, 0x72, 0x61, 0x74, 0x69, 0x6f, 0x6e, 0x00, 0x4e, 0x75, 0x76, 0x69, 0x7a, 0x2c, 0x20, 0x49,
    0x6e, 0x63, 0x2e, 0x00, 0x52, 0x65, 0x61, 0x6c, 0x20, 0x54, 0x69, 0x6d, 0x65, 0x20, 0x41, 0x75,
    0x74, 0x6f, 0x6d, 0x61, 0x74, 0x69, 0x6f, 0x6e, 0x2c, 0x20, 0x49, 0x6e, 0x63, 0x2e, 0x00, 0x4b,
    0x6f, 0x6c, 0x69, 0x62, 0x72, 0x65, 0x65, 0x00, 0x76, 0x68, 0x66, 0x20, 0x65, 0x6c, 0x65, 0x6b,
    0x74, 0x72, 0x6f, 0x6e, 0x69, 0x6b, 0x20, 0x47, 0x6d, 0x62, 0x48, 0x00, 0x42, 0x6f, 0x6e, 0x73,
    0x61, 0x69, 0x20, 0x53, 0x79, 0x73, 0x74, 0x65, 0x6d, 0x73, 0x20, 0x47, 0x6d, 0x62, 0x48, 0x00,
    0x46, 0x61, 0x74, 0x68, 0x6f, 0x6d, 0x20, 0x53, 0x79, 0x73, 0x74, 0x65, 0x6d, 0x73, 0x20, 0x49,
    0x6e, 0x63, 0x2e, 0x00, 0x42, 0x65, 0x6c, 0x6c, 0x6d, 0x61, 0x6e, 0x20, 0x26, 0x20, 0x53, 0x79,
    0x6d, 0x66, 0x6f, 0x6e, 0x20, 0x47, 0x72, 0x6f, 0x75, 0x70, 0x20, 0x41, 0x42, 0x00, 0x49, 0x6e,
    0x74, 0x65, 0x72, 0x6e, 0x61, 0x74, 0x69, 0x6f, 0x6e, 0x61, 0x6c, 0x20, 0x46, 0x6f, 0x72, 0x74,
    0x65, 0x20, 0x47, 0x72, 0x6f, 0x75, 0x70, 0x20, 0x4c, 0x4c, 0x43, 0x00, 0x43, 0x6f, 0x64, 0x65,
    0x6e, 0x65, 0x78, 0x20, 0x4f, 0x79, 0x00, 0x4b, 0x79, 0x6e, 0x65, 0x73, 0x69, 0x6d, 0x20, 0x4c,
    0x74, 0x64, 0x00, 0x50, 0x61, 0x6c, 0x61, 0x67, 0x6f, 0x20, 0x41, 0x42, 0x00, 0x49, 0x4e, 0x53,
    0x49, 0x47, 0x4d, 0x41, 0x20, 0x49, 0x4e, 0x43, 0x2e, 0x00, 0x50, 0x4d, 0x44, 0x20, 0x53, 0x6f,
    0x6c, 0x75, 0x74, 0x69, 0x6f, 0x6e, 0x73, 0x00, 0x51, 0x69, 0x6e, 0x67, 0x64, 0x61, 0x6f, 0x20,
    0x52, 0x65, 0x61, 0x6c, 0x74, 0x69, 0x6d, 0x65, 0x20, 0x54, 0x65, 0x63, 0x68, 0x6e, 0x6f, 0x6c,
    0x6f, 0x67, 0x79, 0x20, 0x43, 0x6f, 0x2e, 0x2c, 0x20, 0x4c, 0x74, 0x64, 0x2e, 0x00, 0x42, 0x45,
    0x47, 0x41, 0x20, 0x47, 0x61, 0x6e, 0x74, 0x65, 0x6e, 0x62, 0x72, 0x69, 0x6e, 0x6b, 0x2d, 0x4c,
    0x65, 0x75, 0x63, 0x68, 0x74, 0x65, 0x6e, 0x20, 0x4b, 0x47, 0x00, 0x50, 0x61, 0x6d, 0x62, 0x6f,
    0x72, 0x20, 0x4c, 0x74, 0x64, 0x2e, 0x00, 0x44, 0x65, 0x76, 0x65, 0x6c, 0x63, 0x6f, 0x20, 0x50,
    0x72, 0x6f, 0x64, 0x75, 0x63, 0x74, 0x73, 0x20, 0x41, 0x2f, 0x53, 0x00, 0x69, 0x44, 0x65, 0x73,
    0x69, 0x67, 0x6e, 0x20, 0x73, 0x2e, 0x72, 0x2e, 0x6c, 0x2e, 0x00, 0x54, 0x69, 0x56, 0x6f, 0x20,
    0x43, 0x6f, 0x72, 0x70, 0x00, 0x43, 0x6f, 0x6e, 0x74, 0x72, 0x6f, 0x6c, 0x2d, 0x4a, 0x20, 0x50,
    0x74, 0x79, 0x20, 0x4c, 0x74, 0x64, 0x00, 0x53, 0x74, 0x65, 0x65, 0x6c, 0x63, 0x61, 0x73, 0x65,
    0x2c, 0x20, 0x49, 0x6e, 0x63, 0x2e, 0x00, 0x69, 0x41, 0x70, 0x61, 0x72, 0x74, 0x6d, 0x65, 0x6e,
    0x74, 0x20, 0x63, 0x6f, 0x2e, 0x2c, 0x20, 0x6c, 0x74, 0x64, 0x2e, 0x00, 0x49, 0x63, 0x6f, 0x6d,
    0x20, 0x69, 0x6e, 0x63, 0x2e, 0x00, 0x42, 0x6c, 0x75, 0x65, 0x20, 0x53, 0x70, 0x61, 0x72, 0x6b,
    0x20, 0x54, 0x65, 0x63, 0x68, 0x6e, 0x6f, 0x6c, 0x6f, 0x67, 0x69, 0x65, 0x73, 0x00, 0x46, 0x61,
    0x72, 0x53, 0x69, 0x74, 0x65, 0x20, 0x43, 0x6f, 0x6d, 0x6d, 0x75, 0x6e, 0x69, 0x63, 0x61, 0x74,
    0x69, 0x6f, 0x6e, 0x73, 0x20, 0x4c, 0x69, 0x6d, 0x69, 0x74, 0x65, 0x64, 0x00, 0x6d, 0x79, 0x77,
    0x65, 0x72, 0x6b, 0x20, 0x73, 0x79, 0x73, 0x74, 0x65, 0x6d, 0x20, 0x47, 0x6d, 0x62, 0x48, 0x00,
    0x53, 0x69, 0x6e, 0x6f, 0x73, 0x75, 0x6e, 0x20, 0x54, 0x65, 0x63, 0x68, 0x6e, 0x6f, 0x6c, 0x6f,
    0x67, 0x79, 0x20, 0x43, 0x6f, 0x2e, 0x2c, 0x20, 0x4c, 0x74, 0x64, 0x2e, 0x00, 0x4d, 0x49, 0x59,
    0x4f, 0x53, 0x48, 0x49, 0x20, 0x45, 0x4c, 0x45, 0x43, 0x54, 0x52, 0x4f, 0x4e, 0x49, 0x43, 0x53,
    0x20, 0x43, 0x4f, 0x52, 0x50, 0x4f, 0x52, 0x41, 0x54, 0x49, 0x4f, 0x4e, 0x00, 0x4f, 0x63, 0x63,
    0x6c, 0x79, 0x20, 0x4c, 0x4c, 0x43, 0x00, 0x4f, 0x75, 0x72, 0x48, 0x75, 0x62, 0x20, 0x44, 0x65,
    0x76, 0x20, 0x49, 0x76, 0x53, 0x00, 0x50, 0x72, 0x6f, 0x2d, 0x4d, 0x61, 0x72, 0x6b, 0x2c, 0x20,
    0x49, 0x6e, 0x63, 0x2e, 0x00, 0x51, 0x75, 0x69, 0x6e, 0x74, 0x72, 0x61, 0x78, 0x20, 0x4c, 0x69,
    0x6d, 0x69, 0x74, 0x65, 0x64, 0x00, 0x50, 0x4f, 0x53, 0x20, 0x54, 0x75, 0x6e, 0x69, 0x6e, 0x67,
    0x20, 0x55, 0x64, 0x6f, 0x20, 0x56, 0x6f, 0x73, 0x73, 0x68, 0x65, 0x6e, 0x72, 0x69, 0x63, 0x68,
    0x20, 0x47, 0x6d, 0x62, 0x48, 0x20, 0x26, 0x20, 0x43, 0x6f, 0x2e, 0x20, 0x4b, 0x47, 0x00, 0x52,
    0x65, 0x76, 0x6f, 0x6c, 0x20, 0x54, 0x65, 0x63, 0x68, 0x6e, 0x6f, 0x6c, 0x6f, 0x67, 0x69, 0x65,
    0x73, 0x20, 0x49, 0x6e, 0x63, 0x00, 0x53, 0x4b, 0x49, 0x44, 0x41, 0x54, 0x41, 0x20, 0x41, 0x47,
    0x00, 0x44, 0x45, 0x56, 0x20, 0x54, 0x45, 0x43, 0x4e, 0x4f, 0x4c, 0x4f, 0x47, 0x49, 0x41, 0x20,
    0x49, 0x4e, 0x44, 0x55, 0x53, 0x54, 0x52, 0x49, 0x41, 0x2c, 0x20, 0x43, 0x4f, 0x4d, 0x45, 0x52,
    0x43, 0x49, 0x4f, 0x20, 0x45, 0x20, 0x4d, 0x41, 0x4e, 0x55, 0x54, 0x45, 0x4e, 0x43, 0x41, 0x4f,
    0x20, 0x44, 0x45, 0x20, 0x45, 0x51, 0x55, 0x49, 0x50, 0x41, 0x4d, 0x45, 0x4e, 0x54, 0x4f, 0x53,
    0x20, 0x4c, 0x54, 0x44, 0x41, 0x2e, 0x20, 0x2d, 0x20, 0x4d, 0x45, 0x00, 0x43, 0x65, 0x6e, 0x74,
    0x72, 0x69, 0x63, 0x61, 0x20, 0x43, 0x6f, 0x6e, 0x6e, 0x65, 0x63, 0x74, 0x65, 0x64, 0x20, 0x48,
    0x6f, 0x6d, 0x65, 0x00, 0x41, 0x75, 0x74, 0x6f, 0x6d, 0x6f, 0x74, 0x69, 0x76, 0x65, 0x20, 0x44,
    0x61, 0x74, 0x61, 0x20, 0x53, 0x6f, 0x6c, 0x75, 0x74, 0x69, 0x6f, 0x6e, 0x73, 0x20, 0x49, 0x6e,
    0x63, 0x00, 0x49, 0x67, 0x61, 0x72, 0x61, 0x73, 0x68, 0x69, 0x20, 0x45, 0x6e, 0x67, 0x69, 0x6e,
    0x65, 0x65, 0x72, 0x69, 0x6e, 0x67, 0x00, 0x54, 0x61, 0x65, 0x6c, 0x65, 0x6b, 0x20, 0x4f, 0x79,
    0x00, 0x56, 0x65, 0x63, 0x74, 0x72, 0x6f, 0x6e, 0x69, 0x78, 0x20, 0x41, 0x47, 0x00, 0x53, 0x2d,
    0x4c, 0x61, 0x62, 0x73, 0x20, 0x53, 0x70, 0x2e, 0x20, 0x7a, 0x20, 0x6f, 0x2e, 0x6f, 0x2e, 0x00,
    0x43, 0x6f, 0x6d, 0x70, 0x61, 0x6e, 0x69, 0x6f, 0x6e, 0x20, 0x4d, 0x65, 0x64, 0x69, 0x63, 0x61,
    0x6c, 0x2c, 0x20, 0x49, 0x6e, 0x63, 0x2e, 0x00, 0x42, 0x6c, 0x75, 0x65, 0x4b, 0x69, 0x74, 0x63,
    0x68, 0x65, 0x6e, 0x20, 0x47, 0x6d, 0x62, 0x48, 0x00, 0x4d, 0x61, 0x74, 0x74, 0x69, 0x6e, 0x67,
    0x20, 0x41, 0x42, 0x00, 0x53, 0x4f, 0x52, 0x45, 0x58, 0x20, 0x2d, 0x20, 0x57, 0x69, 0x72, 0x65,
    0x6c, 0x65, 0x73, 0x73, 0x20, 0x53, 0x6f, 0x6c, 0x75, 0x74, 0x69, 0x6f, 0x6e, 0x73, 0x20, 0x47,
    0x6d, 0x62, 0x48, 0x00, 0x41, 0x44, 0x43, 0x20, 0x54, 0x65, 0x63, 0x68, 0x6e, 0x6f, 0x6c, 0x6f,
    0x67, 0x79, 0x2c, 0x20, 0x49, 0x6e, 0x63, 0x2e, 0x00, 0x4c, 0x79, 0x6e, 0x78, 0x65, 0x6d, 0x69,
    0x20, 0x50, 0x74, 0x65, 0x20, 0x4c, 0x74, 0x64, 0x00, 0x53, 0x45, 0x4e, 0x4e, 0x48, 0x45, 0x49,
    0x53, 0x45, 0x52, 0x20, 0x65, 0x6c, 0x65, 0x63, 0x74, 0x72, 0x6f, 0x6e, 0x69, 0x63, 0x20, 0x47,
    0x6d, 0x62, 0x48, 0x20, 0x26, 0x20, 0x43, 0x6f, 0x2e, 0x20, 0x4b, 0x47, 0x00, 0x50, 0x6f, 0x6c,
    0x79, 0x6d, 0x6f, 0x72, 0x70, 0x68, 0x69, 0x63, 0x20, 0x4c, 0x61, 0x62, 0x73, 0x20, 0x4c, 0x4c,
    0x43, 0x00, 0x43, 0x6f, 0x63, 0x68, 0x6c, 0x65, 0x61, 0x72, 0x20, 0x4c, 0x69, 0x6d, 0x69, 0x74,
    0x65, 0x64, 0x00, 0x4d, 0x45, 0x54, 0x45, 0x52, 0x20, 0x47, 0x72, 0x6f, 0x75, 0x70, 0x2c, 0x20,
    0x49, 0x6e, 0x63, 0x2e, 0x20, 0x55, 0x53, 0x41, 0x00, 0x52, 0x75, 0x75, 0x76, 0x69, 0x20, 0x49,
    0x6e, 0x6e, 0x6f, 0x76, 0x61, 0x74, 0x69, 0x6f, 0x6e, 0x73, 0x20, 0x4c, 0x74, 0x64, 0x2e, 0x00,
    0x53, 0x69, 0x74, 0x75, 0x6e, 0x65, 0x20, 0x41, 0x53, 0x00, 0x6e, 0x56, 0x69, 0x73, 0x74, 0x69,
    0x2c, 0x20, 0x4c, 0x4c, 0x43, 0x00, 0x44, 0x79, 0x4f, 0x63, 0x65, 0x61, 0x6e, 0x00, 0x55, 0x68,
    0x6c, 0x6d, 0x61, 0x6e, 0x6e, 0x20, 0x26, 0x20, 0x5a, 0x61, 0x63, 0x68, 0x65, 0x72, 0x20, 0x47,
    0x6d, 0x62, 0x48, 0x00, 0x41, 0x4e, 0x44, 0x21, 0x58, 0x4f, 0x52, 0x20, 0x4c, 0x4c, 0x43, 0x00,
    0x50, 0x6f, 0x70, 0x70, 0x65, 0x72, 0x20, 0x50, 0x61, 0x79, 0x20, 0x41, 0x42, 0x00, 0x6f, 0x76,
    0x72, 0x45, 0x6e, 0x67, 0x69, 0x6e, 0x65, 0x65, 0x72, 0x65, 0x64, 0x2c, 0x20, 0x4c, 0x4c, 0x43,
    0x00, 0x47, 0x54, 0x2d, 0x74, 0x72, 0x6f, 0x6e, 0x69, 0x63, 0x73, 0x20, 0x48, 0x4b, 0x20, 0x4c,
    0x74, 0x64, 0x00, 0x48, 0x65, 0x72, 0x62, 0x65, 0x72, 0x74, 0x20, 0x57, 0x61, 0x6c, 0x64, 0x6d,
    0x61, 0x6e, 0x6e, 0x20, 0x47, 0x6d, 0x62, 0x48, 0x20, 0x26, 0x20, 0x43, 0x6f, 0x2e, 0x20, 0x4b,
    0x47, 0x00, 0x47, 0x75, 0x61, 0x6e, 0x67, 0x7a, 0x68, 0x6f, 0x75, 0x20, 0x46, 0x69, 0x69, 0x4f,
    0x20, 0x45, 0x6c, 0x65, 0x63, 0x74, 0x72, 0x6f, 0x6e, 0x69, 0x63, 0x73, 0x20, 0x54, 0x65, 0x63,
    0x68, 0x6e, 0x6f, 0x6c, 0x6f, 0x67, 0x79, 0x20, 0x43, 0x6f, 0x2e, 0x2c, 0x4c, 0x74, 0x64, 0x00,
    0x56, 0x69, 0x6e, 0x65, 0x74, 0x65, 0x63, 0x68, 0x20, 0x43, 0x6f, 0x2e, 0x2c, 0x20, 0x4c, 0x74,
    0x64, 0x00, 0x44, 0x61, 0x6c, 0x6c, 0x61, 0x73, 0x20, 0x4c, 0x6f, 0x67, 0x69, 0x63, 0x20, 0x43,
    0x6f, 0x72, 0x70, 0x6f, 0x72, 0x61, 0x74, 0x69, 0x6f, 0x6e, 0x00, 0x42, 0x69, 0x6f, 0x54, 0x65,
    0x78, 0x2c, 0x20, 0x49, 0x6e, 0x63, 0x2e, 0x00, 0x4c, 0x49, 0x4e, 0x4b, 0x49, 0x4f, 0x20, 0x53,
    0x41, 0x53, 0x00, 0x48, 0x61, 0x72, 0x62, 0x6f, 0x72, 0x74, 0x72, 0x6f, 0x6e, 0x69, 0x63, 0x73,
    0x2c, 0x20, 0x49, 0x6e, 0x63, 0x2e, 0x00, 0x55, 0x6e, 0x64, 0x61, 0x67, 0x72, 0x69, 0x64, 0x20,
    0x42, 0x2e, 0x56, 0x2e, 0x00, 0x53, 0x68, 0x75, 0x72, 0x65, 0x20, 0x49, 0x6e, 0x63, 0x00, 0x45,
    0x52, 0x4d, 0x20, 0x45, 0x6c, 0x65, 0x63, 0x74, 0x72, 0x6f, 0x6e, 0x69, 0x63, 0x20, 0x53, 0x79,
    0x73, 0x74, 0x65, 0x6d, 0x73, 0x20, 0x4c, 0x54, 0x44, 0x00, 0x42, 0x49, 0x4f, 0x52, 0x4f, 0x57,
    0x45, 0x52, 0x20, 0x48, 0x61, 0x6e, 0x64, 0x65, 0x6c, 0x73, 0x61, 0x67, 0x65, 0x6e, 0x74, 0x75,
    0x72, 0x20, 0x47, 0x6d, 0x62, 0x48, 0x00, 0x4b, 0x61, 0x72, 0x74, 0x6f, 0x67, 0x72, 0x61, 0x70,
    0x68, 0x65, 0x72, 0x73, 0x20, 0x54, 0x65, 0x63, 0x68, 0x6e, 0x6f, 0x6c, 0x6f, 0x67, 0x69, 0x65,
    0x73, 0x20, 0x50, 0x76, 0x74, 0x2e, 0x20, 0x4c, 0x74, 0x64, 0x2e, 0x00, 0x54, 0x68, 0x65, 0x20,
    0x53, 0x68, 0x61, 0x64, 0x6f, 0x77, 0x20, 0x6f, 0x6e, 0x20, 0x74, 0x68, 0x65, 0x20, 0x4d, 0x6f,
    0x6f, 0x6e, 0x00, 0x6d, 0x6f, 0x62, 0x69, 0x6b, 0x65, 0x20, 0x28, 0x48, 0x6f, 0x6e, 0x67, 0x20,
    0x4b, 0x6f, 0x6e, 0x67, 0x29, 0x20, 0x4c, 0x69, 0x6d, 0x69, 0x74, 0x65, 0x64, 0x00, 0x49, 0x6e,
    0x75, 0x68, 0x65, 0x61, 0x74, 0x20, 0x47, 0x72, 0x6f, 0x75, 0x70, 0x20, 0x41, 0x42, 0x00, 0x53,
    0x77, 0x69, 0x66, 0x74, 0x72, 0x6f, 0x6e, 0x69, 0x78, 0x20, 0x41, 0x42, 0x00, 0x44, 0x69, 0x61,
    0x67, 0x6e, 0x6f, 0x70, 0x74, 0x69, 0x63, 0x73, 0x20, 0x54, 0x65, 0x63, 0x68, 0x6e, 0x6f, 0x6c,
    0x6f, 0x67, 0x69, 0x65, 0x73, 0x00, 0x41, 0x6e, 0x61, 0x6c, 0x6f, 0x67, 0x20, 0x44, 0x65, 0x76,
    0x69, 0x63, 0x65, 0x73, 0x2c, 0x20, 0x49, 0x6e, 0x63, 0x2e, 0x00, 0x53, 0x6f, 0x72, 0x61, 0x61,
    0x20, 0x49, 0x6e, 0x63, 0x2e, 0x00, 0x43, 0x53, 0x52, 0x20, 0x42, 0x75, 0x69, 0x6c, 0x64, 0x69,
    0x6e, 0x67, 0x20, 0x50, 0x72, 0x6f, 0x64, 0x75, 0x63, 0x74, 0x73, 0x20, 0x4c, 0x69, 0x6d, 0x69,
    0x74, 0x65, 0x64, 0x00, 0x43, 0x72, 0x65, 0x73, 0x74, 0x72, 0x6f, 0x6e, 0x20, 0x45, 0x6c, 0x65,
    0x63, 0x74, 0x72, 0x6f, 0x6e, 0x69, 0x63, 0x73, 0x2c, 0x20, 0x49, 0x6e, 0x63, 0x2e, 0x00, 0x4e,
    0x65, 0x61, 0x74, 0x65, 0x62, 0x6f, 0x78, 0x20, 0x4c, 0x74, 0x64, 0x00, 0x44, 0x72, 0x61, 0x65,
    0x67, 0x65, 0x72, 0x77, 0x65, 0x72, 0x6b, 0x20, 0x41, 0x47, 0x20, 0x26, 0x20, 0x43, 0x6f, 0x2e,
    0x20, 0x4b, 0x47, 0x61, 0x41, 0x00, 0x41, 0x6c, 0x62, 0x79, 0x6e, 0x4d, 0x65, 0x64, 0x69, 0x63,
    0x61, 0x6c, 0x00, 0x41, 0x76, 0x65, 0x72, 0x6f, 0x73, 0x20, 0x46, 0x5a, 0x43, 0x4f, 0x00, 0x56,
    0x49, 0x54, 0x20, 0x49, 0x6e, 0x69, 0x74, 0x69, 0x61, 0x74, 0x69, 0x76, 0x65, 0x2c, 0x20, 0x4c,
    0x4c, 0x43, 0x00, 0x53, 0x74, 0x61, 0x74, 0x73, 0x70, 0x6f, 0x72, 0x74, 0x73, 0x20, 0x49, 0x6e,
    0x74, 0x65, 0x72, 0x6e, 0x61, 0x74, 0x69, 0x6f, 0x6e, 0x61, 0x6c, 0x00, 0x53, 0x6f, 0x73, 0x70,
    0x69, 0x74, 0x61, 0x73, 0x2c, 0x20, 0x73, 0x2e, 0x72, 0x2e, 0x6f, 0x2e, 0x00, 0x44, 0x6d, 0x65,
    0x74, 0x20, 0x50, 0x72, 0x6f, 0x64, 0x75, 0x63, 0x74, 0x73, 0x20, 0x43, 0x6f, 0x72, 0x70, 0x2e,
    0x00, 0x4d, 0x61, 0x6e, 0x74, 0x72, 0x61, 0x63, 0x6f, 0x75, 0x72, 0x74, 0x20, 0x45, 0x6c, 0x65,
    0x63, 0x74, 0x72, 0x6f, 0x6e, 0x69, 0x63, 0x73, 0x20, 0x4c, 0x69, 0x6d, 0x69, 0x74, 0x65, 0x64,
    0x00, 0x54, 0x65, 0x41, 0x4d, 0x20, 0x48, 0x75, 0x74, 0x63, 0x68, 0x69, 0x6e, 0x73, 0x20, 0x41,
    0x42, 0x00, 0x53, 0x65, 0x69, 0x62, 0x65, 0x72, 0x74, 0x20, 0x57, 0x69, 0x6c, 0x6c, 0x69, 0x61,
    0x6d, 0x73, 0x20, 0x47, 0x6c, 0x61, 0x73, 0x73, 0x2c, 0x20, 0x4c, 0x4c, 0x43, 0x00, 0x49, 0x6e,
    0x73, 0x74, 0x61, 0x20, 0x47, 0x6d, 0x62, 0x48, 0x00, 0x53, 0x76, 0x61, 0x6e, 0x74, 0x65, 0x6b,
    0x20, 0x53, 0x70, 0x2e, 0x20, 0x7a, 0x20, 0x6f, 0x2e, 0x6f, 0x2e, 0x00, 0x53, 0x68, 0x61, 0x6e,
    0x67, 0x68, 0x61, 0x69, 0x20, 0x46, 0x6c, 0x79, 0x63, 0x6f, 0x20, 0x45, 0x6c, 0x65, 0x63, 0x74,
    0x72, 0x69, 0x63, 0x61, 0x6c, 0x20, 0x41, 0x70, 0x70, 0x6c, 0x69, 0x61, 0x6e, 0x63, 0x65, 0x20,
    0x43, 0x6f, 0x2e, 0x2c, 0x20, 0x4c, 0x74, 0x64, 0x2e, 0x00, 0x54, 0x68, 0x6f, 0x72, 0x6e, 0x77,
    0x61, 0x76, 0x65, 0x20, 0x4c, 0x61, 0x62, 0x73, 0x20, 0x49, 0x6e, 0x63, 0x00, 0x53, 0x74, 0x65,
    0x69, 0x6e, 0x65, 0x72, 0x2d, 0x4f, 0x70, 0x74, 0x69, 0x6b, 0x20, 0x47, 0x6d, 0x62, 0x48, 0x00,
    0x4e, 0x6f, 0x76, 0x6f, 0x20, 0x4e, 0x6f, 0x72, 0x64, 0x69, 0x73, 0x6b, 0x20, 0x41, 0x2f, 0x53,
    0x00, 0x53, 0x61, 0x66, 0x65, 0x74, 0x65, 0x63, 0x68, 0x20, 0x50, 0x72, 0x6f, 0x64, 0x75, 0x63,
    0x74, 0x73, 0x20, 0x4c, 0x4c, 0x43, 0x00, 0x47, 0x4f, 0x4f, 0x4f, 0x4c, 0x45, 0x44, 0x20, 0x53,
    0x2e, 0x52, 0x2e, 0x4c, 0x2e, 0x00, 0x44, 0x4f, 0x4d, 0x20, 0x53, 0x69, 0x63, 0x68, 0x65, 0x72,
    0x68, 0x65, 0x69, 0x74, 0x73, 0x74, 0x65, 0x63, 0x68, 0x6e, 0x69, 0x6b, 0x20, 0x47, 0x6d, 0x62,
    0x48, 0x20, 0x26, 0x20, 0x43, 0x6f, 0x2e, 0x20, 0x4b, 0x47, 0x00, 0x4f, 0x6c, 0x79, 0x6d, 0x70,
    0x75, 0x73, 0x20, 0x43, 0x6f, 0x72, 0x70, 0x6f, 0x72, 0x61, 0x74, 0x69, 0x6f, 0x6e, 0x00, 0x4b,
    0x54, 0x53, 0x20, 0x47, 0x6d, 0x62, 0x48, 0x00, 0x41, 0x6e, 0x6c, 0x6f, 0x71, 0x20, 0x54, 0x65,
    0x63, 0x68, 0x6e, 0x6f, 0x6c, 0x6f, 0x67, 0x69, 0x65, 0x73, 0x20, 0x49, 0x6e, 0x63, 0x2e, 0x00,
    0x51, 0x75, 0x65, 0x65, 0x72, 0x63, 0x6f, 0x6e, 0x2c, 0x20, 0x49, 0x6e, 0x63, 0x00, 0x54, 0x41,
    0x53, 0x4b, 0x41, 0x20, 0x50, 0x52, 0x4f, 0x53, 0x54, 0x48, 0x45, 0x54, 0x49, 0x43, 0x53, 0x20,
    0x4c, 0x49, 0x4d, 0x49, 0x54, 0x45, 0x44, 0x00, 0x47, 0x6f, 0x6f, 0x65, 0x65, 0x20, 0x4c, 0x69,
    0x6d, 0x69, 0x74, 0x65, 0x64, 0x00, 0x4c, 0x55, 0x47, 0x4c, 0x4f, 0x43, 0x20, 0x4c, 0x4c, 0x43,
    0x00, 0x42, 0x6c, 0x69, 0x6e, 0x63, 0x61, 0x6d, 0x2c, 0x20, 0x49, 0x6e, 0x63, 0x2e, 0x00, 0x46,
    0x55, 0x4a, 0x49, 0x46, 0x49, 0x4c, 0x4d, 0x20, 0x43, 0x6f, 0x72, 0x70, 0x6f, 0x72, 0x61, 0x74,
    0x69, 0x6f, 0x6e, 0x00, 0x52, 0x4d, 0x20, 0x41, 0x63, 0x71, 0x75, 0x69, 0x73, 0x69, 0x74, 0x69,
    0x6f, 0x6e, 0x20, 0x4c, 0x4c, 0x43, 0x00, 0x46, 0x72, 0x61, 0x6e, 0x63, 0x65, 0x73, 0x63, 0x68,
    0x69, 0x20, 0x4d, 0x61, 0x72, 0x69, 0x6e, 0x61, 0x20, 0x73, 0x6e, 0x63, 0x00, 0x45, 0x6e, 0x67,
    0x69, 0x6e, 0x65, 0x65, 0x72, 0x65, 0x64, 0x20, 0x41, 0x75, 0x64, 0x69, 0x6f, 0x2c, 0x20, 0x4c,
    0x4c, 0x43, 0x2e, 0x00, 0x49, 0x4f, 0x54, 0x54, 0x49, 0x56, 0x45, 0x20, 0x28, 0x4f, 0x50, 0x43,
    0x29, 0x20, 0x50, 0x52, 0x49, 0x56, 0x41, 0x54, 0x45, 0x20, 0x4c, 0x49, 0x4d, 0x49, 0x54, 0x45,
    0x44, 0x00, 0x34, 0x4d, 0x4f, 0x44, 0x20, 0x54, 0x65, 0x63, 0x68, 0x6e, 0x6f, 0x6c, 0x6f, 0x67,
    0x79, 0x00, 0x4c, 0x75, 0x74, 0x72, 0x6f, 0x6e, 0x20, 0x45, 0x6c, 0x65, 0x63, 0x74, 0x72, 0x6f,
    0x6e, 0x69, 0x63, 0x73, 0x20, 0x43, 0x6f, 0x2e, 0x2c, 0x20, 0x49, 0x6e, 0x63, 0x2e, 0x00, 0x45,
    0x6d, 0x65, 0x72, 0x73, 0x6f, 0x6e, 0x20, 0x45, 0x6c, 0x65, 0x63, 0x74, 0x72, 0x69, 0x63, 0x20,
    0x43, 0x6f, 0x2e, 0x00, 0x47, 0x75, 0x61, 0x72, 0x64, 0x74, 0x65, 0x63, 0x2c, 0x20, 0x49, 0x6e,
    0x63, 0x2e, 0x00, 0x52, 0x45, 0x41, 0x43, 0x54, 0x45, 0x43, 0x20, 0x4c, 0x49, 0x4d, 0x49, 0x54,
    0x45, 0x44, 0x00, 0x55, 0x6e, 0x64, 0x65, 0x72, 0x20, 0x41, 0x72, 0x6d, 0x6f, 0x75, 0x72, 0x00,
    0x57, 0x6f, 0x6f, 0x64, 0x65, 0x6e, 0x73, 0x68, 0x61, 0x72, 0x6b, 0x00, 0x41, 0x76, 0x61, 0x63,
    0x6b, 0x20, 0x4f, 0x79, 0x00, 0x53, 0x6d, 0x61, 0x72, 0x74, 0x20, 0x53, 0x6f, 0x6c, 0x75, 0x74,
    0x69, 0x6f, 0x6e, 0x20, 0x54, 0x65, 0x63, 0x68, 0x6e, 0x6f, 0x6c, 0x6f, 0x67, 0x79, 0x2c, 0x20,
    0x49, 0x6e, 0x63, 0x2e, 0x00, 0x53, 0x54, 0x41, 0x42, 0x49, 0x4c, 0x4f, 0x20, 0x49, 0x6e, 0x74,
    0x65, 0x72, 0x6e, 0x61, 0x74, 0x69, 0x6f, 0x6e, 0x61, 0x6c, 0x00, 0x42, 0x75, 0x73, 0x63, 0x68,
    0x20, 0x4a, 0x61, 0x65, 0x67, 0x65, 0x72, 0x20, 0x45, 0x6c, 0x65, 0x6b, 0x74, 0x72, 0x6f, 0x20,
    0x47, 0x6d, 0x62, 0x48, 0x00, 0x50, 0x61, 0x63, 0x69, 0x66, 0x69, 0x63, 0x20, 0x42, 0x69, 0x6f,
    0x73, 0x63, 0x69, 0x65, 0x6e, 0x63, 0x65, 0x20, 0x4c, 0x61, 0x62, 0x6f, 0x72, 0x61, 0x74, 0x6f,
    0x72, 0x69, 0x65, 0x73, 0x2c, 0x20, 0x49, 0x6e, 0x63, 0x00, 0x42, 0x69, 0x72, 0x64, 0x20, 0x48,
    0x6f, 0x6d, 0x65, 0x20, 0x41, 0x75, 0x74, 0x6f, 0x6d, 0x61, 0x74, 0x69, 0x6f, 0x6e, 0x20, 0x47,
    0x6d, 0x62, 0x48, 0x00, 0x4d, 0x6f, 0x74, 0x6f, 0x72, 0x6f, 0x6c, 0x61, 0x20, 0x53, 0x6f, 0x6c,
    0x75, 0x74, 0x69, 0x6f, 0x6e, 0x73, 0x00, 0x41, 0x75, 0x78, 0x69, 0x76, 0x69, 0x61, 0x00, 0x44,
    0x61, 0x69, 0x73, 0x79, 0x57, 0x6f, 0x72, 0x6b, 0x73, 0x2c, 0x20, 0x49, 0x6e, 0x63, 0x00, 0x4b,
    0x6f, 0x73, 0x69, 0x20, 0x4c, 0x69, 0x6d, 0x69, 0x74, 0x65, 0x64, 0x00, 0x54, 0x68, 0x65, 0x62,
    0x65, 0x6e, 0x20, 0x41, 0x47, 0x00, 0x49, 0x6e, 0x44, 0x72, 0x65, 0x61, 0x6d, 0x65, 0x72, 0x20,
    0x54, 0x65, 0x63, 0x68, 0x73, 0x6f, 0x6c, 0x20, 0x50, 0x72, 0x69, 0x76, 0x61, 0x74, 0x65, 0x20,
    0x4c, 0x69, 0x6d, 0x69, 0x74, 0x65, 0x64, 0x00, 0x43, 0x65, 0x72, 0x65, 0x76, 0x61, 0x73, 0x74,
    0x20, 0x4d, 0x65, 0x64, 0x69, 0x63, 0x61, 0x6c, 0x00, 0x5a, 0x61, 0x6e, 0x43, 0x6f, 0x6d, 0x70,
    0x75, 0x74, 0x65, 0x20, 0x49, 0x6e, 0x63, 0x2e, 0x00, 0x50, 0x69, 0x72, 0x65, 0x6c, 0x6c, 0x69,
    0x20, 0x54, 0x79, 0x72, 0x65, 0x20, 0x53, 0x2e, 0x50, 0x2e, 0x41, 0x2e, 0x00, 0x4d, 0x63, 0x4c,
    0x65, 0x61, 0x72, 0x20, 0x4c, 0x69, 0x6d, 0x69, 0x74, 0x65, 0x64, 0x00, 0x53, 0x68, 0x65, 0x6e,
    0x7a, 0x68, 0x65, 0x6e, 0x20, 0x47, 0x6f, 0x6f, 0x64, 0x69, 0x78, 0x20, 0x54, 0x65, 0x63, 0x68,
    0x6e, 0x6f, 0x6c, 0x6f, 0x67, 0x79, 0x20, 0x43, 0x6f, 0x2e, 0x2c, 0x20, 0x4c, 0x74, 0x64, 0x00,
    0x43, 0x6f, 0x6e, 0x76, 0x65, 0x72, 0x67, 0x65, 0x6e, 0x63, 0x65, 0x20, 0x53, 0x79, 0x73, 0x74,
    0x65, 0x6d, 0x73, 0x20, 0x4c, 0x69, 0x6d, 0x69, 0x74, 0x65, 0x64, 0x00, 0x49, 0x6e, 0x74, 0x65,
    0x72, 0x61, 0x63, 0x74, 0x69, 0x6f, 0x00, 0x41, 0x6e, 0x64, 0x72, 0x6f, 0x74, 0x65, 0x63, 0x20,
    0x47, 0x6d, 0x62, 0x48, 0x00, 0x42, 0x65, 0x6e, 0x63, 0x68, 0x6d, 0x61, 0x72, 0x6b, 0x20, 0x44,
    0x72, 0x69, 0x76, 0x65, 0x73, 0x20, 0x47, 0x6d, 0x62, 0x48, 0x20, 0x26, 0x20, 0x43, 0x6f, 0x2e,
    0x20, 0x4b, 0x47, 0x00, 0x53, 0x77, 0x69, 0x6e, 0x67, 0x4c, 0x79, 0x6e, 0x63, 0x20, 0x4c, 0x2e,
    0x20, 0x4c, 0x2e, 0x20, 0x43, 0x2e, 0x00, 0x54, 0x61, 0x70, 0x6b, 0x65, 0x79, 0x20, 0x47, 0x6d,
    0x62, 0x48, 0x00, 0x57, 0x6f, 0x6f, 0x73, 0x69, 0x6d, 0x20, 0x53, 0x79, 0x73, 0x74, 0x65, 0x6d,
    0x73, 0x20, 0x49, 0x6e, 0x63, 0x2e, 0x00, 0x4d, 0x69, 0x63, 0x72, 0x6f, 0x73, 0x65, 0x6d, 0x69,
    0x20, 0x43, 0x6f, 0x72, 0x70, 0x6f, 0x72, 0x61, 0x74, 0x69, 0x6f, 0x6e, 0x00, 0x57, 0x69, 0x6c,
    0x69, 0x6f, 0x74, 0x20, 0x4c, 0x54, 0x44, 0x2e, 0x00, 0x50, 0x6f, 0x6c, 0x61, 0x72, 0x69, 0x73,
    0x20, 0x49, 0x4e, 0x44, 0x00, 0x53, 0x70, 0x65, 0x63, 0x69, 0x66, 0x69, 0x2d, 0x4b, 0x61, 0x6c,
    0x69, 0x20, 0x4c, 0x4c, 0x43, 0x00, 0x4c, 0x6f, 0x63, 0x6f, 0x72, 0x6f, 0x6c, 0x6c, 0x2c, 0x20,
    0x49, 0x6e, 0x63, 0x00, 0x50, 0x48, 0x59, 0x50, 0x4c, 0x55, 0x53, 0x20, 0x49, 0x6e, 0x63, 0x00,
    0x49, 0x6e, 0x50, 0x6c, 0x61, 0x79, 0x2c, 0x20, 0x49, 0x6e, 0x63, 0x2e, 0x00, 0x48, 0x61, 0x67,
    0x65, 0x72, 0x00, 0x41, 0x78, 0x65, 0x73, 0x20, 0x53, 0x79, 0x73, 0x74, 0x65, 0x6d, 0x20, 0x73,
    0x70, 0x2e, 0x20, 0x7a, 0x20, 0x6f, 0x2e, 0x20, 0x6f, 0x2e, 0x00, 0x47, 0x61, 0x72, 0x61, 0x67,
    0x65, 0x20, 0x53, 0x6d, 0x61, 0x72, 0x74, 0x2c, 0x20, 0x49, 0x6e, 0x63, 0x2e, 0x00, 0x53, 0x68,
    0x61, 0x6b, 0x65, 0x2d, 0x6f, 0x6e, 0x20, 0x42, 0x2e, 0x56, 0x2e, 0x00, 0x56, 0x69, 0x62, 0x72,
    0x69, 0x73, 0x73, 0x61, 0x20, 0x49, 0x6e, 0x63, 0x2e, 0x00, 0x4f, 0x53, 0x52, 0x41, 0x4d, 0x20,
    0x47, 0x6d, 0x62, 0x48, 0x00, 0x54, 0x52, 0x53, 0x79, 0x73, 0x74, 0x65, 0x6d, 0x73, 0x20, 0x47,
    0x6d, 0x62, 0x48, 0x00, 0x59, 0x69, 0x63, 0x68, 0x69, 0x70, 0x20, 0x4d, 0x69, 0x63, 0x72, 0x6f,
    0x65, 0x6c, 0x65, 0x63, 0x74, 0x72, 0x6f, 0x6e, 0x69, 0x63, 0x73, 0x20, 0x28, 0x48, 0x61, 0x6e,
    0x67, 0x7a, 0x68, 0x6f, 0x75, 0x29, 0x20, 0x43, 0x6f, 0x2e, 0x2c, 0x4c, 0x74, 0x64, 0x2e, 0x00,
    0x46, 0x6f, 0x75, 0x6e, 0x64, 0x61, 0x74, 0x69, 0x6f, 0x6e, 0x20, 0x45, 0x6e, 0x67, 0x69, 0x6e,
    0x65, 0x65, 0x72, 0x69, 0x6e, 0x67, 0x20, 0x4c, 0x4c, 0x43, 0x00, 0x55, 0x4e, 0x49, 0x2d, 0x45,
    0x4c, 0x45, 0x43, 0x54, 0x52, 0x4f, 0x4e, 0x49, 0x43, 0x53, 0x2c, 0x20, 0x49, 0x4e, 0x43, 0x2e,
    0x00, 0x42, 0x72, 0x6f, 0x6f, 0x6b, 0x66, 0x69, 0x65, 0x6c, 0x64, 0x20, 0x45, 0x71, 0x75, 0x69,
    0x6e, 0x6f, 0x78, 0x20, 0x4c, 0x4c, 0x43, 0x00, 0x53, 0x6f, 0x70, 0x72, 0x6f, 0x64, 0x20, 0x53,
    0x41, 0x00, 0x39, 0x39, 0x37, 0x34, 0x30, 0x39, 0x31, 0x20, 0x43, 0x61, 0x6e, 0x61, 0x64, 0x61,
    0x20, 0x49, 0x6e, 0x63, 0x2e, 0x00, 0x46, 0x49, 0x42, 0x52, 0x4f, 0x20, 0x47, 0x6d, 0x62, 0x48,
    0x00, 0x52, 0x42, 0x20, 0x43, 0x6f, 0x6e, 0x74, 0x72, 0x6f, 0x6c, 0x73, 0x20, 0x43, 0x6f, 0x2e,
    0x2c, 0x20, 0x4c, 0x74, 0x64, 0x2e, 0x00, 0x46, 0x6f, 0x6f, 0x74, 0x6d, 0x61, 0x72, 0x6b, 0x73,
    0x00, 0x41, 0x6d, 0x74, 0x72, 0x6f, 0x6e, 0x69, 0x63, 0x20, 0x53, 0x76, 0x65, 0x72, 0x69, 0x67,
    0x65, 0x20, 0x41, 0x42, 0x00, 0x4d, 0x41, 0x4d, 0x4f, 0x52, 0x49, 0x4f, 0x2e, 0x69, 0x6e, 0x63,
    0x00, 0x54, 0x79, 0x74, 0x6f, 0x20, 0x4c, 0x69, 0x66, 0x65, 0x20, 0x4c, 0x4c, 0x43, 0x00, 0x4c,
    0x65, 0x69, 0x63, 0x61, 0x20, 0x43, 0x61, 0x6d, 0x65, 0x72, 0x61, 0x20, 0x41, 0x47, 0x00, 0x45,
    0x44, 0x50, 0x53, 0x00, 0x4f, 0x46, 0x46, 0x20, 0x4c, 0x69, 0x6e, 0x65, 0x20, 0x43, 0x6f, 0x2e,
    0x2c, 0x20, 0x4c, 0x74, 0x64, 0x2e, 0x00, 0x44, 0x65, 0x74, 0x65, 0x63, 0x74, 0x20, 0x42, 0x6c,
    0x75, 0x65, 0x20, 0x4c, 0x69, 0x6d, 0x69, 0x74, 0x65, 0x64, 0x00, 0x53, 0x65, 0x74, 0x65, 0x63,
    0x20, 0x50, 0x74, 0x79, 0x20, 0x4c, 0x74, 0x64, 0x00, 0x54, 0x61, 0x72, 0x67, 0x65, 0x74, 0x20,
    0x43, 0x6f, 0x72, 0x70, 0x6f, 0x72, 0x61, 0x74, 0x69, 0x6f, 0x6e, 0x00, 0x49, 0x41, 0x49, 0x20,
    0x43, 0x6f, 0x72, 0x70, 0x6f, 0x72, 0x61, 0x74, 0x69, 0x6f, 0x6e, 0x00, 0x4e, 0x53, 0x20, 0x54,
    0x65, 0x63, 0x68, 0x2c, 0x20, 0x49, 0x6e, 0x63, 0x2e, 0x00, 0x4d, 0x54, 0x47, 0x20, 0x43, 0x6f,
    0x2e, 0x2c, 0x20, 0x4c, 0x74, 0x64, 0x2e, 0x00, 0x48, 0x61, 0x6e, 0x67, 0x7a, 0x68, 0x6f, 0x75,
    0x20, 0x69, 0x4d, 0x61, 0x67, 0x69, 0x63, 0x20, 0x54, 0x65, 0x63, 0x68, 0x6e, 0x6f, 0x6c, 0x6f,
    0x67, 0x79, 0x20, 0x43, 0x6f, 0x2e, 0x2c, 0x20, 0x4c, 0x74, 0x64, 0x00, 0x48, 0x4f, 0x4e, 0x47,
    0x4b, 0x4f, 0x4e, 0x47, 0x20, 0x4e, 0x41, 0x4e, 0x4f, 0x20, 0x49, 0x43, 0x20, 0x54, 0x45, 0x43,
    0x48, 0x4e, 0x4f, 0x4c, 0x4f, 0x47, 0x49, 0x45, 0x53, 0x20, 0x20, 0x43, 0x4f, 0x2e, 0x2c, 0x20,
    0x4c, 0x49, 0x4d, 0x49, 0x54, 0x45, 0x44, 0x00, 0x48, 0x6f, 0x6e, 0x65, 0x79, 0x77, 0x65, 0x6c,
    0x6c, 0x20, 0x49, 0x6e, 0x74, 0x65, 0x72, 0x6e, 0x61, 0x74, 0x69, 0x6f, 0x6e, 0x61, 0x6c, 0x20,
    0x49, 0x6e, 0x63, 0x2e, 0x00, 0x41, 0x6c, 0x62, 0x72, 0x65, 0x63, 0x68, 0x74, 0x20, 0x4a, 0x55,
    0x4e, 0x47, 0x00, 0x4c, 0x75, 0x6e, 0x65, 0x72, 0x61, 0x20, 0x4c, 0x69, 0x67, 0x68, 0x74, 0x69,
    0x6e, 0x67, 0x20, 0x49, 0x6e, 0x63, 0x2e, 0x00, 0x4c, 0x75, 0x6d, 0x65, 0x6e, 0x20, 0x55, 0x41,
    0x42, 0x00, 0x4b, 0x65, 0x79, 0x6e, 0x65, 0x73, 0x20, 0x43, 0x6f, 0x6e, 0x74, 0x72, 0x6f, 0x6c,
    0x73, 0x20, 0x4c, 0x74, 0x64, 0x00, 0x4e, 0x6f, 0x76, 0x61, 0x72, 0x74, 0x69, 0x73, 0x20, 0x41,
    0x47, 0x00, 0x47, 0x65, 0x6f, 0x73, 0x61, 0x74, 0x69, 0x73, 0x20, 0x53, 0x41, 0x00, 0x45, 0x58,
    0x46, 0x4f, 0x2c, 0x20, 0x49, 0x6e, 0x63, 0x2e, 0x00, 0x4c, 0x45, 0x44, 0x56, 0x41, 0x4e, 0x43,
    0x45, 0x20, 0x47, 0x6d, 0x62, 0x48, 0x00, 0x43, 0x65, 0x6e, 0x74, 0x65, 0x72, 0x20, 0x49, 0x44,
    0x20, 0x43, 0x6f, 0x72, 0x70, 0x2e, 0x00, 0x41, 0x64, 0x6f, 0x6c, 0x65, 0x6e, 0x65, 0x2c, 0x20,
    0x49, 0x6e, 0x63, 0x2e, 0x00, 0x44, 0x26, 0x4d, 0x20, 0x48, 0x6f, 0x6c, 0x64, 0x69, 0x6e, 0x67,
    0x73, 0x20, 0x49, 0x6e, 0x63, 0x2e, 0x00, 0x43, 0x52, 0x45, 0x53, 0x43, 0x4f, 0x20, 0x57, 0x69,
    0x72, 0x65, 0x6c, 0x65, 0x73, 0x73, 0x2c, 0x20, 0x49, 0x6e, 0x63, 0x2e, 0x00, 0x4e, 0x75, 0x72,
    0x61, 0x20, 0x4f, 0x70, 0x65, 0x72, 0x61, 0x74, 0x69, 0x6f, 0x6e, 0x73, 0x20, 0x50, 0x74, 0x79,
    0x20, 0x4c, 0x74, 0x64, 0x00, 0x46, 0x72, 0x6f, 0x6e, 0x74, 0x69, 0x65, 0x72, 0x67, 0x61, 0x64,
    0x67, 0x65, 0x74, 0x2c, 0x20, 0x49, 0x6e, 0x63, 0x2e, 0x00, 0x53, 0x6d, 0x61, 0x72, 0x74, 0x20,
    0x43, 0x6f, 0x6d, 0x70, 0x6f, 0x6e, 0x65, 0x6e, 0x74, 0x20, 0x54, 0x65, 0x63, 0x68, 0x6e, 0x6f,
    0x6c, 0x6f, 0x67, 0x69, 0x65, 0x73, 0x20, 0x4c, 0x69, 0x6d, 0x69, 0x74, 0x65, 0x64, 0x00, 0x5a,
    0x54, 0x52, 0x20, 0x43, 0x6f, 0x6e, 0x74, 0x72, 0x6f, 0x6c, 0x20, 0x53, 0x79, 0x73, 0x74, 0x65,
    0x6d, 0x73, 0x20, 0x4c, 0x4c, 0x43, 0x00, 0x4d, 0x65, 0x74, 0x61, 0x4c, 0x6f, 0x67, 0x69, 0x63,
    0x73, 0x20, 0x43, 0x6f, 0x72, 0x70, 0x6f, 0x72, 0x61, 0x74, 0x69, 0x6f, 0x6e, 0x00, 0x4d, 0x65,
    0x64, 0x65, 0x6c, 0x61, 0x20, 0x41, 0x47, 0x00, 0x4f, 0x50, 0x50, 0x4c, 0x45, 0x20, 0x4c, 0x69,
    0x67, 0x68, 0x74, 0x69, 0x6e, 0x67, 0x20, 0x43, 0x6f, 0x2e, 0x2c, 0x20, 0x4c, 0x74, 0x64, 0x00,
    0x53, 0x61, 0x76, 0x69, 0x74, 0x65, 0x63, 0x68, 0x20, 0x43, 0x6f, 0x72, 0x70, 0x2e, 0x2c, 0x00,
    0x70, 0x72, 0x6f, 0x64, 0x69, 0x67, 0x79, 0x00, 0x53, 0x63, 0x72, 0x65, 0x65, 0x6e, 0x6f, 0x76,
    0x61, 0x74, 0x65, 0x20, 0x54, 0x65, 0x63, 0x68, 0x6e, 0x6f, 0x6c, 0x6f, 0x67, 0x69, 0x65, 0x73,
    0x20, 0x4c, 0x74, 0x64, 0x00, 0x54, 0x45, 0x53, 0x41, 0x20, 0x53, 0x41, 0x00, 0x43, 0x4c, 0x49,
    0x4d, 0x38, 0x20, 0x4c, 0x49, 0x4d, 0x49, 0x54, 0x45, 0x44, 0x00, 0x53, 0x69, 0x6c, 0x65, 0x72,
    0x67, 0x79, 0x20, 0x43, 0x6f, 0x72, 0x70, 0x00, 0x53, 0x69, 0x6c, 0x76, 0x65, 0x72, 0x50, 0x6c,
    0x75, 0x73, 0x2c, 0x20, 0x49, 0x6e, 0x63, 0x00, 0x53, 0x68, 0x61, 0x72, 0x6b, 0x6e, 0x65, 0x74,
    0x20, 0x73, 0x72, 0x6c, 0x00, 0x4d, 0x69, 0x73, 0x74, 0x20, 0x53, 0x79, 0x73, 0x74, 0x65, 0x6d,
    0x73, 0x2c, 0x20, 0x49, 0x6e, 0x63, 0x2e, 0x00, 0x4d, 0x49, 0x57, 0x41, 0x20, 0x4c, 0x4f, 0x43,
    0x4b, 0x20, 0x43, 0x4f, 0x2e, 0x2c, 0x4c, 0x74, 0x64, 0x00, 0x4f, 0x72, 0x74, 0x68, 0x6f, 0x53,
    0x65, 0x6e, 0x73, 0x6f, 0x72, 0x2c, 0x20, 0x49, 0x6e, 0x63, 0x2e, 0x00, 0x41, 0x70, 0x65, 0x78,
    0x61, 0x72, 0x20, 0x54, 0x65, 0x63, 0x68, 0x6e, 0x6f, 0x6c, 0x6f, 0x67, 0x69, 0x65, 0x73, 0x20,
    0x53, 0x2e, 0x41, 0x2e, 0x00, 0x4c, 0x4f, 0x47, 0x49, 0x43, 0x44, 0x41, 0x54, 0x41, 0x20, 0x45,
    0x6c, 0x65, 0x63, 0x74, 0x72, 0x6f, 0x6e, 0x69, 0x63, 0x20, 0x26, 0x20, 0x53, 0x6f, 0x66, 0x74,
    0x77, 0x61, 0x72, 0x65, 0x20, 0x45, 0x6e, 0x74, 0x77, 0x69, 0x63, 0x6b, 0x6c, 0x75, 0x6e, 0x67,
    0x73, 0x20, 0x47, 0x6d, 0x62, 0x48, 0x00, 0x4b, 0x6e, 0x69, 0x63, 0x6b, 0x20, 0x45, 0x6c, 0x65,
    0x6b, 0x74, 0x72, 0x6f, 0x6e, 0x69, 0x73, 0x63, 0x68, 0x65, 0x20, 0x4d, 0x65, 0x73, 0x73, 0x67,
    0x65, 0x72, 0x61, 0x65, 0x74, 0x65, 0x20, 0x47, 0x6d, 0x62, 0x48, 0x20, 0x26, 0x20, 0x43, 0x6f,
    0x2e, 0x20, 0x4b, 0x47, 0x00, 0x53, 0x6d, 0x61, 0x72, 0x74, 0x20, 0x54, 0x65, 0x63, 0x68, 0x6e,
    0x6f, 0x6c, 0x6f, 0x67, 0x69, 0x65, 0x73, 0x20, 0x61, 0x6e, 0x64, 0x20, 0x49, 0x6e, 0x76, 0x65,
    0x73, 0x74, 0x6d, 0x65, 0x6e, 0x74, 0x20, 0x4c, 0x69, 0x6d, 0x69, 0x74, 0x65, 0x64, 0x00, 0x4c,
    0x69, 0x6e, 0x6f, 0x75, 0x67, 0x68, 0x20, 0x49, 0x6e, 0x63, 0x2e, 0x00, 0x41, 0x64, 0x76, 0x61,
    0x6e, 0x63, 0x65, 0x64, 0x20, 0x45, 0x6c, 0x65, 0x63, 0x74, 0x72, 0x6f, 0x6e, 0x69, 0x63, 0x20,
    0x44, 0x65, 0x73, 0x69, 0x67, 0x6e, 0x73, 0x2c, 0x20, 0x49, 0x6e, 0x63, 0x2e, 0x00, 0x43, 0x61,
    0x72, 0x65, 0x66, 0x72, 0x65, 0x65, 0x20, 0x53, 0x63, 0x6f, 0x74, 0x74, 0x20, 0x46, 0x65, 0x74,
    0x7a, 0x65, 0x72, 0x20, 0x43, 0x6f, 0x20, 0x49, 0x6e, 0x63, 0x00, 0x53, 0x65, 0x6e, 0x73, 0x6f,
    0x6d, 0x65, 0x00, 0x46, 0x4f, 0x52, 0x54, 0x52, 0x4f, 0x4e, 0x49, 0x4b, 0x20, 0x73, 0x74, 0x6f,
    0x72, 0x69, 0x74, 0x76, 0x65, 0x20, 0x64, 0x2e, 0x6f, 0x2e, 0x6f, 0x2e, 0x00, 0x53, 0x69, 0x6e,
    0x6e, 0x6f, 0x7a, 0x00, 0x53, 0x79, 0x6c, 0x65, 0x72, 0x6f, 0x00, 0x41, 0x76, 0x65, 0x6d, 0x70,
    0x61, 0x63, 0x65, 0x20, 0x53, 0x41, 0x52, 0x4c, 0x00, 0x4e, 0x69, 0x6e, 0x74, 0x65, 0x6e, 0x64,
    0x6f, 0x20, 0x43, 0x6f, 0x2e, 0x2c, 0x20, 0x4c, 0x74, 0x64, 0x2e, 0x00, 0x4e, 0x61, 0x74, 0x69,
    0x6f, 0x6e, 0x61, 0x6c, 0x20, 0x49, 0x6e, 0x73, 0x74, 0x72, 0x75, 0x6d, 0x65, 0x6e, 0x74, 0x73,
    0x00, 0x4b, 0x52, 0x4f, 0x48, 0x4e, 0x45, 0x20, 0x4d, 0x65, 0x73, 0x73, 0x74, 0x65, 0x63, 0x68,
    0x6e, 0x69, 0x6b, 0x20, 0x47, 0x6d, 0x62, 0x48, 0x00, 0x4f, 0x74, 0x6f, 0x64, 0x79, 0x6e, 0x61,
    0x6d, 0x69, 0x63, 0x73, 0x20, 0x4c, 0x74, 0x64, 0x00, 0x41, 0x72, 0x77, 0x69, 0x6e, 0x20, 0x54,
    0x65, 0x63, 0x68, 0x6e, 0x6f, 0x6c, 0x6f, 0x67, 0x79, 0x20, 0x4c, 0x69, 0x6d, 0x69, 0x74, 0x65,
    0x64, 0x00, 0x62, 0x65, 0x6e, 0x65, 0x67, 0x65, 0x61, 0x72, 0x2c, 0x20, 0x69, 0x6e, 0x63, 0x2e,
    0x00, 0x4e, 0x65, 0x77, 0x63, 0x6f, 0x6e, 0x20, 0x4f, 0x70, 0x74, 0x69, 0x6b, 0x00, 0x43, 0x41,
    0x4e, 0x44, 0x59, 0x20, 0x48, 0x4f, 0x55, 0x53, 0x45, 0x2c, 0x20, 0x49, 0x6e, 0x63, 0x2e, 0x00,
    0x46, 0x52, 0x41, 0x4e, 0x4b, 0x4c, 0x49, 0x4e, 0x20, 0x54, 0x45, 0x43, 0x48, 0x4e, 0x4f, 0x4c,
    0x4f, 0x47, 0x59, 0x20, 0x49, 0x4e, 0x43, 0x00, 0x4c, 0x65, 0x6c, 0x79, 0x00, 0x56, 0x61, 0x6c,
    0x76, 0x65, 0x20, 0x43, 0x6f, 0x72, 0x70, 0x6f, 0x72, 0x61, 0x74, 0x69, 0x6f, 0x6e, 0x00, 0x48,
    0x65, 0x6b, 0x61, 0x74, 0x72, 0x6f, 0x6e, 0x20, 0x56, 0x65, 0x72, 0x74, 0x72, 0x69, 0x65, 0x62,
    0x73, 0x20, 0x47, 0x6d, 0x62, 0x48, 0x00, 0x50, 0x52, 0x4f, 0x54, 0x45, 0x43, 0x48, 0x20, 0x53,
    0x2e, 0x41, 0x2e, 0x53, 0x2e, 0x20, 0x44, 0x49, 0x20, 0x47, 0x49, 0x52, 0x41, 0x52, 0x44, 0x49,
    0x20, 0x41, 0x4e, 0x44, 0x52, 0x45, 0x41, 0x20, 0x26, 0x20, 0x43, 0x2e, 0x00, 0x53, 0x61, 0x72,
    0x69, 0x74, 0x61, 0x20, 0x43, 0x61, 0x72, 0x65, 0x54, 0x65, 0x63, 0x68, 0x20, 0x41, 0x50, 0x53,
    0x00, 0x46, 0x69, 0x6e, 0x64, 0x65, 0x72, 0x20, 0x53, 0x2e, 0x70, 0x2e, 0x41, 0x2e, 0x00, 0x54,
    0x68, 0x61, 0x6c, 0x6d, 0x69, 0x63, 0x20, 0x4c, 0x61, 0x62, 0x73, 0x20, 0x49, 0x6e, 0x63, 0x2e,
    0x00, 0x53, 0x74, 0x65, 0x69, 0x6e, 0x65, 0x6c, 0x20, 0x47, 0x6d, 0x62, 0x48, 0x00, 0x42, 0x65,
    0x67, 0x68, 0x65, 0x6c, 0x6c, 0x69, 0x20, 0x53, 0x70, 0x61, 0x00, 0x43, 0x4f, 0x52, 0x45, 0x20,
    0x54, 0x52, 0x41, 0x4e, 0x53, 0x50, 0x4f, 0x52, 0x54, 0x20, 0x54, 0x45, 0x43, 0x48, 0x4e, 0x4f,
    0x4c, 0x4f, 0x47, 0x49, 0x45, 0x53, 0x20, 0x4e, 0x5a, 0x20, 0x4c, 0x49, 0x4d, 0x49, 0x54, 0x45,
    0x44, 0x00, 0x58, 0x69, 0x61, 0x6d, 0x65, 0x6e, 0x20, 0x45, 0x76, 0x65, 0x72, 0x65, 0x73, 0x70,
    0x6f, 0x72, 0x74, 0x73, 0x20, 0x47, 0x6f, 0x6f, 0x64, 0x73, 0x20, 0x43, 0x6f, 0x2e, 0x2c, 0x20,
    0x4c, 0x74, 0x64, 0x00, 0x42, 0x6f, 0x64, 0x79, 0x70, 0x6f, 0x72, 0x74, 0x20, 0x49, 0x6e, 0x63,
    0x2e, 0x00, 0x46, 0x6c, 0x69, 0x70, 0x6e, 0x61, 0x76, 0x69, 0x20, 0x43, 0x6f, 0x2e, 0x2c, 0x4c,
    0x74, 0x64, 0x2e, 0x00, 0x52, 0x69, 0x6f, 0x6e, 0x20, 0x43, 0x6f, 0x2e, 0x2c, 0x20, 0x4c, 0x74,
    0x64, 0x2e, 0x00, 0x4c, 0x6f, 0x6e, 0x67, 0x20, 0x52, 0x61, 0x6e, 0x67, 0x65, 0x20, 0x53, 0x79,
    0x73, 0x74, 0x65, 0x6d, 0x73, 0x2c, 0x20, 0x4c, 0x4c, 0x43, 0x00, 0x52, 0x65, 0x64, 0x6d, 0x6f,
    0x6e, 0x64, 0x20, 0x49, 0x6e, 0x64, 0x75, 0x73, 0x74, 0x72, 0x69, 0x61, 0x6c, 0x20, 0x47, 0x72,
    0x6f, 0x75, 0x70, 0x20, 0x4c, 0x4c, 0x43, 0x00, 0x56, 0x49, 0x5a, 0x50, 0x49, 0x4e, 0x20, 0x49,
    0x4e, 0x43, 0x2e, 0x00, 0x42, 0x69, 0x6b, 0x65, 0x46, 0x69, 0x6e, 0x64, 0x65, 0x72, 0x20, 0x41,
    0x53, 0x00, 0x43, 0x6f, 0x6e, 0x73, 0x75, 0x6d, 0x65, 0x72, 0x20, 0x53, 0x6c, 0x65, 0x65, 0x70,
    0x20, 0x53, 0x6f, 0x6c, 0x75, 0x74, 0x69, 0x6f, 0x6e, 0x73, 0x20, 0x4c, 0x4c, 0x43, 0x00, 0x50,
    0x53, 0x49, 0x4b, 0x49, 0x43, 0x4b, 0x2c, 0x20, 0x49, 0x4e, 0x43, 0x2e, 0x00, 0x41, 0x6e, 0x74,
    0x54, 0x61, 0x69, 0x6c, 0x2e, 0x63, 0x6f, 0x6d, 0x00, 0x4c, 0x69, 0x67, 0x68, 0x74, 0x69, 0x6e,
    0x67, 0x20, 0x53, 0x63, 0x69, 0x65, 0x6e, 0x63, 0x65, 0x20, 0x47, 0x72, 0x6f, 0x75, 0x70, 0x20,
    0x43, 0x6f, 0x72, 0x70, 0x2e, 0x00, 0x41, 0x46, 0x46, 0x4f, 0x52, 0x44, 0x41, 0x42, 0x4c, 0x45,
    0x20, 0x45, 0x4c, 0x45, 0x43, 0x54, 0x52, 0x4f, 0x4e, 0x49, 0x43, 0x53, 0x20, 0x49, 0x4e, 0x43,
    0x00, 0x49, 0x6e, 0x74, 0x65, 0x67, 0x72, 0x61, 0x6c, 0x20, 0x4d, 0x65, 0x6d, 0x72, 0x6f, 0x79,
    0x20, 0x50, 0x6c, 0x63, 0x00, 0x47, 0x6c, 0x6f, 0x62, 0x61, 0x6c, 0x73, 0x74, 0x61, 0x72, 0x2c,
    0x20, 0x49, 0x6e, 0x63, 0x2e, 0x00, 0x54, 0x72, 0x75, 0x65, 0x20, 0x57, 0x65, 0x61, 0x72, 0x61,
    0x62, 0x6c, 0x65, 0x73, 0x2c, 0x20, 0x49, 0x6e, 0x63, 0x2e, 0x00, 0x57, 0x65, 0x6c, 0x6c, 0x69,
    0x6e, 0x67, 0x74, 0x6f, 0x6e, 0x20, 0x44, 0x72, 0x69, 0x76, 0x65, 0x20, 0x54, 0x65, 0x63, 0x68,
    0x6e, 0x6f, 0x6c, 0x6f, 0x67, 0x69, 0x65, 0x73, 0x20, 0x4c, 0x74, 0x64, 0x00, 0x4f, 0x4d, 0x4e,
    0x49, 0x20, 0x52, 0x65, 0x6d, 0x6f, 0x74, 0x65, 0x73, 0x00, 0x44, 0x75, 0x72, 0x61, 0x63, 0x65,
    0x6c, 0x6c, 0x20, 0x55, 0x2e, 0x53, 0x2e, 0x20, 0x4f, 0x70, 0x65, 0x72, 0x61, 0x74, 0x69, 0x6f,
    0x6e, 0x73, 0x20, 0x49, 0x6e, 0x63, 0x2e, 0x00, 0x54, 0x6f, 0x6f, 0x72, 0x20, 0x54, 0x65, 0x63,
    0x68, 0x6e, 0x6f, 0x6c, 0x6f, 0x67, 0x69, 0x65, 0x73, 0x20, 0x4c, 0x4c, 0x43, 0x00, 0x49, 0x6e,
    0x73, 0x74, 0x69, 0x6e, 0x63, 0x74, 0x20, 0x50, 0x65, 0x72, 0x66, 0x6f, 0x72, 0x6d, 0x61, 0x6e,
    0x63, 0x65, 0x00, 0x42, 0x65, 0x63, 0x6f, 0x2c, 0x20, 0x49, 0x6e, 0x63, 0x00, 0x53, 0x63, 0x75,
    0x66, 0x20, 0x47, 0x61, 0x6d, 0x69, 0x6e, 0x67, 0x20, 0x49, 0x6e, 0x74, 0x65, 0x72, 0x6e, 0x61,
    0x74, 0x69, 0x6f, 0x6e, 0x61, 0x6c, 0x2c, 0x20, 0x4c, 0x4c, 0x43, 0x00, 0x4c, 0x59, 0x53, 0x20,
    0x54, 0x45, 0x43, 0x48, 0x4e, 0x4f, 0x4c, 0x4f, 0x47, 0x49, 0x45, 0x53, 0x20, 0x4c, 0x54, 0x44,
    0x00, 0x42, 0x72, 0x65, 0x61, 0x6b, 0x77, 0x61, 0x6c, 0x6c, 0x20, 0x41, 0x6e, 0x61, 0x6c, 0x79,
    0x74, 0x69, 0x63, 0x73, 0x2c, 0x20, 0x4c, 0x4c, 0x43, 0x00, 0x43, 0x6f, 0x64, 0x65, 0x20, 0x42,
    0x6c, 0x75, 0x65, 0x20, 0x43, 0x6f, 0x6d, 0x6d, 0x75, 0x6e, 0x69, 0x63, 0x61, 0x74, 0x69, 0x6f,
    0x6e, 0x73, 0x00, 0x47, 0x69, 0x72, 0x61, 0x20, 0x47, 0x69, 0x65, 0x72, 0x73, 0x69, 0x65, 0x70,
    0x65, 0x6e, 0x20, 0x47, 0x6d, 0x62, 0x48, 0x20, 0x26, 0x20, 0x43, 0x6f, 0x2e, 0x20, 0x4b, 0x47,
    0x00, 0x48, 0x65, 0x61, 0x72, 0x69, 0x6e, 0x67, 0x20, 0x4c, 0x61, 0x62, 0x20, 0x54, 0x65, 0x63,
    0x68, 0x6e, 0x6f, 0x6c, 0x6f, 0x67, 0x79, 0x00, 0x4c, 0x45, 0x47, 0x52, 0x41, 0x4e, 0x44, 0x00,
    0x44, 0x65, 0x72, 0x69, 0x63, 0x68, 0x73, 0x20, 0x47, 0x6d, 0x62, 0x48, 0x00, 0x41, 0x4c, 0x54,
    0x2d, 0x54, 0x45, 0x4b, 0x4e, 0x49, 0x4b, 0x20, 0x4c, 0x4c, 0x43, 0x00, 0x53, 0x74, 0x61, 0x72,
    0x20, 0x54, 0x65, 0x63, 0x68, 0x6e, 0x6f, 0x6c, 0x6f, 0x67, 0x69, 0x65, 0x73, 0x00, 0x53, 0x54,
    0x41, 0x52, 0x54, 0x20, 0x54, 0x4f, 0x44, 0x41, 0x59, 0x20, 0x43, 0x4f, 0x2e, 0x2c, 0x4c, 0x54,
    0x44, 0x2e, 0x00, 0x4d, 0x61, 0x78, 0x69, 0x6d, 0x20, 0x49, 0x6e, 0x74, 0x65, 0x67, 0x72, 0x61,
    0x74, 0x65, 0x64, 0x20, 0x50, 0x72, 0x6f, 0x64, 0x75, 0x63, 0x74, 0x73, 0x00, 0x46, 0x72, 0x61,
    0x63, 0x61, 0x72, 0x72, 0x6f, 0x20, 0x52, 0x61, 0x64, 0x69, 0x6f, 0x69, 0x6e, 0x64, 0x75, 0x73,
    0x74, 0x72, 0x69, 0x65, 0x20, 0x53, 0x52, 0x4c, 0x00, 0x4a, 0x75, 0x6e, 0x67, 0x68, 0x65, 0x69,
    0x6e, 0x72, 0x69, 0x63, 0x68, 0x20, 0x41, 0x6b, 0x74, 0x69, 0x65, 0x6e, 0x67, 0x65, 0x73, 0x65,
    0x6c, 0x6c, 0x73, 0x63, 0x68, 0x61, 0x66, 0x74, 0x00, 0x4d, 0x65, 0x74, 0x61, 0x20, 0x50, 0x6c,
    0x61, 0x74, 0x66, 0x6f, 0x72, 0x6d, 0x73, 0x20, 0x54, 0x65, 0x63, 0x68, 0x6e, 0x6f, 0x6c, 0x6f,
    0x67, 0x69, 0x65, 0x73, 0x2c, 0x20, 0x4c, 0x4c, 0x43, 0x00, 0x48, 0x45, 0x4e, 0x44, 0x4f, 0x4e,
    0x20, 0x53, 0x45, 0x4d, 0x49, 0x43, 0x4f, 0x4e, 0x44, 0x55, 0x43, 0x54, 0x4f, 0x52, 0x53, 0x20,
    0x50, 0x54, 0x59, 0x20, 0x4c, 0x54, 0x44, 0x00, 0x50, 0x75, 0x72, 0x33, 0x20, 0x4c, 0x74, 0x64,
    0x00, 0x56, 0x69, 0x61, 0x73, 0x61, 0x74, 0x20, 0x47, 0x72, 0x6f, 0x75, 0x70, 0x20, 0x53, 0x2e,
    0x70, 0x2e, 0x41, 0x2e, 0x00, 0x49, 0x5a, 0x49, 0x54, 0x48, 0x45, 0x52, 0x4d, 0x00, 0x53, 0x70,
    0x61, 0x75, 0x6c, 0x64, 0x69, 0x6e, 0x67, 0x20, 0x43, 0x6c, 0x69, 0x6e, 0x69, 0x63, 0x61, 0x6c,
    0x20, 0x52, 0x65, 0x73, 0x65, 0x61, 0x72, 0x63, 0x68, 0x00, 0x4b, 0x6f, 0x68, 0x6c, 0x65, 0x72,
    0x20, 0x43, 0x6f, 0x6d, 0x70, 0x61, 0x6e, 0x79, 0x00, 0x49, 0x6e, 0x6f, 0x72, 0x20, 0x50, 0x72,
    0x6f, 0x63, 0x65, 0x73, 0x73, 0x20, 0x41, 0x42, 0x00, 0x4d, 0x79, 0x20, 0x53, 0x6d, 0x61, 0x72,
    0x74, 0x20, 0x42, 0x6c, 0x69, 0x6e, 0x64, 0x73, 0x00, 0x52, 0x61, 0x64, 0x69, 0x6f, 0x50, 0x75,
    0x6c, 0x73, 0x65, 0x20, 0x49, 0x6e, 0x63, 0x00, 0x72, 0x61, 0x70, 0x69, 0x74, 0x61, 0x67, 0x20,
    0x47, 0x6d, 0x62, 0x48, 0x00, 0x4c, 0x61, 0x7a, 0x6c, 0x6f, 0x33, 0x32, 0x36, 0x2c, 0x20, 0x4c,
    0x4c, 0x43, 0x2e, 0x00, 0x54, 0x65, 0x6c, 0x65, 0x64, 0x79, 0x6e, 0x65, 0x20, 0x4c, 0x65, 0x63,
    0x72, 0x6f, 0x79, 0x2c, 0x20, 0x49, 0x6e, 0x63, 0x2e, 0x00, 0x44, 0x61, 0x74, 0x61, 0x66, 0x6c,
    0x6f, 0x77, 0x20, 0x53, 0x79, 0x73, 0x74, 0x65, 0x6d, 0x73, 0x20, 0x4c, 0x69, 0x6d, 0x69, 0x74,
    0x65, 0x64, 0x00, 0x4d, 0x61, 0x63, 0x72, 0x6f, 0x67, 0x69, 0x67, 0x61, 0x20, 0x45, 0x6c, 0x65,
    0x63, 0x74, 0x72, 0x6f, 0x6e, 0x69, 0x63, 0x73, 0x00, 0x54, 0x61, 0x6e, 0x64, 0x65, 0x6d, 0x20,
    0x44, 0x69, 0x61, 0x62, 0x65, 0x74, 0x65, 0x73, 0x20, 0x43, 0x61, 0x72, 0x65, 0x00, 0x50, 0x6f,
    0x6c, 0x79, 0x63, 0x6f, 0x6d, 0x2c, 0x20, 0x49, 0x6e, 0x63, 0x2e, 0x00, 0x46, 0x69, 0x73, 0x68,
    0x65, 0x72, 0x20, 0x26, 0x20, 0x50, 0x61, 0x79, 0x6b, 0x65, 0x6c, 0x20, 0x48, 0x65, 0x61, 0x6c,
    0x74, 0x68, 0x63, 0x61, 0x72, 0x65, 0x00, 0x44, 0x72, 0x65, 0x61, 0x6d, 0x20, 0x44, 0x65, 0x76,
    0x69, 0x63, 0x65, 0x73, 0x20, 0x54, 0x65, 0x63, 0x68, 0x6e, 0x6f, 0x6c, 0x6f, 0x67, 0x69, 0x65,
    0x73, 0x20, 0x4f, 0x79, 0x00, 0x53, 0x68, 0x61, 0x6e, 0x67, 0x68, 0x61, 0x69, 0x20, 0x58, 0x69,
    0x61, 0x6f, 0x79, 0x69, 0x20, 0x54, 0x65, 0x63, 0x68, 0x6e, 0x6f, 0x6c, 0x6f, 0x67, 0x79, 0x20,
    0x43, 0x6f, 0x2e, 0x2c, 0x4c, 0x74, 0x64, 0x2e, 0x00, 0x41, 0x44, 0x48, 0x45, 0x52, 0x49, 0x55,
    0x4d, 0x28, 0x4e, 0x5a, 0x29, 0x20, 0x4c, 0x49, 0x4d, 0x49, 0x54, 0x45, 0x44, 0x00, 0x41, 0x78,
    0x69, 0x6f, 0x6d, 0x77, 0x61, 0x72, 0x65, 0x20, 0x53, 0x79, 0x73, 0x74, 0x65, 0x6d, 0x73, 0x20,
    0x49, 0x6e, 0x63, 0x6f, 0x72, 0x70, 0x6f, 0x72, 0x61, 0x74, 0x65, 0x64, 0x00, 0x4f, 0x2e, 0x20,
    0x45, 0x2e, 0x20, 0x4d, 0x2e, 0x20, 0x43, 0x6f, 0x6e, 0x74, 0x72, 0x6f, 0x6c, 0x73, 0x2c, 0x20,
    0x49, 0x6e, 0x63, 0x2e, 0x00, 0x4b, 0x69, 0x69, 0x72, 0x6f, 0x6f, 0x20, 0x42, 0x56, 0x00, 0x54,
    0x65, 0x6c, 0x65, 0x63, 0x6f, 0x6e, 0x20, 0x4d, 0x6f, 0x62, 0x69, 0x6c, 0x65, 0x20, 0x4c, 0x69,
    0x6d, 0x69, 0x74, 0x65, 0x64, 0x00, 0x53, 0x6f, 0x6e, 0x6f, 0x73, 0x20, 0x49, 0x6e, 0x63, 0x00,
    0x54, 0x6f, 0x6d, 0x20, 0x41, 0x6c, 0x6c, 0x65, 0x62, 0x72, 0x61, 0x6e, 0x64, 0x69, 0x20, 0x43,
    0x6f, 0x6e, 0x73, 0x75, 0x6c, 0x74, 0x69, 0x6e, 0x67, 0x00, 0x4d, 0x6f, 0x6e, 0x69, 0x64, 0x6f,
    0x72, 0x00, 0x54, 0x72, 0x61, 0x6d, 0x65, 0x78, 0x20, 0x4c, 0x69, 0x6d, 0x69, 0x74, 0x65, 0x64,
    0x00, 0x4e, 0x6f, 0x66, 0x65, 0x6e, 0x63, 0x65, 0x20, 0x41, 0x53, 0x00, 0x47, 0x6f, 0x65, 0x72,
    0x54, 0x65, 0x6b, 0x20, 0x44, 0x79, 0x6e, 0x61, 0x75, 0x64, 0x69, 0x6f, 0x20, 0x43, 0x6f, 0x2e,
    0x2c, 0x20, 0x4c, 0x74, 0x64, 0x2e, 0x00, 0x49, 0x4e, 0x49, 0x41, 0x00, 0x43, 0x41, 0x52, 0x4d,
    0x41, 0x54, 0x45, 0x20, 0x4d, 0x46, 0x47, 0x2e, 0x43, 0x4f, 0x2e, 0x2c, 0x4c, 0x54, 0x44, 0x00,
    0x4f, 0x56, 0x20, 0x4c, 0x4f, 0x4f, 0x50, 0x2c, 0x20, 0x49, 0x4e, 0x43, 0x2e, 0x00, 0x4e, 0x65,
    0x77, 0x54, 0x65, 0x63, 0x20, 0x47, 0x6d, 0x62, 0x48, 0x00, 0x4d, 0x65, 0x64, 0x61, 0x6c, 0x6c,
    0x69, 0x6f, 0x6e, 0x20, 0x49, 0x6e, 0x73, 0x74, 0x72, 0x75, 0x6d, 0x65, 0x6e, 0x74, 0x61, 0x74,
    0x69, 0x6f, 0x6e, 0x20, 0x53, 0x79, 0x73, 0x74, 0x65, 0x6d, 0x73, 0x00, 0x43, 0x41, 0x52, 0x45,
    0x4c, 0x20, 0x49, 0x4e, 0x44, 0x55, 0x53, 0x54, 0x52, 0x49, 0x45, 0x53, 0x20, 0x53, 0x2e, 0x50,
    0x2e, 0x41, 0x2e, 0x00, 0x50, 0x61, 0x72, 0x61, 0x62, 0x69, 0x74, 0x20, 0x53, 0x79, 0x73, 0x74,
    0x65, 0x6d, 0x73, 0x2c, 0x20, 0x49, 0x6e, 0x63, 0x2e, 0x00, 0x57, 0x68, 0x69, 0x74, 0x65, 0x20,
    0x48, 0x6f, 0x72, 0x73, 0x65, 0x20, 0x53, 0x63, 0x69, 0x65, 0x6e, 0x74, 0x69, 0x66, 0x69, 0x63,
    0x20, 0x6c, 0x74, 0x64, 0x00, 0x76, 0x65, 0x72, 0x69, 0x73, 0x69, 0x6c, 0x69, 0x63, 0x6f, 0x6e,
    0x00, 0x45, 0x6c, 0x65, 0x63, 0x73, 0x20, 0x49, 0x6e, 0x64, 0x75, 0x73, 0x74, 0x72, 0x79, 0x20,
    0x43, 0x6f, 0x2e, 0x2c, 0x4c, 0x74, 0x64, 0x2e, 0x00, 0x42, 0x65, 0x69, 0x6a, 0x69, 0x6e, 0x67,
    0x20, 0x50, 0x69, 0x6e, 0x65, 0x63, 0x6f, 0x6e, 0x65, 0x20, 0x45, 0x6c, 0x65, 0x63, 0x74, 0x72,
    0x6f, 0x6e, 0x69, 0x63, 0x73, 0x20, 0x43, 0x6f, 0x2e, 0x2c, 0x4c, 0x74, 0x64, 0x2e, 0x00, 0x41,
    0x6d, 0x62, 0x79, 0x73, 0x74, 0x6f, 0x6d, 0x61, 0x20, 0x4c, 0x61, 0x62, 0x73, 0x20, 0x49, 0x6e,
    0x63, 0x2e, 0x00, 0x53, 0x75, 0x7a, 0x68, 0x6f, 0x75, 0x20, 0x50, 0x61, 0x69, 0x72, 0x6c, 0x69,
    0x6e, 0x6b, 0x20, 0x4e, 0x65, 0x74, 0x77, 0x6f, 0x72, 0x6b, 0x20, 0x54, 0x65, 0x63, 0x68, 0x6e,
    0x6f, 0x6c, 0x6f, 0x67, 0x79, 0x00, 0x69, 0x67, 0x6c, 0x6f, 0x6f, 0x68, 0x6f, 0x6d, 0x65, 0x00,
    0x4f, 0x78, 0x66, 0x6f, 0x72, 0x64, 0x20, 0x4d, 0x65, 0x74, 0x72, 0x69, 0x63, 0x73, 0x20, 0x70,
    0x6c, 0x63, 0x00, 0x4c, 0x65, 0x76, 0x69, 0x74, 0x6f, 0x6e, 0x20, 0x4d, 0x66, 0x67, 0x2e, 0x20,
    0x43, 0x6f, 0x2e, 0x2c, 0x20, 0x49, 0x6e, 0x63, 0x2e, 0x00, 0x55, 0x4c, 0x43, 0x20, 0x52, 0x6f,
    0x62, 0x6f, 0x74, 0x69, 0x63, 0x73, 0x20, 0x49, 0x6e, 0x63, 0x2e, 0x00, 0x52, 0x65, 0x61, 0x6c,
    0x2d, 0x57, 0x6f, 0x72, 0x6c, 0x64, 0x2d, 0x53, 0x79, 0x73, 0x74, 0x65, 0x6d, 0x73, 0x20, 0x43,
    0x6f, 0x72, 0x70, 0x6f, 0x72, 0x61, 0x74, 0x69, 0x6f, 0x6e, 0x00, 0x4e, 0x61, 0x6c, 0x75, 0x20,
    0x4d, 0x65, 0x64, 0x69, 0x63, 0x61, 0x6c, 0x2c, 0x20, 0x49, 0x6e, 0x63, 0x2e, 0x00, 0x50, 0x2e,
    0x49, 0x2e, 0x45, 0x6e, 0x67, 0x69, 0x6e, 0x65, 0x65, 0x72, 0x69, 0x6e, 0x67, 0x00, 0x47, 0x72,
    0x6f, 0x74, 0x65, 0x20, 0x49, 0x6e, 0x64, 0x75, 0x73, 0x74, 0x72, 0x69, 0x65, 0x73, 0x00, 0x52,
    0x75, 0x6e, 0x74, 0x69, 0x6d, 0x65, 0x2c, 0x20, 0x49, 0x6e, 0x63, 0x2e, 0x00, 0x43, 0x6f, 0x64,
    0x65, 0x63, 0x6f, 0x75, 0x70, 0x20, 0x73, 0x70, 0x2e, 0x20, 0x7a, 0x20, 0x6f, 0x2e, 0x6f, 0x2e,
    0x20, 0x73, 0x70, 0x2e, 0x20, 0x6b, 0x2e, 0x00, 0x53, 0x45, 0x4c, 0x56, 0x45, 0x20, 0x47, 0x6d,
    0x62, 0x48, 0x20, 0x26, 0x20, 0x43, 0x6f, 0x2e, 0x20, 0x4b, 0x47, 0x00, 0x4c, 0x69, 0x70, 0x70,
    0x65, 0x72, 0x74, 0x20, 0x43, 0x6f, 0x6d, 0x70, 0x6f, 0x6e, 0x65, 0x6e, 0x74, 0x73, 0x2c, 0x20,
    0x49, 0x4e, 0x43, 0x00, 0x53, 0x4f, 0x4d, 0x46, 0x59, 0x20, 0x53, 0x41, 0x53, 0x00, 0x54, 0x42,
    0x53, 0x20, 0x45, 0x6c, 0x65, 0x63, 0x74, 0x72, 0x6f, 0x6e, 0x69, 0x63, 0x73, 0x20, 0x42, 0x2e,
    0x56, 0x2e, 0x00, 0x4d, 0x48, 0x4c, 0x20, 0x43, 0x75, 0x73, 0x74, 0x6f, 0x6d, 0x20, 0x49, 0x6e,
    0x63, 0x00, 0x4c, 0x75, 0x63, 0x65, 0x6e, 0x74, 0x57, 0x65, 0x61, 0x72, 0x20, 0x4c, 0x4c, 0x43,
    0x00, 0x57, 0x41, 0x54, 0x54, 0x53, 0x20, 0x45, 0x4c, 0x45, 0x43, 0x54, 0x52, 0x4f, 0x4e, 0x49,
    0x43, 0x53, 0x00, 0x52, 0x4a, 0x20, 0x42, 0x72, 0x61, 0x6e, 0x64, 0x73, 0x20, 0x4c, 0x4c, 0x43,
    0x00, 0x56, 0x2d, 0x5a, 0x55, 0x47, 0x20, 0x4c, 0x74, 0x64, 0x00, 0x42, 0x69, 0x6f, 0x77, 0x61,
    0x74, 0x63, 0x68, 0x20, 0x53, 0x41, 0x00, 0x41, 0x6e, 0x6f, 0x76, 0x61, 0x20, 0x41, 0x70, 0x70,
    0x6c, 0x69, 0x65, 0x64, 0x20, 0x45, 0x6c, 0x65, 0x63, 0x74, 0x72, 0x6f, 0x6e, 0x69, 0x63, 0x73,
    0x00, 0x4c, 0x69, 0x6e, 0x64, 0x61, 0x62, 0x20, 0x41, 0x42, 0x00, 0x66, 0x72, 0x6f, 0x67, 0x62,
    0x6c, 0x75, 0x65, 0x20, 0x54, 0x45, 0x43, 0x48, 0x4e, 0x4f, 0x4c, 0x4f, 0x47, 0x59, 0x20, 0x47,
    0x6d, 0x62, 0x48, 0x00, 0x41, 0x63, 0x75, 0x72, 0x61, 0x62, 0x6c, 0x65, 0x20, 0x4c, 0x69, 0x6d,
    0x69, 0x74, 0x65, 0x64, 0x00, 0x4c, 0x41, 0x4d, 0x50, 0x4c, 0x49, 0x47, 0x48, 0x54, 0x20, 0x43,
    0x6f, 0x2e, 0x2c, 0x20, 0x4c, 0x74, 0x64, 0x2e, 0x00, 0x54, 0x45, 0x47, 0x41, 0x4d, 0x2c, 0x20,
    0x49, 0x6e, 0x63, 0x2e, 0x00, 0x5a, 0x68, 0x75, 0x68, 0x61, 0x69, 0x20, 0x4a, 0x69, 0x65, 0x6c,
    0x69, 0x20, 0x74, 0x65, 0x63, 0x68, 0x6e, 0x6f, 0x6c, 0x6f, 0x67, 0x79, 0x20, 0x43, 0x6f, 0x2e,
    0x2c, 0x4c, 0x74, 0x64, 0x00, 0x6d, 0x6f, 0x64, 0x75, 0x6d, 0x2e, 0x69, 0x6f, 0x20, 0x41, 0x47,
    0x00, 0x46, 0x61, 0x72, 0x6d, 0x20, 0x4a, 0x65, 0x6e, 0x6e, 0x79, 0x20, 0x4c, 0x4c, 0x43, 0x00,
    0x54, 0x6f, 0x79, 0x6f, 0x20, 0x45, 0x6c, 0x65, 0x63, 0x74, 0x72, 0x6f, 0x6e, 0x69, 0x63, 0x73,
    0x20, 0x43, 0x6f, 0x72, 0x70, 0x6f, 0x72, 0x61, 0x74, 0x69, 0x6f, 0x6e, 0x00, 0x41, 0x70, 0x70,
    0x6c, 0x69, 0x65, 0x64, 0x20, 0x4e, 0x65, 0x75, 0x72, 0x61, 0x6c, 0x20, 0x52, 0x65, 0x73, 0x65,
    0x61, 0x72, 0x63, 0x68, 0x20, 0x43, 0x6f, 0x72, 0x70, 0x00, 0x41, 0x76, 0x69, 0x64, 0x20, 0x49,
    0x64, 0x65, 0x6e, 0x74, 0x69, 0x66, 0x69, 0x63, 0x61, 0x74, 0x69, 0x6f, 0x6e, 0x20, 0x53, 0x79,
    0x73, 0x74, 0x65, 0x6d, 0x73, 0x2c, 0x20, 0x49, 0x6e, 0x63, 0x2e, 0x00, 0x50, 0x65, 0x74, 0x72,
    0x6f, 0x6e, 0x69, 0x63, 0x73, 0x20, 0x49, 0x6e, 0x63, 0x2e, 0x00, 0x65, 0x73, 0x73, 0x65, 0x6e,
    0x74, 0x69, 0x6d, 0x20, 0x47, 0x6d, 0x62, 0x48, 0x00, 0x51, 0x54, 0x20, 0x4d, 0x65, 0x64, 0x69,
    0x63, 0x61, 0x6c, 0x20, 0x49, 0x4e, 0x43, 0x2e, 0x00, 0x56, 0x49, 0x52, 0x54, 0x55, 0x41, 0x4c,
    0x43, 0x4c, 0x49, 0x4e, 0x49, 0x43, 0x2e, 0x44, 0x49, 0x52, 0x45, 0x43, 0x54, 0x20, 0x4c, 0x49,
    0x4d, 0x49, 0x54, 0x45, 0x44, 0x00, 0x56, 0x69, 0x70, 0x65, 0x72, 0x20, 0x44, 0x65, 0x73, 0x69,
    0x67, 0x6e, 0x20, 0x4c, 0x4c, 0x43, 0x00, 0x48, 0x75, 0x6d, 0x61, 0x6e, 0x2c, 0x20, 0x49, 0x6e,
    0x63, 0x6f, 0x72, 0x70, 0x6f, 0x72, 0x61, 0x74, 0x65, 0x64, 0x00, 0x73, 0x74, 0x41, 0x50, 0x50,
    0x74, 0x72, 0x6f, 0x6e, 0x69, 0x63, 0x73, 0x20, 0x47, 0x6d, 0x62, 0x48, 0x00, 0x45, 0x6c, 0x65,
    0x6d, 0x65, 0x6e, 0x74, 0x61, 0x6c, 0x20, 0x4d, 0x61, 0x63, 0x68, 0x69, 0x6e, 0x65, 0x73, 0x2c,
    0x20, 0x49, 0x6e, 0x63, 0x2e, 0x00, 0x54, 0x61, 0x69, 0x79, 0x6f, 0x20, 0x59, 0x75, 0x64, 0x65,
    0x6e, 0x20, 0x43, 0x6f, 0x2e, 0x2c, 0x20, 0x4c, 0x74, 0x64, 0x00, 0x49, 0x4e, 0x45, 0x4f, 0x20,
    0x45, 0x4e, 0x45, 0x52, 0x47, 0x59, 0x26, 0x20, 0x53, 0x59, 0x53, 0x54, 0x45, 0x4d, 0x53, 0x00,
    0x4d, 0x6f, 0x74, 0x69, 0x6f, 0x6e, 0x20, 0x49, 0x6e, 0x73, 0x74, 0x72, 0x75, 0x6d, 0x65, 0x6e,
    0x74, 0x73, 0x20, 0x49, 0x6e, 0x63, 0x2e, 0x00, 0x50, 0x72, 0x65, 0x73, 0x73, 0x75, 0x72, 0x65,
    0x50, 0x72, 0x6f, 0x00, 0x43, 0x4f, 0x57, 0x42, 0x4f, 0x59, 0x00, 0x69, 0x63, 0x6f, 0x6e, 0x6d,
    0x6f, 0x62, 0x69, 0x6c, 0x65, 0x20, 0x47, 0x6d, 0x62, 0x48, 0x00, 0x41, 0x43, 0x53, 0x2d, 0x43,
    0x6f, 0x6e, 0x74, 0x72, 0x6f, 0x6c, 0x2d, 0x53, 0x79, 0x73, 0x74, 0x65, 0x6d, 0x20, 0x47, 0x6d,
    0x62, 0x48, 0x00, 0x42, 0x61, 0x79, 0x65, 0x72, 0x69, 0x73, 0x63, 0x68, 0x65, 0x20, 0x4d, 0x6f,
    0x74, 0x6f, 0x72, 0x65, 0x6e, 0x20, 0x57, 0x65, 0x72, 0x6b, 0x65, 0x20, 0x41, 0x47, 0x00, 0x47,
    0x79, 0x63, 0x6f, 0x6d, 0x20, 0x53, 0x76, 0x65, 0x6e, 0x73, 0x6b, 0x61, 0x20, 0x41, 0x42, 0x00,
    0x46, 0x75, 0x6a, 0x69, 0x20, 0x58, 0x65, 0x72, 0x6f, 0x78, 0x20, 0x43, 0x6f, 0x2e, 0x2c, 0x20,
    0x4c, 0x74, 0x64, 0x00, 0x53, 0x49, 0x4b, 0x4f, 0x4d, 0x20, 0x41, 0x53, 0x00, 0x62, 0x65, 0x6b,
    0x65, 0x6e, 0x00, 0x54, 0x68, 0x65, 0x20, 0x4c, 0x69, 0x6e, 0x75, 0x78, 0x20, 0x46, 0x6f, 0x75,
    0x6e, 0x64, 0x61, 0x74, 0x69, 0x6f, 0x6e, 0x00, 0x54, 0x72, 0x79, 0x20, 0x61, 0x6e, 0x64, 0x20,
    0x45, 0x20, 0x43, 0x4f, 0x2e, 0x2c, 0x4c, 0x54, 0x44, 0x2e, 0x00, 0x53, 0x65, 0x65, 0x53, 0x63,
    0x61, 0x6e, 0x00, 0x43, 0x6c, 0x65, 0x61, 0x72, 0x69, 0x74, 0x79, 0x2c, 0x20, 0x4c, 0x4c, 0x43,
    0x00, 0x47, 0x53, 0x20, 0x54, 0x41, 0x47, 0x00, 0x44, 0x50, 0x54, 0x65, 0x63, 0x68, 0x6e, 0x69,
    0x63, 0x73, 0x00, 0x54, 0x52, 0x41, 0x43, 0x4d, 0x4f, 0x2c, 0x20, 0x49, 0x4e, 0x43, 0x2e, 0x00,
    0x41, 0x6e, 0x6b, 0x69, 0x20, 0x49, 0x6e, 0x63, 0x2e, 0x00, 0x48, 0x61, 0x67, 0x6c, 0x65, 0x69,
    0x74, 0x6e, 0x65, 0x72, 0x20, 0x48, 0x79, 0x67, 0x69, 0x65, 0x6e, 0x65, 0x20, 0x49, 0x6e, 0x74,
    0x65, 0x72, 0x6e, 0x61, 0x74, 0x69, 0x6f, 0x6e, 0x61, 0x6c, 0x20, 0x47, 0x6d, 0x62, 0x48, 0x00,
    0x4b, 0x6f, 0x6e, 0x61, 0x6d, 0x69, 0x20, 0x53, 0x70, 0x6f, 0x72, 0x74, 0x73, 0x20, 0x4c, 0x69,
    0x66, 0x65, 0x20, 0x43, 0x6f, 0x2e, 0x2c, 0x20, 0x4c, 0x74, 0x64, 0x2e, 0x00, 0x41, 0x72, 0x62,
    0x6c, 0x65, 0x74, 0x20, 0x49, 0x6e, 0x63, 0x2e, 0x00, 0x4d, 0x61, 0x73, 0x62, 0x61, 0x6e, 0x64,
    0x6f, 0x20, 0x47, 0x6d, 0x62, 0x48, 0x00, 0x49, 0x6e, 0x6e, 0x6f, 0x73, 0x65, 0x69, 0x73, 0x00,
    0x4e, 0x69, 0x6b, 0x6f, 0x20, 0x6e, 0x76, 0x00, 0x57, 0x65, 0x6c, 0x6c, 0x6e, 0x6f, 0x6d, 0x69,
    0x63, 0x73, 0x20, 0x4c, 0x74, 0x64, 0x00, 0x69, 0x52, 0x6f, 0x62, 0x6f, 0x74, 0x20, 0x43, 0x6f,
    0x72, 0x70, 0x6f, 0x72, 0x61, 0x74, 0x69, 0x6f, 0x6e, 0x00, 0x53, 0x63, 0x68, 0x72, 0x61, 0x64,
    0x65, 0x72, 0x20, 0x45, 0x6c, 0x65, 0x63, 0x74, 0x72, 0x6f, 0x6e, 0x69, 0x63, 0x73, 0x00, 0x47,
    0x65, 0x62, 0x65, 0x72, 0x69, 0x74, 0x20, 0x49, 0x6e, 0x74, 0x65, 0x72, 0x6e, 0x61, 0x74, 0x69,
    0x6f, 0x6e, 0x61, 0x6c, 0x20, 0x41, 0x47, 0x00, 0x46, 0x6f, 0x75, 0x72, 0x74, 0x68, 0x20, 0x45,
    0x76, 0x6f, 0x6c, 0x75, 0x74, 0x69, 0x6f, 0x6e, 0x20, 0x49, 0x6e, 0x63, 0x00, 0x46, 0x4d, 0x57,
    0x20, 0x65, 0x6c, 0x65, 0x63, 0x74, 0x72, 0x6f, 0x6e, 0x69, 0x63, 0x20, 0x46, 0x75, 0x74, 0x74,
    0x65, 0x72, 0x65, 0x72, 0x20, 0x75, 0x2e, 0x20, 0x4d, 0x61, 0x69, 0x65, 0x72, 0x2d, 0x57, 0x6f,
    0x6c, 0x66, 0x20, 0x4f, 0x48, 0x47, 0x00, 0x4a, 0x6f, 0x68, 0x6e, 0x20, 0x44, 0x65, 0x65, 0x72,
    0x65, 0x00, 0x52, 0x6f, 0x6f, 0x6b, 0x65, 0x72, 0x79, 0x20, 0x54, 0x65, 0x63, 0x68, 0x6e, 0x6f,
    0x6c, 0x6f, 0x67, 0x79, 0x20, 0x4c, 0x74, 0x64, 0x00, 0x4b, 0x65, 0x79, 0x53, 0x61, 0x66, 0x65,
    0x2d, 0x43, 0x6c, 0x6f, 0x75, 0x64, 0x00, 0x42, 0x55, 0x43, 0x48, 0x49, 0x20, 0x4c, 0x61, 0x62,
    0x6f, 0x72, 0x74, 0x65, 0x63, 0x68, 0x6e, 0x69, 0x6b, 0x20, 0x41, 0x47, 0x00, 0x49, 0x51, 0x41,
    0x69, 0x72, 0x20, 0x41, 0x47, 0x00, 0x54, 0x72, 0x69, 0x61, 0x78, 0x20, 0x54, 0x65, 0x63, 0x68,
    0x6e, 0x6f, 0x6c, 0x6f, 0x67, 0x69, 0x65, 0x73, 0x20, 0x49, 0x6e, 0x63, 0x00, 0x56, 0x75, 0x7a,
    0x69, 0x78, 0x20, 0x43, 0x6f, 0x72, 0x70, 0x6f, 0x72, 0x61, 0x74, 0x69, 0x6f, 0x6e, 0x00, 0x54,
    0x44, 0x4b, 0x20, 0x43, 0x6f, 0x72, 0x70, 0x6f, 0x72, 0x61, 0x74, 0x69, 0x6f, 0x6e, 0x00, 0x42,
    0x6c, 0x75, 0x65, 0x61, 0x69, 0x72, 0x20, 0x41, 0x42, 0x00, 0x53, 0x69, 0x67, 0x6e, 0x69, 0x66,
    0x79, 0x20, 0x4e, 0x65, 0x74, 0x68, 0x65, 0x72, 0x6c, 0x61, 0x6e, 0x64, 0x73, 0x20, 0x42, 0x2e,
    0x56, 0x2e, 0x00, 0x41, 0x44, 0x48, 0x20, 0x47, 0x55, 0x41, 0x52, 0x44, 0x49, 0x41, 0x4e, 0x20,
    0x55, 0x53, 0x41, 0x20, 0x4c, 0x4c, 0x43, 0x00, 0x42, 0x65, 0x75, 0x72, 0x65, 0x72, 0x20, 0x47,
    0x6d, 0x62, 0x48, 0x00, 0x50, 0x6c, 0x61, 0x79, 0x66, 0x69, 0x6e, 0x69, 0x74, 0x79, 0x20, 0x41,
    0x53, 0x00, 0x48, 0x61, 0x6e, 0x73, 0x20, 0x44, 0x69, 0x6e, 0x73, 0x6c, 0x61, 0x67, 0x65, 0x20,
    0x47, 0x6d, 0x62, 0x48, 0x00, 0x4f, 0x6e, 0x41, 0x73, 0x73, 0x65, 0x74, 0x20, 0x49, 0x6e, 0x74,
    0x65, 0x6c, 0x6c, 0x69, 0x67, 0x65, 0x6e, 0x63, 0x65, 0x2c, 0x20, 0x49, 0x6e, 0x63, 0x2e, 0x00,
    0x49, 0x4e, 0x54, 0x45, 0x52, 0x20, 0x41, 0x43, 0x54, 0x49, 0x4f, 0x4e, 0x20, 0x43, 0x6f, 0x72,
    0x70, 0x6f, 0x72, 0x61, 0x74, 0x69, 0x6f, 0x6e, 0x00, 0x4f, 0x53, 0x34, 0x32, 0x20, 0x55, 0x47,
    0x20, 0x28, 0x68, 0x61, 0x66, 0x74, 0x75, 0x6e, 0x67, 0x73, 0x62, 0x65, 0x73, 0x63, 0x68, 0x72,
    0x61, 0x65, 0x6e, 0x6b, 0x74, 0x29, 0x00, 0x41, 0x75, 0x64, 0x69, 0x6f, 0x2d, 0x54, 0x65, 0x63,
    0x68, 0x6e, 0x69, 0x63, 0x61, 0x20, 0x43, 0x6f, 0x72, 0x70, 0x6f, 0x72, 0x61, 0x74, 0x69, 0x6f,
    0x6e, 0x00, 0x53, 0x69, 0x78, 0x20, 0x47, 0x75, 0x79, 0x73, 0x20, 0x4c, 0x61, 0x62, 0x73, 0x2c,
    0x20, 0x73, 0x2e, 0x72, 0x2e, 0x6f, 0x2e, 0x00, 0x52, 0x2e, 0x57, 0x2e, 0x20, 0x42, 0x65, 0x63,
    0x6b, 0x65, 0x74, 0x74, 0x20, 0x43, 0x6f, 0x72, 0x70, 0x6f, 0x72, 0x61, 0x74, 0x69, 0x6f, 0x6e,
    0x00, 0x73, 0x69, 0x6c, 0x65, 0x78, 0x20, 0x74, 0x65, 0x63, 0x68, 0x6e, 0x6f, 0x6c, 0x6f, 0x67,
    0x79, 0x2c, 0x20, 0x69, 0x6e, 0x63, 0x2e, 0x00, 0x55, 0x6e, 0x69, 0x76, 0x61, 0x74, 0x69, 0x6f,
    0x6e, 0x73, 0x20, 0x4c, 0x69, 0x6d, 0x69, 0x74, 0x65, 0x64, 0x00, 0x53, 0x45, 0x4e, 0x53, 0x20,
    0x49, 0x6e, 0x6e, 0x6f, 0x76, 0x61, 0x74, 0x69, 0x6f, 0x6e, 0x20, 0x41, 0x70, 0x53, 0x00, 0x44,
    0x69, 0x61, 0x6d, 0x6f, 0x6e, 0x64, 0x20, 0x4b, 0x69, 0x6e, 0x65, 0x74, 0x69, 0x63, 0x73, 0x2c,
    0x20, 0x49, 0x6e, 0x63, 0x2e, 0x00, 0x50, 0x68, 0x72, 0x61, 0x6d, 0x65, 0x20, 0x49, 0x6e, 0x63,
    0x2e, 0x00, 0x46, 0x6f, 0x72, 0x63, 0x69, 0x6f, 0x74, 0x20, 0x4f, 0x79, 0x00, 0x4e, 0x6f, 0x6f,
    0x72, 0x64, 0x75, 0x6e, 0x67, 0x20, 0x64, 0x2e, 0x6f, 0x2e, 0x6f, 0x2e, 0x00, 0x42, 0x65, 0x61,
    0x6d, 0x20, 0x4c, 0x61, 0x62, 0x73, 0x2c, 0x20, 0x4c, 0x4c, 0x43, 0x00, 0x42, 0x69, 0x6f, 0x76,
    0x6f, 0x74, 0x69, 0x6f, 0x6e, 0x20, 0x41, 0x47, 0x00, 0x53, 0x71, 0x75, 0x61, 0x72, 0x65, 0x20,
    0x50, 0x61, 0x6e, 0x64, 0x61, 0x2c, 0x20, 0x49, 0x6e, 0x63, 0x2e, 0x00, 0x41, 0x6d, 0x70, 0x6c,
    0x69, 0x66, 0x69, 0x63, 0x6f, 0x00, 0x57, 0x45, 0x47, 0x20, 0x53, 0x2e, 0x41, 0x2e, 0x00, 0x45,
    0x6e, 0x73, 0x74, 0x6f, 0x20, 0x4f, 0x79, 0x00, 0x50, 0x48, 0x4f, 0x4e, 0x45, 0x50, 0x45, 0x20,
    0x50, 0x56, 0x54, 0x20, 0x4c, 0x54, 0x44, 0x00, 0x4d, 0x69, 0x6e, 0x65, 0x62, 0x65, 0x61, 0x4d,
    0x69, 0x74, 0x73, 0x75, 0x6d, 0x69, 0x20, 0x49, 0x6e, 0x63, 0x2e, 0x00, 0x41, 0x53, 0x50, 0x69,
    0x6f, 0x6e, 0x20, 0x47, 0x6d, 0x62, 0x48, 0x00, 0x56, 0x6f, 0x73, 0x73, 0x6c, 0x6f, 0x68, 0x2d,
    0x53, 0x63, 0x68, 0x77, 0x61, 0x62, 0x65, 0x20, 0x44, 0x65, 0x75, 0x74, 0x73, 0x63, 0x68, 0x6c,
    0x61, 0x6e, 0x64, 0x20, 0x47, 0x6d, 0x62, 0x48, 0x00, 0x50, 0x72, 0x6f, 0x63, 0x65, 0x70, 0x74,
    0x00, 0x4f, 0x4e, 0x4b, 0x59, 0x4f, 0x20, 0x43, 0x6f, 0x72, 0x70, 0x6f, 0x72, 0x61, 0x74, 0x69,
    0x6f, 0x6e, 0x00, 0x41, 0x73, 0x74, 0x68, 0x72, 0x65, 0x61, 0x20, 0x44, 0x2e, 0x4f, 0x2e, 0x4f,
    0x2e, 0x00, 0x46, 0x6f, 0x72, 0x74, 0x69, 0x6f, 0x72, 0x69, 0x20, 0x44, 0x65, 0x73, 0x69, 0x67,
    0x6e, 0x20, 0x4c, 0x4c, 0x43, 0x00, 0x48, 0x75, 0x67, 0x6f, 0x20, 0x4d, 0x75, 0x6c, 0x6c, 0x65,
    0x72, 0x20, 0x47, 0x6d, 0x62, 0x48, 0x20, 0x26, 0x20, 0x43, 0x6f, 0x20, 0x4b, 0x47, 0x00, 0x57,
    0x61, 0x6e, 0x67, 0x69, 0x20, 0x4c, 0x61, 0x69, 0x20, 0x50, 0x4c, 0x54, 0x00, 0x46, 0x61, 0x6e,
    0x73, 0x74, 0x65, 0x6c, 0x20, 0x43, 0x6f, 0x72, 0x70, 0x00, 0x43, 0x72, 0x6f, 0x6f, 0x6b, 0x77,
    0x6f, 0x6f, 0x64, 0x00, 0x45, 0x4c, 0x45, 0x43, 0x54, 0x52, 0x4f, 0x4e, 0x49, 0x43, 0x41, 0x20,
    0x49, 0x4e, 0x54, 0x45, 0x47, 0x52, 0x41, 0x4c, 0x20, 0x44, 0x45, 0x20, 0x53, 0x4f, 0x4e, 0x49,
    0x44, 0x4f, 0x20, 0x53, 0x2e, 0x41, 0x2e, 0x00, 0x47, 0x69, 0x50, 0x20, 0x49, 0x6e, 0x6e, 0x6f,
    0x76, 0x61, 0x74, 0x69, 0x6f, 0x6e, 0x20, 0x54, 0x6f, 0x6f, 0x6c, 0x73, 0x20, 0x47, 0x6d, 0x62,
    0x48, 0x00, 0x4c, 0x58, 0x20, 0x53, 0x4f, 0x4c, 0x55, 0x54, 0x49, 0x4f, 0x4e, 0x53, 0x20, 0x50,
    0x54, 0x59, 0x20, 0x4c, 0x49, 0x4d, 0x49, 0x54, 0x45, 0x44, 0x00, 0x53, 0x68, 0x65, 0x6e, 0x7a,
    0x68, 0x65, 0x6e, 0x20, 0x4d, 0x69, 0x6e, 0x65, 0x77, 0x20, 0x54, 0x65, 0x63, 0x68, 0x6e, 0x6f,
    0x6c, 0x6f, 0x67, 0x69, 0x65, 0x73, 0x20, 0x43, 0x6f, 0x2e, 0x2c, 0x20, 0x4c, 0x74, 0x64, 0x2e,
    0x00, 0x50, 0x72, 0x6f, 0x6c, 0x6f, 0x6a, 0x69, 0x6b, 0x20, 0x4c, 0x69, 0x6d, 0x69, 0x74, 0x65,
    0x64, 0x00, 0x4b, 0x72, 0x6f, 0x6d, 0x65, 0x6b, 0x20, 0x47, 0x72, 0x6f, 0x75, 0x70, 0x20, 0x50,
    0x6c, 0x63, 0x00, 0x43, 0x6f, 0x6e, 0x74, 0x65, 0x63, 0x20, 0x4d, 0x65, 0x64, 0x69, 0x63, 0x61,
    0x6c, 0x20, 0x53, 0x79, 0x73, 0x74, 0x65, 0x6d, 0x73, 0x20, 0x43, 0x6f, 0x2e, 0x2c, 0x20, 0x4c,
    0x74, 0x64, 0x2e, 0x00, 0x58, 0x72, 0x61, 0x64, 0x69, 0x6f, 0x20, 0x54, 0x65, 0x63, 0x68, 0x6e,
    0x6f, 0x6c, 0x6f, 0x67, 0x79, 0x20, 0x43, 0x6f, 0x2e, 0x2c, 0x4c, 0x74, 0x64, 0x2e, 0x00, 0x54,
    0x68, 0x65, 0x20, 0x49, 0x6e, 0x64, 0x6f, 0x6f, 0x72, 0x20, 0x4c, 0x61, 0x62, 0x2c, 0x20, 0x4c,
    0x4c, 0x43, 0x00, 0x4c, 0x44, 0x4c, 0x20, 0x54, 0x45, 0x43, 0x48, 0x4e, 0x4f, 0x4c, 0x4f, 0x47,
    0x59, 0x00, 0x44, 0x69, 0x73, 0x68, 0x20, 0x4e, 0x65, 0x74, 0x77, 0x6f, 0x72, 0x6b, 0x20, 0x4c,
    0x4c, 0x43, 0x00, 0x52, 0x65, 0x76, 0x65, 0x6e, 0x75, 0x65, 0x20, 0x43, 0x6f, 0x6c, 0x6c, 0x65,
    0x63, 0x74, 0x69, 0x6f, 0x6e, 0x20, 0x53, 0x79, 0x73, 0x74, 0x65, 0x6d, 0x73, 0x20, 0x46, 0x52,
    0x41, 0x4e, 0x43, 0x45, 0x20, 0x53, 0x41, 0x53, 0x00, 0x42, 0x6c, 0x75, 0x65, 0x74, 0x72, 0x75,
    0x6d, 0x20, 0x54, 0x65, 0x63, 0x68, 0x6e, 0x6f, 0x6c, 0x6f, 0x67, 0x79, 0x20, 0x43, 0x6f, 0x2e,
    0x2c, 0x4c, 0x74, 0x64, 0x00, 0x6d, 0x61, 0x6b, 0x69, 0x74, 0x61, 0x20, 0x63, 0x6f, 0x72, 0x70,
    0x6f, 0x72, 0x61, 0x74, 0x69, 0x6f, 0x6e, 0x00, 0x41, 0x70, 0x6f, 0x67, 0x65, 0x65, 0x20, 0x49,
    0x6e, 0x73, 0x74, 0x72, 0x75, 0x6d, 0x65, 0x6e, 0x74, 0x73, 0x00, 0x42, 0x4d, 0x33, 0x00, 0x53,
    0x47, 0x56, 0x20, 0x47, 0x72, 0x6f, 0x75, 0x70, 0x20, 0x48, 0x6f, 0x6c, 0x64, 0x69, 0x6e, 0x67,
    0x20, 0x47, 0x6d, 0x62, 0x48, 0x20, 0x26, 0x20, 0x43, 0x6f, 0x2e, 0x20, 0x4b, 0x47, 0x00, 0x4d,
    0x45, 0x44, 0x2d, 0x45, 0x4c, 0x00, 0x55, 0x6c, 0x74, 0x75, 0x6e, 0x65, 0x20, 0x54, 0x65, 0x63,
    0x68, 0x6e, 0x6f, 0x6c, 0x6f, 0x67, 0x69, 0x65, 0x73, 0x00, 0x52, 0x79, 0x65, 0x65, 0x78, 0x20,
    0x54, 0x65, 0x63, 0x68, 0x6e, 0x6f, 0x6c, 0x6f, 0x67, 0x79, 0x20, 0x43, 0x6f, 0x2e, 0x2c, 0x4c,
    0x74, 0x64, 0x2e, 0x00, 0x4f, 0x70, 0x65, 0x6e, 0x20, 0x52, 0x65, 0x73, 0x65, 0x61, 0x72, 0x63,
    0x68, 0x20, 0x49, 0x6e, 0x73, 0x74, 0x69, 0x74, 0x75, 0x74, 0x65, 0x2c, 0x20, 0x49, 0x6e, 0x63,
    0x2e, 0x00, 0x53, 0x63, 0x61, 0x6c, 0x65, 0x2d, 0x54, 0x65, 0x63, 0x2c, 0x20, 0x4c, 0x74, 0x64,
    0x00, 0x5a, 0x75, 0x6d, 0x74, 0x6f, 0x62, 0x65, 0x6c, 0x20, 0x47, 0x72, 0x6f, 0x75, 0x70, 0x20,
    0x41, 0x47, 0x00, 0x69, 0x4c, 0x4f, 0x51, 0x20, 0x4f, 0x79, 0x00, 0x4b, 0x52, 0x55, 0x58, 0x57,
    0x6f, 0x72, 0x6b, 0x73, 0x20, 0x54, 0x65, 0x63, 0x68, 0x6e, 0x6f, 0x6c, 0x6f, 0x67, 0x69, 0x65,
    0x73, 0x20, 0x50, 0x72, 0x69, 0x76, 0x61, 0x74, 0x65, 0x20, 0x4c, 0x69, 0x6d, 0x69, 0x74, 0x65,
    0x64, 0x00, 0x44, 0x69, 0x67, 0x69, 0x74, 0x61, 0x6c, 0x20, 0x4d, 0x61, 0x74, 0x74, 0x65, 0x72,
    0x20, 0x50, 0x74, 0x79, 0x20, 0x4c, 0x74, 0x64, 0x00, 0x43, 0x6f, 0x72, 0x61, 0x76, 0x69, 0x6e,
    0x2c, 0x20, 0x49, 0x6e, 0x63, 0x2e, 0x00, 0x53, 0x74, 0x61, 0x73, 0x69, 0x73, 0x20, 0x4c, 0x61,
    0x62, 0x73, 0x2c, 0x20, 0x49, 0x6e, 0x63, 0x2e, 0x00, 0x49, 0x54, 0x5a, 0x20, 0x49, 0x6e, 0x6e,
    0x6f, 0x76, 0x61, 0x74, 0x69, 0x6f, 0x6e, 0x73, 0x2d, 0x20, 0x75, 0x6e, 0x64, 0x20, 0x54, 0x65,
    0x63, 0x68, 0x6e, 0x6f, 0x6c, 0x6f, 0x67, 0x69, 0x65, 0x7a, 0x65, 0x6e, 0x74, 0x72, 0x75, 0x6d,
    0x20, 0x47, 0x6d, 0x62, 0x48, 0x00, 0x4d, 0x65, 0x67, 0x67, 0x69, 0x74, 0x74, 0x20, 0x53, 0x41,
    0x00, 0x4c, 0x65, 0x64, 0x6c, 0x65, 0x6e, 0x73, 0x65, 0x72, 0x20, 0x47, 0x6d, 0x62, 0x48, 0x20,
    0x26, 0x20, 0x43, 0x6f, 0x2e, 0x20, 0x4b, 0x47, 0x00, 0x52, 0x65, 0x6e, 0x69, 0x73, 0x68, 0x61,
    0x77, 0x20, 0x50, 0x4c, 0x43, 0x00, 0x5a, 0x68, 0x75, 0x48, 0x61, 0x69, 0x20, 0x41, 0x64, 0x76,
    0x61, 0x6e, 0x50, 0x72, 0x6f, 0x20, 0x54, 0x65, 0x63, 0x68, 0x6e, 0x6f, 0x6c, 0x6f, 0x67, 0x79,
    0x20, 0x43, 0x6f, 0x6d, 0x70, 0x61, 0x6e, 0x79, 0x20, 0x4c, 0x69, 0x6d, 0x69, 0x74, 0x65, 0x64,
    0x00, 0x4d, 0x65, 0x73, 0x68, 0x74, 0x72, 0x6f, 0x6e, 0x69, 0x78, 0x20, 0x4c, 0x69, 0x6d, 0x69,
    0x74, 0x65, 0x64, 0x00, 0x50, 0x61, 0x79, 0x65, 0x78, 0x20, 0x4e, 0x6f, 0x72, 0x67, 0x65, 0x20,
    0x41, 0x53, 0x00, 0x55, 0x6e, 0x53, 0x65, 0x65, 0x6e, 0x20, 0x54, 0x65, 0x63, 0x68, 0x6e, 0x6f,
    0x6c, 0x6f, 0x67, 0x69, 0x65, 0x73, 0x20, 0x4f, 0x79, 0x00, 0x4d, 0x61, 0x72, 0x73, 0x68, 0x61,
    0x6c, 0x6c, 0x20, 0x47, 0x72, 0x6f, 0x75, 0x70, 0x20, 0x41, 0x42, 0x00, 0x53, 0x65, 0x73, 0x61,
    0x6d, 0x20, 0x53, 0x6f, 0x6c, 0x75, 0x74, 0x69, 0x6f, 0x6e, 0x73, 0x20, 0x42, 0x56, 0x00, 0x50,
    0x69, 0x78, 0x41, 0x72, 0x74, 0x20, 0x49, 0x6d, 0x61, 0x67, 0x69, 0x6e, 0x67, 0x20, 0x49, 0x6e,
    0x63, 0x2e, 0x00, 0x50, 0x61, 0x6e, 0x64, 0x75, 0x69, 0x74, 0x20, 0x43, 0x6f, 0x72, 0x70, 0x2e,
    0x00, 0x41, 0x6c, 0x6f, 0x20, 0x41, 0x42, 0x00, 0x52, 0x69, 0x63, 0x6f, 0x68, 0x20, 0x43, 0x6f,
    0x6d, 0x70, 0x61, 0x6e, 0x79, 0x20, 0x4c, 0x74, 0x64, 0x00, 0x52, 0x54, 0x43, 0x20, 0x49, 0x6e,
    0x64, 0x75, 0x73, 0x74, 0x72, 0x69, 0x65, 0x73, 0x2c, 0x20, 0x49, 0x6e, 0x63, 0x2e, 0x00, 0x4d,
    0x6f, 0x64, 0x65, 0x20, 0x4c, 0x69, 0x67, 0x68, 0x74, 0x69, 0x6e, 0x67, 0x20, 0x4c, 0x69, 0x6d,
    0x69, 0x74, 0x65, 0x64, 0x00, 0x50, 0x61, 0x72, 0x74, 0x69, 0x63, 0x6c, 0x65, 0x20, 0x49, 0x6e,
    0x64, 0x75, 0x73, 0x74, 0x72, 0x69, 0x65, 0x73, 0x2c, 0x20, 0x49, 0x6e, 0x63, 0x2e, 0x00, 0x41,
    0x64, 0x76, 0x61, 0x6e, 0x63, 0x65, 0x64, 0x20, 0x54, 0x65, 0x6c, 0x65, 0x6d, 0x65, 0x74, 0x72,
    0x79, 0x20, 0x53, 0x79, 0x73, 0x74, 0x65, 0x6d, 0x73, 0x2c, 0x20, 0x49, 0x6e, 0x63, 0x2e, 0x00,
    0x52, 0x48, 0x41, 0x20, 0x54, 0x45, 0x43, 0x48, 0x4e, 0x4f, 0x4c, 0x4f, 0x47, 0x49, 0x45, 0x53,
    0x20, 0x4c, 0x54, 0x44, 0x00, 0x50, 0x75, 0x72, 0x65, 0x20, 0x49, 0x6e, 0x74, 0x65, 0x72, 0x6e,
    0x61, 0x74, 0x69, 0x6f, 0x6e, 0x61, 0x6c, 0x20, 0x4c, 0x69, 0x6d, 0x69, 0x74, 0x65, 0x64, 0x00,
    0x57, 0x54, 0x4f, 0x20, 0x57, 0x65, 0x72, 0x6b, 0x7a, 0x65, 0x75, 0x67, 0x2d, 0x45, 0x69, 0x6e,
    0x72, 0x69, 0x63, 0x68, 0x74, 0x75, 0x6e, 0x67, 0x65, 0x6e, 0x20, 0x47, 0x6d, 0x62, 0x48, 0x00,
    0x42, 0x6c, 0x65, 0x62, 0x20, 0x54, 0x65, 0x63, 0x68, 0x6e, 0x6f, 0x6c, 0x6f, 0x67, 0x79, 0x20,
    0x73, 0x72, 0x6c, 0x00, 0x4c, 0x69, 0x76, 0x61, 0x6e, 0x6f, 0x76, 0x61, 0x20, 0x55, 0x53, 0x41,
    0x2c, 0x20, 0x49, 0x6e, 0x63, 0x2e, 0x00, 0x42, 0x72, 0x61, 0x64, 0x79, 0x20, 0x57, 0x6f, 0x72,
    0x6c, 0x64, 0x77, 0x69, 0x64, 0x65, 0x20, 0x49, 0x6e, 0x63, 0x2e, 0x00, 0x44, 0x65, 0x77, 0x65,
    0x72, 0x74, 0x4f, 0x6b, 0x69, 0x6e, 0x20, 0x47, 0x6d, 0x62, 0x48, 0x00, 0x5a, 0x74, 0x6f, 0x76,
    0x65, 0x20, 0x41, 0x70, 0x53, 0x00, 0x56, 0x65, 0x6e, 0x73, 0x6f, 0x20, 0x45, 0x63, 0x6f, 0x53,
    0x6f, 0x6c, 0x75, 0x74, 0x69, 0x6f, 0x6e, 0x73, 0x20, 0x41, 0x42, 0x00, 0x45, 0x75, 0x72, 0x6f,
    0x74, 0x72, 0x6f, 0x6e, 0x69, 0x6b, 0x20, 0x4b, 0x72, 0x61, 0x6e, 0x6a, 0x20, 0x64, 0x2e, 0x6f,
    0x2e, 0x6f, 0x2e, 0x00, 0x48, 0x75, 0x67, 0x20, 0x54, 0x65, 0x63, 0x68, 0x6e, 0x6f, 0x6c, 0x6f,
    0x67, 0x79, 0x20, 0x4c, 0x74, 0x64, 0x00, 0x47, 0x65, 0x6d, 0x61, 0x20, 0x53, 0x77, 0x69, 0x74,
    0x7a, 0x65, 0x72, 0x6c, 0x61, 0x6e, 0x64, 0x20, 0x47, 0x6d, 0x62, 0x48, 0x00, 0x42, 0x75, 0x7a,
    0x7a, 0x20, 0x50, 0x72, 0x6f, 0x64, 0x75, 0x63, 0x74, 0x73, 0x20, 0x4c, 0x74, 0x64, 0x2e, 0x00,
    0x4b, 0x6f, 0x70, 0x69, 0x00, 0x49, 0x6e, 0x6e, 0x6f, 0x76, 0x61, 0x20, 0x49, 0x64, 0x65, 0x61,
    0x73, 0x20, 0x4c, 0x69, 0x6d, 0x69, 0x74, 0x65, 0x64, 0x00, 0x42, 0x65, 0x53, 0x70, 0x6f, 0x6f,
    0x6e, 0x00, 0x45, 0x78, 0x70, 0x61, 0x69, 0x20, 0x53, 0x6f, 0x6c, 0x75, 0x74, 0x69, 0x6f, 0x6e,
    0x73, 0x20, 0x50, 0x72, 0x69, 0x76, 0x61, 0x74, 0x65, 0x20, 0x4c, 0x69, 0x6d, 0x69, 0x74, 0x65,
    0x64, 0x00, 0x49, 0x6e, 0x6e, 0x6f, 0x76, 0x61, 0x74, 0x69, 0x6f, 0x6e, 0x20, 0x46, 0x69, 0x72,
    0x73, 0x74, 0x2c, 0x20, 0x49, 0x6e, 0x63, 0x2e, 0x00, 0x53, 0x41, 0x42, 0x49, 0x4b, 0x20, 0x4f,
    0x66, 0x66, 0x73, 0x68, 0x6f, 0x72, 0x65, 0x20, 0x47, 0x6d, 0x62, 0x48, 0x00, 0x34, 0x69, 0x69,
    0x69, 0x69, 0x20, 0x49, 0x6e, 0x6e, 0x6f, 0x76, 0x61, 0x74, 0x69, 0x6f, 0x6e, 0x73, 0x20, 0x49,
    0x6e, 0x63, 0x2e, 0x00, 0x54, 0x68, 0x65, 0x20, 0x45, 0x6e, 0x65, 0x72, 0x67, 0x79, 0x20, 0x43,
    0x6f, 0x6e, 0x73, 0x65, 0x72, 0x76, 0x61, 0x74, 0x6f, 0x72, 0x79, 0x2c, 0x20, 0x49, 0x6e, 0x63,
    0x2e, 0x00, 0x49, 0x2e, 0x46, 0x41, 0x52, 0x4d, 0x2c, 0x20, 0x49, 0x4e, 0x43, 0x2e, 0x00, 0x54,
    0x69, 0x6c, 0x65, 0x2c, 0x20, 0x49, 0x6e, 0x63, 0x2e, 0x00, 0x46, 0x6f, 0x72, 0x6d, 0x20, 0x41,
    0x74, 0x68, 0x6c, 0x65, 0x74, 0x69, 0x63, 0x61, 0x20, 0x49, 0x6e, 0x63, 0x2e, 0x00, 0x4e, 0x45,
    0x54, 0x47, 0x52, 0x49, 0x44, 0x20, 0x53, 0x2e, 0x4e, 0x2e, 0x43, 0x2e, 0x20, 0x44, 0x49, 0x20,
    0x42, 0x49, 0x53, 0x53, 0x4f, 0x4c, 0x49, 0x20, 0x4d, 0x41, 0x54, 0x54, 0x45, 0x4f, 0x2c, 0x20,
    0x43, 0x41, 0x4d, 0x50, 0x4f, 0x52, 0x45, 0x41, 0x4c, 0x45, 0x20, 0x53, 0x49, 0x4d, 0x4f, 0x4e,
    0x45, 0x2c, 0x20, 0x54, 0x4f, 0x47, 0x4e, 0x45, 0x54, 0x54, 0x49, 0x20, 0x46, 0x45, 0x44, 0x45,
    0x52, 0x49, 0x43, 0x4f, 0x00, 0x4d, 0x61, 0x6e, 0x6e, 0x6b, 0x69, 0x6e, 0x64, 0x20, 0x43, 0x6f,
    0x72, 0x70, 0x6f, 0x72, 0x61, 0x74, 0x69, 0x6f, 0x6e, 0x00, 0x54, 0x72, 0x61, 0x64, 0x65, 0x20,
    0x46, 0x49, 0x44, 0x45, 0x53, 0x20, 0x61, 0x2e, 0x73, 0x2e, 0x00, 0x50, 0x68, 0x6f, 0x74, 0x72,
    0x6f, 0x6e, 0x20, 0x4c, 0x69, 0x6d, 0x69, 0x74, 0x65, 0x64, 0x00, 0x45, 0x6c, 0x74, 0x61, 0x6b,
    0x6f, 0x20, 0x47, 0x6d, 0x62, 0x48, 0x00, 0x44, 0x65, 0x72, 0x6d, 0x61, 0x6c, 0x61, 0x70, 0x70,
    0x73, 0x2c, 0x20, 0x4c, 0x4c, 0x43, 0x00, 0x47, 0x72, 0x65, 0x65, 0x6e, 0x77, 0x61, 0x6c, 0x64,
    0x20, 0x49, 0x6e, 0x64, 0x75, 0x73, 0x74, 0x72, 0x69, 0x65, 0x73, 0x00, 0x69, 0x6e, 0x51, 0x73,
    0x20, 0x43, 0x6f, 0x2e, 0x2c, 0x20, 0x4c, 0x74, 0x64, 0x2e, 0x00, 0x43, 0x68, 0x65, 0x72, 0x72,
    0x79, 0x20, 0x47, 0x6d, 0x62, 0x48, 0x00, 0x41, 0x6d, 0x73, 0x74, 0x65, 0x64, 0x20, 0x44, 0x69,
    0x67, 0x69, 0x74, 0x61, 0x6c, 0x20, 0x53, 0x6f, 0x6c, 0x75, 0x74, 0x69, 0x6f, 0x6e, 0x73, 0x20,
    0x49, 0x6e, 0x63, 0x2e, 0x00, 0x54, 0x61, 0x63, 0x78, 0x20, 0x62, 0x2e, 0x76, 0x2e, 0x00, 0x52,
    0x61, 0x79, 0x74, 0x61, 0x63, 0x20, 0x43, 0x6f, 0x72, 0x70, 0x6f, 0x72, 0x61, 0x74, 0x69, 0x6f,
    0x6e, 0x00, 0x4a, 0x69, 0x61, 0x6e, 0x67, 0x73, 0x75, 0x20, 0x54, 0x65, 0x72, 0x61, 0x6e, 0x6f,
    0x76, 0x6f, 0x20, 0x54, 0x65, 0x63, 0x68, 0x20, 0x43, 0x6f, 0x2e, 0x2c, 0x20, 0x4c, 0x74, 0x64,
    0x2e, 0x00, 0x52, 0x61, 0x7a, 0x65, 0x72, 0x20, 0x49, 0x6e, 0x63, 0x2e, 0x00, 0x4a, 0x52, 0x4d,
    0x20, 0x47, 0x72, 0x6f, 0x75, 0x70, 0x20, 0x4c, 0x69, 0x6d, 0x69, 0x74, 0x65, 0x64, 0x00, 0x45,
    0x63, 0x63, 0x72, 0x69, 0x6e, 0x65, 0x20, 0x53, 0x79, 0x73, 0x74, 0x65, 0x6d, 0x73, 0x2c, 0x20,
    0x49, 0x6e, 0x63, 0x2e, 0x00, 0x43, 0x75, 0x72, 0x69, 0x65, 0x20, 0x50, 0x6f, 0x69, 0x6e, 0x74,
    0x20, 0x41, 0x42, 0x00, 0x47, 0x65, 0x6f, 0x72, 0x67, 0x20, 0x46, 0x69, 0x73, 0x63, 0x68, 0x65,
    0x72, 0x20, 0x41, 0x47, 0x00, 0x48, 0x61, 0x63, 0x68, 0x20, 0x2d, 0x20, 0x44, 0x61, 0x6e, 0x61,
    0x68, 0x65, 0x72, 0x00, 0x54, 0x26, 0x41, 0x20, 0x4c, 0x61, 0x62, 0x6f, 0x72, 0x61, 0x74, 0x6f,
    0x72, 0x69, 0x65, 0x73, 0x20, 0x4c, 0x4c, 0x43, 0x00, 0x4b, 0x6f, 0x6b, 0x69, 0x20, 0x48, 0x6f,
    0x6c, 0x64, 0x69, 0x6e, 0x67, 0x73, 0x20, 0x43, 0x6f, 0x2e, 0x2c, 0x20, 0x4c, 0x74, 0x64, 0x2e,
    0x00, 0x47, 0x75, 0x6e, 0x61, 0x6b, 0x61, 0x72, 0x20, 0x50, 0x72, 0x69, 0x76, 0x61, 0x74, 0x65,
    0x20, 0x4c, 0x69, 0x6d, 0x69, 0x74, 0x65, 0x64, 0x00, 0x53, 0x74, 0x65, 0x6d, 0x63, 0x6f, 0x20,
    0x50, 0x72, 0x6f, 0x64, 0x75, 0x63, 0x74, 0x73, 0x20, 0x49, 0x6e, 0x63, 0x00, 0x57, 0x6f, 0x6f,
    0x64, 0x20, 0x49, 0x54, 0x20, 0x53, 0x65, 0x63, 0x75, 0x72, 0x69, 0x74, 0x79, 0x2c, 0x20, 0x4c,
    0x4c, 0x43, 0x00, 0x52, 0x61, 0x6e, 0x64, 0x6f, 0x6d, 0x4c, 0x61, 0x62, 0x20, 0x53, 0x41, 0x53,
    0x00, 0x41, 0x64, 0x65, 0x72, 0x6f, 0x2c, 0x20, 0x49, 0x6e, 0x63, 0x2e, 0x00, 0x44, 0x72, 0x61,
    0x67, 0x6f, 0x6e, 0x63, 0x68, 0x69, 0x70, 0x20, 0x4c, 0x69, 0x6d, 0x69, 0x74, 0x65, 0x64, 0x00,
    0x4e, 0x6f, 0x6f, 0x6d, 0x69, 0x20, 0x41, 0x42, 0x00, 0x44, 0x65, 0x6c, 0x74, 0x61, 0x20, 0x45,
    0x6c, 0x65, 0x63, 0x74, 0x72, 0x6f, 0x6e, 0x69, 0x63, 0x73, 0x2c, 0x20, 0x49, 0x6e, 0x63, 0x2e,
    0x00, 0x46, 0x6c, 0x6f, 0x77, 0x4d, 0x6f, 0x74, 0x69, 0x6f, 0x6e, 0x20, 0x54, 0x65, 0x63, 0x68,
    0x6e, 0x6f, 0x6c, 0x6f, 0x67, 0x69, 0x65, 0x73, 0x20, 0x41, 0x53, 0x00, 0x4f, 0x42, 0x49, 0x51,
    0x20, 0x4c, 0x6f, 0x63, 0x61, 0x74, 0x69, 0x6f, 0x6e, 0x20, 0x54, 0x65, 0x63, 0x68, 0x6e, 0x6f,
    0x6c, 0x6f, 0x67, 0x79, 0x20, 0x49, 0x6e, 0x63, 0x2e, 0x00, 0x43, 0x61, 0x72, 0x64, 0x6f, 0x20,
    0x53, 0x79, 0x73, 0x74, 0x65, 0x6d, 0x73, 0x2c, 0x20, 0x4c, 0x74, 0x64, 0x00, 0x47, 0x6c, 0x6f,
    0x62, 0x61, 0x6c, 0x77, 0x6f, 0x72, 0x78, 0x20, 0x47, 0x6d, 0x62, 0x48, 0x00, 0x4e, 0x79, 0x6d,
    0x62, 0x75, 0x73, 0x2c, 0x20, 0x4c, 0x4c, 0x43, 0x00, 0x4c, 0x49, 0x4d, 0x4e, 0x4f, 0x20, 0x43,
    0x6f, 0x2e, 0x20, 0x4c, 0x74, 0x64, 0x2e, 0x00, 0x54, 0x45, 0x4b, 0x5a, 0x49, 0x54, 0x45, 0x4c,
    0x20, 0x50, 0x54, 0x59, 0x20, 0x4c, 0x54, 0x44, 0x00, 0x52, 0x6f, 0x61, 0x6d, 0x62, 0x65, 0x65,
    0x20, 0x43, 0x6f, 0x72, 0x70, 0x6f, 0x72, 0x61, 0x74, 0x69, 0x6f, 0x6e, 0x00, 0x43, 0x68, 0x69,
    0x70, 0x73, 0x65, 0x61, 0x20, 0x54, 0x65, 0x63, 0x68, 0x6e, 0x6f, 0x6c, 0x6f, 0x67, 0x69, 0x65,
    0x73, 0x20, 0x28, 0x53, 0x68, 0x65, 0x6e, 0x5a, 0x68, 0x65, 0x6e, 0x29, 0x20, 0x43, 0x6f, 0x72,
    0x70, 0x2e, 0x00, 0x47, 0x44, 0x20, 0x4d, 0x69, 0x64, 0x65, 0x61, 0x20, 0x41, 0x69, 0x72, 0x2d,
    0x43, 0x6f, 0x6e, 0x64, 0x69, 0x74, 0x69, 0x6f, 0x6e, 0x69, 0x6e, 0x67, 0x20, 0x45, 0x71, 0x75,
    0x69, 0x70, 0x6d, 0x65, 0x6e, 0x74, 0x20, 0x43, 0x6f, 0x2e, 0x2c, 0x20, 0x4c, 0x74, 0x64, 0x2e,
    0x00, 0x53, 0x6f, 0x75, 0x6e, 0x64, 0x6d, 0x61, 0x78, 0x20, 0x45, 0x6c, 0x65, 0x63, 0x74, 0x72,
    0x6f, 0x6e, 0x69, 0x63, 0x73, 0x20, 0x4c, 0x69, 0x6d, 0x69, 0x74, 0x65, 0x64, 0x00, 0x50, 0x72,
    0x6f, 0x64, 0x75, 0x61, 0x6c, 0x20, 0x4f, 0x79, 0x00, 0x48, 0x4d, 0x53, 0x20, 0x49, 0x6e, 0x64,
    0x75, 0x73, 0x74, 0x72, 0x69, 0x61, 0x6c, 0x20, 0x4e, 0x65, 0x74, 0x77, 0x6f, 0x72, 0x6b, 0x73,
    0x20, 0x41, 0x42, 0x00, 0x49, 0x6e, 0x67, 0x63, 0x68, 0x69, 0x70, 0x73, 0x20, 0x54, 0x65, 0x63,
    0x68, 0x6e, 0x6f, 0x6c, 0x6f, 0x67, 0x79, 0x20, 0x43, 0x6f, 0x2e, 0x2c, 0x20, 0x4c, 0x74, 0x64,
    0x2e, 0x00, 0x49, 0x6e, 0x6e, 0x6f, 0x76, 0x61, 0x53, 0x65, 0x61, 0x20, 0x53, 0x79, 0x73, 0x74,
    0x65, 0x6d, 0x73, 0x20, 0x49, 0x6e, 0x63, 0x2e, 0x00, 0x53, 0x65, 0x6e, 0x73, 0x65, 0x51, 0x20,
    0x49, 0x6e, 0x63, 0x2e, 0x00, 0x53, 0x68, 0x6f, 0x6f, 0x66, 0x20, 0x54, 0x65, 0x63, 0x68, 0x6e,
    0x6f, 0x6c, 0x6f, 0x67, 0x69, 0x65, 0x73, 0x00, 0x42, 0x52, 0x4b, 0x20, 0x42, 0x72, 0x61, 0x6e,
    0x64, 0x73, 0x2c, 0x20, 0x49, 0x6e, 0x63, 0x2e, 0x00, 0x53, 0x69, 0x6d, 0x70, 0x6c, 0x69, 0x53,
    0x61, 0x66, 0x65, 0x2c, 0x20, 0x49, 0x6e, 0x63, 0x2e, 0x00, 0x54, 0x75, 0x73, 0x73, 0x6f, 0x63,
    0x6b, 0x20, 0x49, 0x6e, 0x6e, 0x6f, 0x76, 0x61, 0x74, 0x69, 0x6f, 0x6e, 0x20, 0x32, 0x30, 0x31,
    0x33, 0x20, 0x4c, 0x69, 0x6d, 0x69, 0x74, 0x65, 0x64, 0x00, 0x53, 0x65, 0x6e, 0x63, 0x69, 0x6c,
    0x69, 0x6f, 0x6e, 0x20, 0x4f, 0x79, 0x00, 0x57, 0x61, 0x62, 0x69, 0x6c, 0x6f, 0x67, 0x69, 0x63,
    0x20, 0x4c, 0x74, 0x64, 0x2e, 0x00, 0x53, 0x6f, 0x63, 0x69, 0x6f, 0x6d, 0x65, 0x74, 0x72, 0x69,
    0x63, 0x20, 0x53, 0x6f, 0x6c, 0x75, 0x74, 0x69, 0x6f, 0x6e, 0x73, 0x2c, 0x20, 0x49, 0x6e, 0x63,
    0x2e, 0x00, 0x69, 0x43, 0x4f, 0x47, 0x4e, 0x49, 0x5a, 0x45, 0x20, 0x47, 0x6d, 0x62, 0x48, 0x00,
    0x53, 0x68, 0x61, 0x64, 0x65, 0x43, 0x72, 0x61, 0x66, 0x74, 0x2c, 0x20, 0x49, 0x6e, 0x63, 0x00,
    0x42, 0x65, 0x66, 0x6c, 0x65, 0x78, 0x20, 0x49, 0x6e, 0x63, 0x2e, 0x00, 0x42, 0x65, 0x61, 0x63,
    0x6f, 0x6e, 0x7a, 0x6f, 0x6e, 0x65, 0x20, 0x4c, 0x74, 0x64, 0x00, 0x4c, 0x65, 0x61, 0x66, 0x74,
    0x72, 0x6f, 0x6e, 0x69, 0x78, 0x20, 0x41, 0x6e, 0x61, 0x6c, 0x6f, 0x67, 0x69, 0x63, 0x20, 0x53,
    0x6f, 0x6c, 0x75, 0x74, 0x69, 0x6f, 0x6e, 0x73, 0x20, 0x50, 0x72, 0x69, 0x76, 0x61, 0x74, 0x65,
    0x20, 0x4c, 0x69, 0x6d, 0x69, 0x74, 0x65, 0x64, 0x00, 0x54, 0x57, 0x53, 0x20, 0x53, 0x72, 0x6c,
    0x00, 0x41, 0x42, 0x42, 0x20, 0x4f, 0x79, 0x00, 0x48, 0x69, 0x74, 0x53, 0x65, 0x65, 0x64, 0x20,
    0x4f, 0x79, 0x00, 0x43, 0x41, 0x4d, 0x45, 0x20, 0x53, 0x2e, 0x70, 0x2e, 0x41, 0x2e, 0x00, 0x41,
    0x6c, 0x61, 0x72, 0x6d, 0x2e, 0x63, 0x6f, 0x6d, 0x20, 0x48, 0x6f, 0x6c, 0x64, 0x69, 0x6e, 0x67,
    0x73, 0x2c, 0x20, 0x49, 0x6e, 0x63, 0x00, 0x4d, 0x65, 0x61, 0x73, 0x75, 0x72, 0x6c, 0x6f, 0x67,
    0x69, 0x63, 0x20, 0x49, 0x6e, 0x63, 0x2e, 0x00, 0x4b, 0x69, 0x6e, 0x67, 0x20, 0x49, 0x20, 0x45,
    0x6c, 0x65, 0x63, 0x74, 0x72, 0x6f, 0x6e, 0x69, 0x63, 0x73, 0x2e, 0x43, 0x6f, 0x2e, 0x2c, 0x4c,
    0x74, 0x64, 0x00, 0x44, 0x72, 0x65, 0x61, 0x6d, 0x20, 0x4c, 0x61, 0x62, 0x73, 0x20, 0x47, 0x6d,
    0x62, 0x48, 0x00, 0x55, 0x72, 0x62, 0x61, 0x6e, 0x20, 0x43, 0x6f, 0x6d, 0x70, 0x61, 0x73, 0x73,
    0x2c, 0x20, 0x49, 0x6e, 0x63, 0x00, 0x53, 0x69, 0x6d, 0x6d, 0x20, 0x54, 0x72, 0x6f, 0x6e, 0x69,
    0x63, 0x20, 0x4c, 0x69, 0x6d, 0x69, 0x74, 0x65, 0x64, 0x00, 0x53, 0x74, 0x6f, 0x72, 0x7a, 0x20,
    0x26, 0x20, 0x42, 0x69, 0x63, 0x6b, 0x65, 0x6c, 0x20, 0x47, 0x6d, 0x62, 0x48, 0x20, 0x26, 0x20,
    0x43, 0x6f, 0x2e, 0x20, 0x4b, 0x47, 0x00, 0x4d, 0x59, 0x4c, 0x41, 0x50, 0x53, 0x20, 0x42, 0x2e,
    0x56, 0x2e, 0x00, 0x53, 0x68, 0x65, 0x6e, 0x7a, 0x68, 0x65, 0x6e, 0x20, 0x5a, 0x68, 0x6f, 0x6e,
    0x67, 0x67, 0x75, 0x61, 0x6e, 0x67, 0x20, 0x49, 0x6e, 0x66, 0x6f, 0x74, 0x65, 0x63, 0x68, 0x20,
    0x54, 0x65, 0x63, 0x68, 0x6e, 0x6f, 0x6c, 0x6f, 0x67, 0x79, 0x20, 0x44, 0x65, 0x76, 0x65, 0x6c,
    0x6f, 0x70, 0x6d, 0x65, 0x6e, 0x74, 0x20, 0x43, 0x6f, 0x2e, 0x2c, 0x20, 0x4c, 0x74, 0x64, 0x00,
    0x44, 0x79, 0x65, 0x77, 0x61, 0x72, 0x65, 0x2c, 0x20, 0x4c, 0x4c, 0x43, 0x00, 0x44, 0x6f, 0x6e,
    0x67, 0x67, 0x75, 0x61, 0x6e, 0x20, 0x53, 0x6d, 0x61, 0x72, 0x74, 0x41, 0x63, 0x74, 0x69, 0x6f,
    0x6e, 0x20, 0x54, 0x65, 0x63, 0x68, 0x6e, 0x6f, 0x6c, 0x6f, 0x67, 0x79, 0x20, 0x43, 0x6f, 0x2e,
    0x2c, 0x4c, 0x74, 0x64, 0x2e, 0x00, 0x44, 0x49, 0x47, 0x20, 0x43, 0x6f, 0x72, 0x70, 0x6f, 0x72,
    0x61, 0x74, 0x69, 0x6f, 0x6e, 0x00, 0x46, 0x49, 0x4f, 0x52, 0x20, 0x26, 0x20, 0x47, 0x45, 0x4e,
    0x54, 0x5a, 0x00, 0x45, 0x74, 0x65, 0x6b, 0x63, 0x69, 0x74, 0x79, 0x20, 0x43, 0x6f, 0x72, 0x70,
    0x6f, 0x72, 0x61, 0x74, 0x69, 0x6f, 0x6e, 0x00, 0x4d, 0x65, 0x79, 0x65, 0x72, 0x20, 0x53, 0x6f,
    0x75, 0x6e, 0x64, 0x20, 0x4c, 0x61, 0x62, 0x6f, 0x72, 0x61, 0x74, 0x6f, 0x72, 0x69, 0x65, 0x73,
    0x2c, 0x20, 0x49, 0x6e, 0x63, 0x6f, 0x72, 0x70, 0x6f, 0x72, 0x61, 0x74, 0x65, 0x64, 0x00, 0x43,
    0x65, 0x6f, 0x54, 0x72, 0x6f, 0x6e, 0x69, 0x63, 0x73, 0x20, 0x41, 0x47, 0x00, 0x53, 0x65, 0x6e,
    0x73, 0x69, 0x72, 0x69, 0x6f, 0x6e, 0x20, 0x41, 0x47, 0x00, 0x4a, 0x43, 0x54, 0x20, 0x48, 0x65,
    0x61, 0x6c, 0x74, 0x68, 0x63, 0x61, 0x72, 0x65, 0x20, 0x50, 0x74, 0x79, 0x20, 0x4c, 0x74, 0x64,
    0x00, 0x46, 0x55, 0x42, 0x41, 0x20, 0x41, 0x75, 0x74, 0x6f, 0x6d, 0x6f, 0x74, 0x69, 0x76, 0x65,
    0x20, 0x45, 0x6c, 0x65, 0x63, 0x74, 0x72, 0x6f, 0x6e, 0x69, 0x63, 0x73, 0x20, 0x47, 0x6d, 0x62,
    0x48, 0x00, 0x41, 0x57, 0x20, 0x43, 0x6f, 0x6d, 0x70, 0x61, 0x6e, 0x79, 0x00, 0x53, 0x68, 0x61,
    0x6e, 0x67, 0x68, 0x61, 0x69, 0x20, 0x4d, 0x6f, 0x75, 0x6e, 0x74, 0x61, 0x69, 0x6e, 0x20, 0x56,
    0x69, 0x65, 0x77, 0x20, 0x53, 0x69, 0x6c, 0x69, 0x63, 0x6f, 0x6e, 0x20, 0x43, 0x6f, 0x2e, 0x2c,
    0x4c, 0x74, 0x64, 0x2e, 0x00, 0x5a, 0x6c, 0x69, 0x69, 0x64, 0x65, 0x20, 0x54, 0x65, 0x63, 0x68,
    0x6e, 0x6f, 0x6c, 0x6f, 0x67, 0x69, 0x65, 0x73, 0x20, 0x41, 0x70, 0x53, 0x00, 0x41, 0x75, 0x74,
    0x6f, 0x6d, 0x61, 0x74, 0x69, 0x63, 0x20, 0x4c, 0x61, 0x62, 0x73, 0x2c, 0x20, 0x49, 0x6e, 0x63,
    0x2e, 0x00, 0x49, 0x6e, 0x64, 0x75, 0x73, 0x74, 0x72, 0x69, 0x61, 0x6c, 0x20, 0x4e, 0x65, 0x74,
    0x77, 0x6f, 0x72, 0x6b, 0x20, 0x43, 0x6f, 0x6e, 0x74, 0x72, 0x6f, 0x6c, 0x73, 0x2c, 0x20, 0x4c,
    0x4c, 0x43, 0x00, 0x49, 0x6e, 0x74, 0x65, 0x6c, 0x6c, 0x69, 0x74, 0x68, 0x69, 0x6e, 0x67, 0x73,
    0x20, 0x4c, 0x74, 0x64, 0x2e, 0x00, 0x4e, 0x61, 0x76, 0x63, 0x61, 0x73, 0x74, 0x2c, 0x20, 0x49,
    0x6e, 0x63, 0x2e, 0x00, 0x48, 0x4c, 0x49, 0x20, 0x53, 0x6f, 0x6c, 0x75, 0x74, 0x69, 0x6f, 0x6e,
    0x73, 0x20, 0x49, 0x6e, 0x63, 0x2e, 0x00, 0x41, 0x76, 0x61, 0x79, 0x61, 0x20, 0x49, 0x6e, 0x63,
    0x2e, 0x00, 0x4d, 0x69, 0x6c, 0x65, 0x73, 0x74, 0x6f, 0x6e, 0x65, 0x20, 0x41, 0x56, 0x20, 0x54,
    0x65, 0x63, 0x68, 0x6e, 0x6f, 0x6c, 0x6f, 0x67, 0x69, 0x65, 0x73, 0x20, 0x4c, 0x4c, 0x43, 0x00,
    0x41, 0x6c, 0x61, 0x6e, 0x67, 0x6f, 0x20, 0x54, 0x65, 0x63, 0x68, 0x6e, 0x6f, 0x6c, 0x6f, 0x67,
    0x69, 0x65, 0x73, 0x20, 0x4c, 0x74, 0x64, 0x00, 0x53, 0x70, 0x69, 0x6e, 0x6c, 0x6f, 0x63, 0x6b,
    0x20, 0x4c, 0x74, 0x64, 0x00, 0x41, 0x6c, 0x75, 0x6e, 0x61, 0x00, 0x4f, 0x50, 0x54, 0x45, 0x58,
    0x20, 0x43, 0x4f, 0x2e, 0x2c, 0x4c, 0x54, 0x44, 0x2e, 0x00, 0x4e, 0x49, 0x48, 0x4f, 0x4e, 0x20,
    0x44, 0x45, 0x4e, 0x47, 0x59, 0x4f, 0x20, 0x4b, 0x4f, 0x55, 0x53, 0x41, 0x4b, 0x55, 0x00, 0x56,
    0x45, 0x4c, 0x55, 0x58, 0x20, 0x41, 0x2f, 0x53, 0x00, 0x41, 0x6c, 0x6d, 0x65, 0x6e, 0x64, 0x6f,
    0x20, 0x54, 0x65, 0x63, 0x68, 0x6e, 0x6f, 0x6c, 0x6f, 0x67, 0x69, 0x65, 0x73, 0x20, 0x47, 0x6d,
    0x62, 0x48, 0x00, 0x5a, 0x6d, 0x61, 0x72, 0x74, 0x66, 0x75, 0x6e, 0x20, 0x45, 0x6c, 0x65, 0x63,
    0x74, 0x72, 0x6f, 0x6e, 0x69, 0x63, 0x73, 0x2c, 0x20, 0x49, 0x6e, 0x63, 0x2e, 0x00, 0x53, 0x61,
    0x66, 0x65, 0x4c, 0x69, 0x6e, 0x65, 0x20, 0x53, 0x77, 0x65, 0x64, 0x65, 0x6e, 0x20, 0x41, 0x42,
    0x00, 0x48, 0x6f, 0x75, 0x73, 0x74, 0x6f, 0x6e, 0x20, 0x52, 0x61, 0x64, 0x61, 0x72, 0x20, 0x4c,
    0x4c, 0x43, 0x00, 0x4a, 0x20, 0x4e, 0x65, 0x61, 0x64, 0x65, 0x73, 0x20, 0x4c, 0x74, 0x64, 0x00,
    0x41, 0x4c, 0x43, 0x41, 0x52, 0x45, 0x20, 0x43, 0x6f, 0x2e, 0x2c, 0x20, 0x4c, 0x74, 0x64, 0x2e,
    0x00, 0x43, 0x68, 0x61, 0x72, 0x67, 0x79, 0x20, 0x54, 0x65, 0x63, 0x68, 0x6e, 0x6f, 0x6c, 0x6f,
    0x67, 0x69, 0x65, 0x73, 0x2c, 0x20, 0x53, 0x4c, 0x00, 0x53, 0x68, 0x69, 0x62, 0x75, 0x74, 0x61,
    0x6e, 0x69, 0x20, 0x43, 0x6f, 0x2e, 0x2c, 0x20, 0x4c, 0x74, 0x64, 0x2e, 0x00, 0x54, 0x72, 0x61,
    0x70, 0x70, 0x65, 0x72, 0x20, 0x44, 0x61, 0x74, 0x61, 0x20, 0x41, 0x42, 0x00, 0x41, 0x6c, 0x66,
    0x72, 0x65, 0x64, 0x20, 0x49, 0x6e, 0x74, 0x65, 0x72, 0x6e, 0x61, 0x74, 0x69, 0x6f, 0x6e, 0x61,
    0x6c, 0x20, 0x49, 0x6e, 0x63, 0x2e, 0x00, 0x54, 0x6f, 0x75, 0x63, 0x68, 0xc3, 0xa9, 0x20, 0x54,
    0x65, 0x63, 0x68, 0x6e, 0x6f, 0x6c, 0x6f, 0x67, 0x79, 0x20, 0x4c, 0x74, 0x64, 0x00, 0x56, 0x69,
    0x67, 0x69, 0x6c, 0x20, 0x54, 0x65, 0x63, 0x68, 0x6e, 0x6f, 0x6c, 0x6f, 0x67, 0x69, 0x65, 0x73,
    0x20, 0x49, 0x6e, 0x63, 0x2e, 0x00, 0x56, 0x69, 0x74, 0x75, 0x6c, 0x6f, 0x20, 0x50, 0x6c, 0x75,
    0x73, 0x20, 0x42, 0x56, 0x00, 0x57, 0x49, 0x4c, 0x4b, 0x41, 0x20, 0x53, 0x63, 0x68, 0x6c, 0x69,
    0x65, 0x73, 0x73, 0x74, 0x65, 0x63, 0x68, 0x6e, 0x69, 0x6b, 0x20, 0x47, 0x6d, 0x62, 0x48, 0x00,
    0x42, 0x6f, 0x64, 0x79, 0x50, 0x6c, 0x75, 0x73, 0x20, 0x54, 0x65, 0x63, 0x68, 0x6e, 0x6f, 0x6c,
    0x6f, 0x67, 0x79, 0x20, 0x43, 0x6f, 0x2e, 0x2c, 0x4c, 0x74, 0x64, 0x00, 0x68, 0x61, 0x70, 0x70,
    0x79, 0x62, 0x72, 0x75, 0x73, 0x68, 0x20, 0x47, 0x6d, 0x62, 0x48, 0x00, 0x45, 0x6e, 0x65, 0x71,
    0x75, 0x69, 0x20, 0x41, 0x42, 0x00, 0x53, 0x61, 0x72, 0x74, 0x6f, 0x72, 0x69, 0x75, 0x73, 0x20,
    0x41, 0x47, 0x00, 0x54, 0x6f, 0x6d, 0x20, 0x43, 0x6f, 0x6d, 0x6d, 0x75, 0x6e, 0x69, 0x63, 0x61,
    0x74, 0x69, 0x6f, 0x6e, 0x20, 0x49, 0x6e, 0x64, 0x75, 0x73, 0x74, 0x72, 0x69, 0x61, 0x6c, 0x20,
    0x43, 0x6f, 0x2e, 0x2c, 0x4c, 0x74, 0x64, 0x2e, 0x00, 0x45, 0x53, 0x53, 0x20, 0x45, 0x6d, 0x62,
    0x65, 0x64, 0x64, 0x65, 0x64, 0x20, 0x53, 0x79, 0x73, 0x74, 0x65, 0x6d, 0x20, 0x53, 0x6f, 0x6c,
    0x75, 0x74, 0x69, 0x6f, 0x6e, 0x73, 0x20, 0x49, 0x6e, 0x63, 0x2e, 0x00, 0x4d, 0x61, 0x68, 0x72,
    0x20, 0x47, 0x6d, 0x62, 0x48, 0x00, 0x52, 0x65, 0x64, 0x70, 0x69, 0x6e, 0x65, 0x20, 0x53, 0x69,
    0x67, 0x6e, 0x61, 0x6c, 0x73, 0x20, 0x49, 0x6e, 0x63, 0x00, 0x54, 0x72, 0x61, 0x71, 0x46, 0x72,
    0x65, 0x71, 0x20, 0x4c, 0x4c, 0x43, 0x00, 0x50, 0x41, 0x46, 0x45, 0x52, 0x53, 0x20, 0x54, 0x45,
    0x43, 0x48, 0x00, 0x41, 0x6b, 0x63, 0x69, 0x6a, 0x75, 0x20, 0x73, 0x61, 0x62, 0x69, 0x65, 0x64,
    0x72, 0x69, 0x62, 0x61, 0x20, 0x22, 0x53, 0x41, 0x46, 0x20, 0x54, 0x45, 0x48, 0x4e, 0x49, 0x4b,
    0x41, 0x22, 0x00, 0x42, 0x65, 0x69, 0x6a, 0x69, 0x6e, 0x67, 0x20, 0x4a, 0x69, 0x6e, 0x67, 0x64,
    0x6f, 0x6e, 0x67, 0x20, 0x43, 0x65, 0x6e, 0x74, 0x75, 0x72, 0x79, 0x20, 0x54, 0x72, 0x61, 0x64,
    0x69, 0x6e, 0x67, 0x20, 0x43, 0x6f, 0x2e, 0x2c, 0x20, 0x4c, 0x74, 0x64, 0x2e, 0x00, 0x4a, 0x42,
    0x58, 0x20, 0x44, 0x65, 0x73, 0x69, 0x67, 0x6e, 0x73, 0x20, 0x49, 0x6e, 0x63, 0x2e, 0x00, 0x41,
    0x42, 0x20, 0x45, 0x6c, 0x65, 0x63, 0x74, 0x72, 0x6f, 0x6c, 0x75, 0x78, 0x00, 0x57, 0x65, 0x72,
    0x6e, 0x68, 0x65, 0x72, 0x20, 0x76, 0x6f, 0x6e, 0x20, 0x42, 0x72, 0x61, 0x75, 0x6e, 0x20, 0x43,
    0x65, 0x6e, 0x74, 0x65, 0x72, 0x20, 0x66, 0x6f, 0x72, 0x20, 0x41, 0x53, 0x64, 0x76, 0x61, 0x6e,
    0x63, 0x65, 0x64, 0x20, 0x52, 0x65, 0x73, 0x65, 0x61, 0x72, 0x63, 0x68, 0x00, 0x45, 0x73, 0x73,
    0x69, 0x74, 0x79, 0x20, 0x48, 0x79, 0x67, 0x69, 0x65, 0x6e, 0x65, 0x20, 0x61, 0x6e, 0x64, 0x20,
    0x48, 0x65, 0x61, 0x6c, 0x74, 0x68, 0x20, 0x41, 0x6b, 0x74, 0x69, 0x65, 0x62, 0x6f, 0x6c, 0x61,
    0x67, 0x00, 0x42, 0x65, 0x20, 0x49, 0x6e, 0x74, 0x65, 0x72, 0x61, 0x63, 0x74, 0x69, 0x76, 0x65,
    0x20, 0x43, 0x6f, 0x2e, 0x2c, 0x20, 0x4c, 0x74, 0x64, 0x00, 0x43, 0x61, 0x72, 0x65, 0x77, 0x65,
    0x61, 0x72, 0x20, 0x43, 0x6f, 0x72, 0x70, 0x2e, 0x00, 0x45, 0x6c, 0x65, 0x6d, 0x65, 0x6e, 0x74,
    0x20, 0x50, 0x72, 0x6f, 0x64, 0x75, 0x63, 0x74, 0x73, 0x2c, 0x20, 0x49, 0x6e, 0x63, 0x2e, 0x00,
    0x42, 0x65, 0x69, 0x6a, 0x69, 0x6e, 0x67, 0x20, 0x57, 0x69, 0x6e, 0x6e, 0x65, 0x72, 0x20, 0x4d,
    0x69, 0x63, 0x72, 0x6f, 0x65, 0x6c, 0x65, 0x63, 0x74, 0x72, 0x6f, 0x6e, 0x69, 0x63, 0x73, 0x20,
    0x43, 0x6f, 0x2e, 0x2c, 0x4c, 0x74, 0x64, 0x00, 0x53, 0x6d, 0x61, 0x72, 0x74, 0x53, 0x6e, 0x75,
    0x67, 0x67, 0x20, 0x50, 0x74, 0x79, 0x20, 0x4c, 0x74, 0x64, 0x00, 0x46, 0x69, 0x76, 0x65, 0x43,
    0x6f, 0x20, 0x53, 0x61, 0x72, 0x6c, 0x00, 0x43, 0x61, 0x6c, 0x69, 0x66, 0x6f, 0x72, 0x6e, 0x69,
    0x61, 0x20, 0x54, 0x68, 0x69, 0x6e, 0x67, 0x73, 0x20, 0x49, 0x6e, 0x63, 0x2e, 0x00, 0x41, 0x75,
    0x64, 0x69, 0x6f, 0x64, 0x6f, 0x20, 0x41, 0x42, 0x00, 0x41, 0x42, 0x41, 0x58, 0x20, 0x41, 0x53,
    0x00, 0x42, 0x75, 0x6c, 0x6c, 0x20, 0x47, 0x72, 0x6f, 0x75, 0x70, 0x20, 0x43, 0x6f, 0x6d, 0x70,
    0x61, 0x6e, 0x79, 0x20, 0x4c, 0x69, 0x6d, 0x69, 0x74, 0x65, 0x64, 0x00, 0x52, 0x65, 0x73, 0x70,
    0x69, 0x72, 0x69, 0x20, 0x4c, 0x69, 0x6d, 0x69, 0x74, 0x65, 0x64, 0x00, 0x4d, 0x69, 0x6e, 0x64,
    0x50, 0x65, 0x61, 0x63, 0x65, 0x20, 0x53, 0x61, 0x66, 0x65, 0x74, 0x79, 0x20, 0x4c, 0x4c, 0x43,
    0x00, 0x4d, 0x42, 0x41, 0x52, 0x43, 0x20, 0x4c, 0x41, 0x42, 0x53, 0x20, 0x49, 0x6e, 0x63, 0x00,
    0x41, 0x6c, 0x74, 0x6f, 0x6e, 0x69, 0x63, 0x73, 0x00, 0x49, 0x44, 0x49, 0x42, 0x41, 0x49, 0x58,
    0x20, 0x65, 0x6e, 0x67, 0x69, 0x6e, 0x6e, 0x65, 0x65, 0x72, 0x69, 0x6e, 0x67, 0x00, 0x43, 0x4f,
    0x52, 0x45, 0x49, 0x4f, 0x54, 0x20, 0x50, 0x54, 0x59, 0x20, 0x4c, 0x54, 0x44, 0x00, 0x52, 0x45,
    0x56, 0x53, 0x4d, 0x41, 0x52, 0x54, 0x20, 0x57, 0x45, 0x41, 0x52, 0x41, 0x42, 0x4c, 0x45, 0x20,
    0x48, 0x4b, 0x20, 0x43, 0x4f, 0x20, 0x4c, 0x54, 0x44, 0x00, 0x50, 0x72, 0x65, 0x63, 0x6f, 0x72,
    0x00, 0x46, 0x35, 0x20, 0x53, 0x70, 0x6f, 0x72, 0x74, 0x73, 0x2c, 0x20, 0x49, 0x6e, 0x63, 0x00,
    0x65, 0x78, 0x6f, 0x54, 0x49, 0x43, 0x20, 0x53, 0x79, 0x73, 0x74, 0x65, 0x6d, 0x73, 0x00, 0x44,
    0x4f, 0x4e, 0x47, 0x47, 0x55, 0x41, 0x4e, 0x20, 0x48, 0x45, 0x4c, 0x45, 0x20, 0x45, 0x4c, 0x45,
    0x43, 0x54, 0x52, 0x4f, 0x4e, 0x49, 0x43, 0x53, 0x20, 0x43, 0x4f, 0x2e, 0x2c, 0x20, 0x4c, 0x54,
    0x44, 0x00, 0x44, 0x6f, 0x6e, 0x67, 0x67, 0x75, 0x61, 0x6e, 0x20, 0x4c, 0x69, 0x65, 0x73, 0x68,
    0x65, 0x6e, 0x67, 0x20, 0x45, 0x6c, 0x65, 0x63, 0x74, 0x72, 0x6f, 0x6e, 0x69, 0x63, 0x20, 0x43,
    0x6f, 0x2e, 0x4c, 0x74, 0x64, 0x00, 0x4f, 0x63, 0x75, 0x6c, 0x65, 0x76, 0x65, 0x2c, 0x20, 0x49,
    0x6e, 0x63, 0x2e, 0x00, 0x43, 0x6c, 0x6f, 0x76, 0x65, 0x72, 0x20, 0x4e, 0x65, 0x74, 0x77, 0x6f,
    0x72, 0x6b, 0x2c, 0x20, 0x49, 0x6e, 0x63, 0x2e, 0x00, 0x58, 0x69, 0x61, 0x6d, 0x65, 0x6e, 0x20,
    0x45, 0x68, 0x6f, 0x6c, 0x64, 0x65, 0x72, 0x20, 0x45, 0x6c, 0x65, 0x63, 0x74, 0x72, 0x6f, 0x6e,
    0x69, 0x63, 0x73, 0x20, 0x43, 0x6f, 0x2e, 0x4c, 0x74, 0x64, 0x00, 0x46, 0x6f, 0x72, 0x64, 0x20,
    0x4d, 0x6f, 0x74, 0x6f, 0x72, 0x20, 0x43, 0x6f, 0x6d, 0x70, 0x61, 0x6e, 0x79, 0x00, 0x47, 0x75,
    0x61, 0x6e, 0x67, 0x7a, 0x68, 0x6f, 0x75, 0x20, 0x53, 0x75, 0x70, 0x65, 0x72, 0x53, 0x6f, 0x75,
    0x6e, 0x64, 0x20, 0x49, 0x6e, 0x66, 0x6f, 0x72, 0x6d, 0x61, 0x74, 0x69, 0x6f, 0x6e, 0x20, 0x54,
    0x65, 0x63, 0x68, 0x6e, 0x6f, 0x6c, 0x6f, 0x67, 0x79, 0x20, 0x43, 0x6f, 0x2e, 0x2c, 0x4c, 0x74,
    0x64, 0x00, 0x54, 0x65, 0x64, 0x65, 0x65, 0x20, 0x53, 0x70, 0x2e, 0x20, 0x7a, 0x20, 0x6f, 0x2e,
    0x6f, 0x2e, 0x00, 0x50, 0x48, 0x43, 0x20, 0x43, 0x6f, 0x72, 0x70, 0x6f, 0x72, 0x61, 0x74, 0x69,
    0x6f, 0x6e, 0x00, 0x45, 0x6c, 0x69, 0x20, 0x4c, 0x69, 0x6c, 0x6c, 0x79, 0x20, 0x61, 0x6e, 0x64,
    0x20, 0x43, 0x6f, 0x6d, 0x70, 0x61, 0x6e, 0x79, 0x00, 0x53, 0x77, 0x61, 0x72, 0x61, 0x4c, 0x69,
    0x6e, 0x6b, 0x20, 0x54, 0x65, 0x63, 0x68, 0x6e, 0x6f, 0x6c, 0x6f, 0x67, 0x69, 0x65, 0x73, 0x00,
    0x4a, 0x4d, 0x52, 0x20, 0x65, 0x6d, 0x62, 0x65, 0x64, 0x64, 0x65, 0x64, 0x20, 0x73, 0x79, 0x73,
    0x74, 0x65, 0x6d, 0x73, 0x20, 0x47, 0x6d, 0x62, 0x48, 0x00, 0x42, 0x69, 0x74, 0x6b, 0x65, 0x79,
    0x20, 0x49, 0x6e, 0x63, 0x2e, 0x00, 0x47, 0x57, 0x41, 0x20, 0x48, 0x79, 0x67, 0x69, 0x65, 0x6e,
    0x65, 0x20, 0x47, 0x6d, 0x62, 0x48, 0x00, 0x53, 0x61, 0x66, 0x65, 0x72, 0x61, 0x20, 0x4f, 0x79,
    0x00, 0x4f, 0x70, 0x65, 0x6e, 0x20, 0x50, 0x6c, 0x61, 0x74, 0x66, 0x6f, 0x72, 0x6d, 0x20, 0x53,
    0x79, 0x73, 0x74, 0x65, 0x6d, 0x73, 0x20, 0x4c, 0x4c, 0x43, 0x00, 0x4f, 0x6e, 0x65, 0x50, 0x6c,
    0x75, 0x73, 0x20, 0x45, 0x6c, 0x65, 0x63, 0x74, 0x72, 0x6f, 0x6e, 0x69, 0x63, 0x73, 0x20, 0x28,
    0x53, 0x68, 0x65, 0x6e, 0x7a, 0x68, 0x65, 0x6e, 0x29, 0x20, 0x43, 0x6f, 0x2e, 0x2c, 0x20, 0x4c,
    0x74, 0x64, 0x2e, 0x00, 0x57, 0x69, 0x6c, 0x64, 0x6c, 0x69, 0x66, 0x65, 0x20, 0x41, 0x63, 0x6f,
    0x75, 0x73, 0x74, 0x69, 0x63, 0x73, 0x2c, 0x20, 0x49, 0x6e, 0x63, 0x2e, 0x00, 0x41, 0x42, 0x4c,
    0x49, 0x43, 0x20, 0x49, 0x6e, 0x63, 0x2e, 0x00, 0x44, 0x61, 0x69, 0x72, 0x79, 0x20, 0x54, 0x65,
    0x63, 0x68, 0x2c, 0x20, 0x4c, 0x4c, 0x43, 0x00, 0x49, 0x67, 0x75, 0x61, 0x6e, 0x61, 0x76, 0x61,
    0x74, 0x69, 0x6f, 0x6e, 0x2c, 0x20, 0x49, 0x6e, 0x63, 0x2e, 0x00, 0x44, 0x69, 0x55, 0x53, 0x20,
    0x43, 0x6f, 0x6d, 0x70, 0x75, 0x74, 0x69, 0x6e, 0x67, 0x20, 0x50, 0x74, 0x79, 0x20, 0x4c, 0x74,
    0x64, 0x00, 0x55, 0x70, 0x52, 0x69, 0x67, 0x68, 0x74, 0x20, 0x54, 0x65, 0x63, 0x68, 0x6e, 0x6f,
    0x6c, 0x6f, 0x67, 0x69, 0x65, 0x73, 0x20, 0x4c, 0x54, 0x44, 0x00, 0x4c, 0x75, 0x6e, 0x61, 0x20,
    0x58, 0x49, 0x4f, 0x2c, 0x20, 0x49, 0x6e, 0x63, 0x2e, 0x00, 0x4c, 0x4c, 0x43, 0x20, 0x4e, 0x61,
    0x76, 0x69, 0x74, 0x65, 0x6b, 0x00, 0x47, 0x6c, 0x61, 0x73, 0x73, 0x20, 0x53, 0x65, 0x63, 0x75,
    0x72, 0x69, 0x74, 0x79, 0x20, 0x50, 0x74, 0x65, 0x20, 0x4c, 0x74, 0x64, 0x00, 0x4a, 0x69, 0x61,
    0x6e, 0x67, 0x73, 0x75, 0x20, 0x51, 0x69, 0x6e, 0x68, 0x65, 0x6e, 0x67, 0x20, 0x43, 0x6f, 0x2e,
    0x2c, 0x20, 0x4c, 0x74, 0x64, 0x2e, 0x00, 0x43, 0x68, 0x61, 0x6e, 0x64, 0x6c, 0x65, 0x72, 0x20,
    0x53, 0x79, 0x73, 0x74, 0x65, 0x6d, 0x73, 0x20, 0x49, 0x6e, 0x63, 0x2e, 0x00, 0x46, 0x61, 0x6e,
    0x74, 0x69, 0x6e, 0x69, 0x20, 0x43, 0x6f, 0x73, 0x6d, 0x69, 0x20, 0x73, 0x2e, 0x70, 0x2e, 0x61,
    0x2e, 0x00, 0x42, 0x65, 0x69, 0x6a, 0x69, 0x6e, 0x67, 0x20, 0x48, 0x61, 0x6f, 0x20, 0x48, 0x65,
    0x6e, 0x67, 0x20, 0x54, 0x69, 0x61, 0x6e, 0x20, 0x54, 0x65, 0x63, 0x68, 0x20, 0x43, 0x6f, 0x2e,
    0x2c, 0x20, 0x4c, 0x74, 0x64, 0x2e, 0x00, 0x42, 0x6c, 0x75, 0x65, 0x70, 0x61, 0x63, 0x6b, 0x20,
    0x53, 0x2e, 0x52, 0x2e, 0x4c, 0x2e, 0x00, 0x42, 0x65, 0x69, 0x6a, 0x69, 0x6e, 0x67, 0x20, 0x55,
    0x6e, 0x69, 0x73, 0x6f, 0x63, 0x20, 0x54, 0x65, 0x63, 0x68, 0x6e, 0x6f, 0x6c, 0x6f, 0x67, 0x69,
    0x65, 0x73, 0x20, 0x43, 0x6f, 0x2e, 0x2c, 0x20, 0x4c, 0x74, 0x64, 0x2e, 0x00, 0x4d, 0x41, 0x43,
    0x20, 0x53, 0x52, 0x4c, 0x00, 0x44, 0x4d, 0x4c, 0x20, 0x4c, 0x4c, 0x43, 0x00, 0x53, 0x61, 0x6e,
    0x6f, 0x66, 0x69, 0x00, 0x53, 0x4f, 0x43, 0x4f, 0x4d, 0x45, 0x43, 0x00, 0x57, 0x49, 0x5a, 0x4e,
    0x4f, 0x56, 0x41, 0x2c, 0x20, 0x49, 0x6e, 0x63, 0x2e, 0x00, 0x53, 0x65, 0x69, 0x74, 0x65, 0x63,
    0x20, 0x45, 0x6c, 0x65, 0x6b, 0x74, 0x72, 0x6f, 0x6e, 0x69, 0x6b, 0x20, 0x47, 0x6d, 0x62, 0x48,
    0x00, 0x4f, 0x52, 0x20, 0x54, 0x65, 0x63, 0x68, 0x6e, 0x6f, 0x6c, 0x6f, 0x67, 0x69, 0x65, 0x73,
    0x20, 0x50, 0x74, 0x79, 0x20, 0x4c, 0x74, 0x64, 0x00, 0x47, 0x75, 0x61, 0x6e, 0x67, 0x5a, 0x68,
    0x6f, 0x75, 0x20, 0x4b, 0x75, 0x47, 0x6f, 0x75, 0x20, 0x43, 0x6f, 0x6d, 0x70, 0x75, 0x74, 0x65,
    0x72, 0x20, 0x54, 0x65, 0x63, 0x68, 0x6e, 0x6f, 0x6c, 0x6f, 0x67, 0x79, 0x20, 0x43, 0x6f, 0x2e,
    0x4c, 0x74, 0x64, 0x00, 0x44, 0x49, 0x41, 0x4f, 0x44, 0x49, 0x41, 0x4f, 0x20, 0x28, 0x42, 0x65,
    0x69, 0x6a, 0x69, 0x6e, 0x67, 0x29, 0x20, 0x54, 0x65, 0x63, 0x68, 0x6e, 0x6f, 0x6c, 0x6f, 0x67,
    0x79, 0x20, 0x43, 0x6f, 0x2e, 0x2c, 0x20, 0x4c, 0x74, 0x64, 0x2e, 0x00, 0x49, 0x6c, 0x6c, 0x75,
    0x73, 0x6f, 0x72, 0x79, 0x20, 0x53, 0x74, 0x75, 0x64, 0x69, 0x6f, 0x73, 0x20, 0x4c, 0x4c, 0x43,
    0x00, 0x53, 0x61, 0x72, 0x76, 0x61, 0x76, 0x69, 0x64, 0x20, 0x53, 0x6f, 0x66, 0x74, 0x77, 0x61,
    0x72, 0x65, 0x20, 0x53, 0x6f, 0x6c, 0x75, 0x74, 0x69, 0x6f, 0x6e, 0x73, 0x20, 0x4c, 0x4c, 0x50,
    0x00, 0x41, 0x6d, 0x74, 0x65, 0x63, 0x68, 0x20, 0x53, 0x79, 0x73, 0x74, 0x65, 0x6d, 0x73, 0x2c,
    0x20, 0x4c, 0x4c, 0x43, 0x00, 0x45, 0x41, 0x47, 0x4c, 0x45, 0x20, 0x44, 0x45, 0x54, 0x45, 0x43,
    0x54, 0x49, 0x4f, 0x4e, 0x20, 0x53, 0x41, 0x00, 0x4d, 0x45, 0x44, 0x49, 0x41, 0x54, 0x45, 0x43,
    0x48, 0x20, 0x53, 0x2e, 0x52, 0x2e, 0x4c, 0x2e, 0x00, 0x48, 0x61, 0x6d, 0x69, 0x6c, 0x74, 0x6f,
    0x6e, 0x20, 0x50, 0x72, 0x6f, 0x66, 0x65, 0x73, 0x73, 0x69, 0x6f, 0x6e, 0x61, 0x6c, 0x20, 0x53,
    0x65, 0x72, 0x76, 0x69, 0x63, 0x65, 0x73, 0x20, 0x6f, 0x66, 0x20, 0x43, 0x61, 0x6e, 0x61, 0x64,
    0x61, 0x20, 0x49, 0x6e, 0x63, 0x6f, 0x72, 0x70, 0x6f, 0x72, 0x61, 0x74, 0x65, 0x64, 0x00, 0x43,
    0x68, 0x61, 0x6e, 0x67, 0x73, 0x68, 0x61, 0x20, 0x4a, 0x45, 0x4d, 0x4f, 0x20, 0x49, 0x43, 0x20,
    0x44, 0x65, 0x73, 0x69, 0x67, 0x6e, 0x20, 0x43, 0x6f, 0x2e, 0x2c, 0x4c, 0x74, 0x64, 0x00, 0x45,
    0x6c, 0x61, 0x74, 0x65, 0x63, 0x20, 0x47, 0x6d, 0x62, 0x48, 0x00, 0x4a, 0x4c, 0x47, 0x20, 0x49,
    0x6e, 0x64, 0x75, 0x73, 0x74, 0x72, 0x69, 0x65, 0x73, 0x2c, 0x20, 0x49, 0x6e, 0x63, 0x2e, 0x00,
    0x4d, 0x69, 0x63, 0x68, 0x61, 0x65, 0x6c, 0x20, 0x50, 0x61, 0x72, 0x6b, 0x69, 0x6e, 0x00, 0x42,
    0x72, 0x6f, 0x74, 0x68, 0x65, 0x72, 0x20, 0x49, 0x6e, 0x64, 0x75, 0x73, 0x74, 0x72, 0x69, 0x65,
    0x73, 0x2c, 0x20, 0x4c, 0x74, 0x64, 0x00, 0x4c, 0x75, 0x6d, 0x65, 0x6e, 0x73, 0x20, 0x46, 0x6f,
    0x72, 0x20, 0x4c, 0x65, 0x73, 0x73, 0x2c, 0x20, 0x49, 0x6e, 0x63, 0x00, 0x45, 0x4c, 0x41, 0x20,
    0x49, 0x6e, 0x6e, 0x6f, 0x76, 0x61, 0x74, 0x69, 0x6f, 0x6e, 0x00, 0x75, 0x6d, 0x61, 0x6e, 0x53,
    0x65, 0x6e, 0x73, 0x65, 0x20, 0x41, 0x42, 0x00, 0x53, 0x68, 0x61, 0x6e, 0x67, 0x68, 0x61, 0x69,
    0x20, 0x49, 0x6e, 0x47, 0x65, 0x65, 0x6b, 0x20, 0x43, 0x79, 0x62, 0x65, 0x72, 0x20, 0x53, 0x65,
    0x63, 0x75, 0x72, 0x69, 0x74, 0x79, 0x20, 0x43, 0x6f, 0x2e, 0x2c, 0x20, 0x4c, 0x74, 0x64, 0x2e,
    0x00, 0x48, 0x41, 0x52, 0x4d, 0x41, 0x4e, 0x20, 0x43, 0x4f, 0x2e, 0x2c, 0x4c, 0x54, 0x44, 0x2e,
    0x00, 0x53, 0x6d, 0x61, 0x72, 0x74, 0x20, 0x53, 0x65, 0x6e, 0x73, 0x6f, 0x72, 0x20, 0x44, 0x65,
    0x76, 0x69, 0x63, 0x65, 0x73, 0x20, 0x41, 0x42, 0x00, 0x41, 0x6e, 0x74, 0x69, 0x74, 0x72, 0x6f,
    0x6e, 0x69, 0x63, 0x73, 0x20, 0x49, 0x6e, 0x63, 0x2e, 0x00, 0x52, 0x48, 0x4f, 0x4d, 0x42, 0x55,
    0x53, 0x20, 0x53, 0x59, 0x53, 0x54, 0x45, 0x4d, 0x53, 0x2c, 0x20, 0x49, 0x4e, 0x43, 0x2e, 0x00,
    0x4b, 0x61, 0x74, 0x65, 0x72, 0x72, 0x61, 0x20, 0x49, 0x6e, 0x63, 0x2e, 0x00, 0x52, 0x65, 0x6d,
    0x6f, 0x74, 0x65, 0x20, 0x53, 0x6f, 0x6c, 0x75, 0x74, 0x69, 0x6f, 0x6e, 0x20, 0x43, 0x6f, 0x2e,
    0x2c, 0x20, 0x4c, 0x54, 0x44, 0x2e, 0x00, 0x56, 0x69, 0x6d, 0x61, 0x72, 0x20, 0x53, 0x70, 0x41,
    0x00, 0x4d, 0x61, 0x6e, 0x74, 0x69, 0x73, 0x20, 0x54, 0x65, 0x63, 0x68, 0x20, 0x4c, 0x4c, 0x43,
    0x00, 0x54, 0x65, 0x72, 0x4f, 0x70, 0x74, 0x61, 0x20, 0x4c, 0x74, 0x64, 0x00, 0x50, 0x49, 0x4b,
    0x4f, 0x4c, 0x49, 0x4e, 0x20, 0x53, 0x2e, 0x4c, 0x2e, 0x00, 0x57, 0x57, 0x5a, 0x4e, 0x20, 0x49,
    0x6e, 0x66, 0x6f, 0x72, 0x6d, 0x61, 0x74, 0x69, 0x6f, 0x6e, 0x20, 0x54, 0x65, 0x63, 0x68, 0x6e,
    0x6f, 0x6c, 0x6f, 0x67, 0x79, 0x20, 0x43, 0x6f, 0x6d, 0x70, 0x61, 0x6e, 0x79, 0x20, 0x4c, 0x69,
    0x6d, 0x69, 0x74, 0x65, 0x64, 0x00, 0x56, 0x6f, 0x78, 0x78, 0x20, 0x49, 0x6e, 0x74, 0x65, 0x72,
    0x6e, 0x61, 0x74, 0x69, 0x6f, 0x6e, 0x61, 0x6c, 0x00, 0x41, 0x52, 0x54, 0x20, 0x41, 0x4e, 0x44,
    0x20, 0x50, 0x52, 0x4f, 0x47, 0x52, 0x41, 0x4d, 0x2c, 0x20, 0x49, 0x4e, 0x43, 0x2e, 0x00, 0x4e,
    0x49, 0x54, 0x54, 0x4f, 0x20, 0x44, 0x45, 0x4e, 0x4b, 0x4f, 0x20, 0x41, 0x53, 0x49, 0x41, 0x20,
    0x54, 0x45, 0x43, 0x48, 0x4e, 0x49, 0x43, 0x41, 0x4c, 0x20, 0x43, 0x45, 0x4e, 0x54, 0x52, 0x45,
    0x20, 0x50, 0x54, 0x45, 0x2e, 0x20, 0x4c, 0x54, 0x44, 0x2e, 0x00, 0x50, 0x65, 0x6c, 0x6f, 0x74,
    0x6f, 0x6e, 0x20, 0x49, 0x6e, 0x74, 0x65, 0x72, 0x61, 0x63, 0x74, 0x69, 0x76, 0x65, 0x20, 0x49,
    0x6e, 0x63, 0x2e, 0x00, 0x46, 0x6f, 0x72, 0x63, 0x65, 0x20, 0x49, 0x6d, 0x70, 0x61, 0x63, 0x74,
    0x20, 0x54, 0x65, 0x63, 0x68, 0x6e, 0x6f, 0x6c, 0x6f, 0x67, 0x69, 0x65, 0x73, 0x00, 0x44, 0x6d,
    0x61, 0x63, 0x20, 0x4d, 0x6f, 0x62, 0x69, 0x6c, 0x65, 0x20, 0x44, 0x65, 0x76, 0x65, 0x6c, 0x6f,
    0x70, 0x6d, 0x65, 0x6e, 0x74, 0x73, 0x2c, 0x20, 0x4c, 0x4c, 0x43, 0x00, 0x45, 0x6e, 0x67, 0x69,
    0x6e, 0x65, 0x65, 0x72, 0x65, 0x64, 0x20, 0x4d, 0x65, 0x64, 0x69, 0x63, 0x61, 0x6c, 0x20, 0x54,
    0x65, 0x63, 0x68, 0x6e, 0x6f, 0x6c, 0x6f, 0x67, 0x69, 0x65, 0x73, 0x00, 0x4e, 0x6f, 0x6f, 0x64,
    0x6c, 0x65, 0x20, 0x54, 0x65, 0x63, 0x68, 0x6e, 0x6f, 0x6c, 0x6f, 0x67, 0x79, 0x20, 0x69, 0x6e,
    0x63, 0x00, 0x47, 0x72, 0x61, 0x65, 0x73, 0x73, 0x6c, 0x69, 0x6e, 0x20, 0x47, 0x6d, 0x62, 0x48,
    0x00, 0x57, 0x75, 0x51, 0x69, 0x20, 0x74, 0x65, 0x63, 0x68, 0x6e, 0x6f, 0x6c, 0x6f, 0x67, 0x69,
    0x65, 0x73, 0x2c, 0x20, 0x49, 0x6e, 0x63, 0x2e, 0x00, 0x53, 0x75, 0x63, 0x63, 0x65, 0x73, 0x73,
    0x66, 0x75, 0x6c, 0x20, 0x45, 0x6e, 0x64, 0x65, 0x61, 0x76, 0x6f, 0x75, 0x72, 0x73, 0x20, 0x50,
    0x74, 0x79, 0x20, 0x4c, 0x74, 0x64, 0x00, 0x49, 0x6e, 0x6e, 0x6f, 0x43, 0x6f, 0x6e, 0x20, 0x4d,
    0x65, 0x64, 0x69, 0x63, 0x61, 0x6c, 0x20, 0x41, 0x70, 0x53, 0x00, 0x43, 0x6f, 0x72, 0x76, 0x65,
    0x78, 0x20, 0x43, 0x6f, 0x6e, 0x6e, 0x65, 0x63, 0x74, 0x65, 0x64, 0x20, 0x53, 0x61, 0x66, 0x65,
    0x74, 0x79, 0x00, 0x54, 0x68, 0x69, 0x72, 0x64, 0x77, 0x61, 0x79, 0x76, 0x20, 0x49, 0x6e, 0x63,
    0x2e, 0x00, 0x43, 0x2d, 0x4d, 0x41, 0x58, 0x20, 0x41, 0x73, 0x69, 0x61, 0x20, 0x4c, 0x69, 0x6d,
    0x69, 0x74, 0x65, 0x64, 0x00, 0x34, 0x65, 0x42, 0x75, 0x73, 0x69, 0x6e, 0x65, 0x73, 0x73, 0x20,
    0x47, 0x6d, 0x62, 0x48, 0x00, 0x43, 0x79, 0x62, 0x65, 0x72, 0x20, 0x54, 0x72, 0x61, 0x6e, 0x73,
    0x70, 0x6f, 0x72, 0x74, 0x20, 0x43, 0x6f, 0x6e, 0x74, 0x72, 0x6f, 0x6c, 0x20, 0x47, 0x6d, 0x62,
    0x48, 0x00, 0x43, 0x75, 0x65, 0x00, 0x4b, 0x4f, 0x41, 0x4d, 0x54, 0x41, 0x43, 0x20, 0x49, 0x4e,
    0x43, 0x2e, 0x00, 0x4c, 0x6f, 0x6f, 0x70, 0x73, 0x68, 0x6f, 0x72, 0x65, 0x20, 0x4f, 0x79, 0x00,
    0x4e, 0x69, 0x72, 0x75, 0x68, 0x61, 0x20, 0x53, 0x79, 0x73, 0x74, 0x65, 0x6d, 0x73, 0x20, 0x50,
    0x72, 0x69, 0x76, 0x61, 0x74, 0x65, 0x20, 0x4c, 0x69, 0x6d, 0x69, 0x74, 0x65, 0x64, 0x00, 0x72,
    0x61, 0x64, 0x69, 0x75, 0x73, 0x20, 0x63, 0x6f, 0x2e, 0x2c, 0x20, 0x6c, 0x74, 0x64, 0x2e, 0x00,
    0x53, 0x65, 0x6e, 0x73, 0x6f, 0x72, 0x69, 0x74, 0x79, 0x2c, 0x20, 0x73, 0x2e, 0x72, 0x2e, 0x6f,
    0x2e, 0x00, 0x53, 0x70, 0x61, 0x72, 0x6b, 0x61, 0x67, 0x65, 0x20, 0x49, 0x6e, 0x63, 0x2e, 0x00,
    0x47, 0x6c, 0x65, 0x6e, 0x76, 0x69, 0x65, 0x77, 0x20, 0x53, 0x6f, 0x66, 0x74, 0x77, 0x61, 0x72,
    0x65, 0x20, 0x43, 0x6f, 0x72, 0x70, 0x6f, 0x72, 0x61, 0x74, 0x69, 0x6f, 0x6e, 0x00, 0x46, 0x69,
    0x6e, 0x63, 0x68, 0x20, 0x54, 0x65, 0x63, 0x68, 0x6e, 0x6f, 0x6c, 0x6f, 0x67, 0x69, 0x65, 0x73,
    0x20, 0x4c, 0x74, 0x64, 0x2e, 0x00, 0x51, 0x69, 0x6e, 0x67, 0x70, 0x69, 0x6e, 0x67, 0x20, 0x54,
    0x65, 0x63, 0x68, 0x6e, 0x6f, 0x6c, 0x6f, 0x67, 0x79, 0x20, 0x28, 0x42, 0x65, 0x69, 0x6a, 0x69,
    0x6e, 0x67, 0x29, 0x20, 0x43, 0x6f, 0x2e, 0x2c, 0x20, 0x4c, 0x74, 0x64, 0x2e, 0x00, 0x44, 0x65,
    0x76, 0x69, 0x63, 0x65, 0x44, 0x72, 0x69, 0x76, 0x65, 0x20, 0x41, 0x53, 0x00, 0x45, 0x53, 0x45,
    0x4d, 0x42, 0x45, 0x52, 0x20, 0x4c, 0x49, 0x4d, 0x49, 0x54, 0x45, 0x44, 0x20, 0x4c, 0x49, 0x41,
    0x42, 0x49, 0x4c, 0x49, 0x54, 0x59, 0x20, 0x43, 0x4f, 0x4d, 0x50, 0x41, 0x4e, 0x59, 0x00, 0x61,
    0x75, 0x64, 0x69, 0x66, 0x6f, 0x6e, 0x20, 0x47, 0x6d, 0x62, 0x48, 0x20, 0x26, 0x20, 0x43, 0x6f,
    0x2e, 0x20, 0x4b, 0x47, 0x00, 0x4f, 0x32, 0x20, 0x4d, 0x69, 0x63, 0x72, 0x6f, 0x2c, 0x20, 0x49,
    0x6e, 0x63, 0x2e, 0x00, 0x42, 0x75, 0x62, 0x62, 0x6c, 0x79, 0x4e, 0x65, 0x74, 0x2c, 0x20, 0x4c,
    0x4c, 0x43, 0x00, 0x50, 0x43, 0x42, 0x20, 0x50, 0x69, 0x65, 0x7a, 0x6f, 0x74, 0x72, 0x6f, 0x6e,
    0x69, 0x63, 0x73, 0x2c, 0x20, 0x49, 0x6e, 0x63, 0x2e, 0x00, 0x54, 0x68, 0x65, 0x20, 0x57, 0x69,
    0x6c, 0x64, 0x66, 0x6c, 0x6f, 0x77, 0x65, 0x72, 0x20, 0x46, 0x6f, 0x75, 0x6e, 0x64, 0x61, 0x74,
    0x69, 0x6f, 0x6e, 0x00, 0x4f, 0x70, 0x74, 0x69, 0x6b, 0x61, 0x6d, 0x20, 0x54, 0x65, 0x63, 0x68,
    0x20, 0x49, 0x6e, 0x63, 0x2e, 0x00, 0x4d, 0x49, 0x4e, 0x49, 0x42, 0x52, 0x45, 0x57, 0x20, 0x48,
    0x4f, 0x4c, 0x44, 0x49, 0x4e, 0x47, 0x20, 0x42, 0x2e, 0x56, 0x00, 0x43, 0x79, 0x62, 0x65, 0x78,
    0x20, 0x47, 0x6d, 0x62, 0x48, 0x00, 0x46, 0x55, 0x4a, 0x49, 0x4d, 0x49, 0x43, 0x20, 0x4e, 0x49,
    0x49, 0x47, 0x41, 0x54, 0x41, 0x2c, 0x20, 0x49, 0x4e, 0x43, 0x2e, 0x00, 0x48, 0x61, 0x6e, 0x6e,
    0x61, 0x20, 0x49, 0x6e, 0x73, 0x74, 0x72, 0x75, 0x6d, 0x65, 0x6e, 0x74, 0x73, 0x2c, 0x20, 0x49,
    0x6e, 0x63, 0x2e, 0x00, 0x4b, 0x4f, 0x4d, 0x50, 0x41, 0x4e, 0x20, 0x41, 0x2f, 0x53, 0x00, 0x53,
    0x63, 0x6f, 0x73, 0x63, 0x68, 0x65, 0x20, 0x49, 0x6e, 0x64, 0x75, 0x73, 0x74, 0x72, 0x69, 0x65,
    0x73, 0x2c, 0x20, 0x49, 0x6e, 0x63, 0x2e, 0x00, 0x43, 0x72, 0x69, 0x63, 0x75, 0x74, 0x2c, 0x20,
    0x49, 0x6e, 0x63, 0x2e, 0x00, 0x41, 0x45, 0x56, 0x20, 0x73, 0x70, 0x6f, 0x6c, 0x2e, 0x20, 0x73,
    0x20, 0x72, 0x2e, 0x6f, 0x2e, 0x00, 0x54, 0x68, 0x65, 0x20, 0x43, 0x6f, 0x63, 0x61, 0x2d, 0x43,
    0x6f, 0x6c, 0x61, 0x20, 0x43, 0x6f, 0x6d, 0x70, 0x61, 0x6e, 0x79, 0x00, 0x47, 0x41, 0x53, 0x54,
    0x45, 0x43, 0x20, 0x43, 0x4f, 0x52, 0x50, 0x4f, 0x52, 0x41, 0x54, 0x49, 0x4f, 0x4e, 0x00, 0x53,
    0x74, 0x61, 0x72, 0x4c, 0x65, 0x61, 0x66, 0x20, 0x4c, 0x74, 0x64, 0x00, 0x57, 0x61, 0x74, 0x65,
    0x72, 0x2d, 0x69, 0x2e, 0x64, 0x2e, 0x20, 0x47, 0x6d, 0x62, 0x48, 0x00, 0x48, 0x6f, 0x6c, 0x6f,
    0x4b, 0x69, 0x74, 0x2c, 0x20, 0x49, 0x6e, 0x63, 0x2e, 0x00, 0x50, 0x6c, 0x61, 0x6e, 0x74, 0x43,
    0x68, 0x6f, 0x69, 0x72, 0x20, 0x49, 0x6e, 0x63, 0x2e, 0x00, 0x47, 0x75, 0x61, 0x6e, 0x67, 0x44,
    0x6f, 0x6e, 0x67, 0x20, 0x4f, 0x70, 0x70, 0x6f, 0x20, 0x4d, 0x6f, 0x62, 0x69, 0x6c, 0x65, 0x20,
    0x54, 0x65, 0x6c, 0x65, 0x63, 0x6f, 0x6d, 0x6d, 0x75, 0x6e, 0x69, 0x63, 0x61, 0x74, 0x69, 0x6f,
    0x6e, 0x73, 0x20, 0x43, 0x6f, 0x72, 0x70, 0x2e, 0x2c, 0x20, 0x4c, 0x74, 0x64, 0x2e, 0x00, 0x43,
    0x53, 0x54, 0x20, 0x45, 0x4c, 0x45, 0x43, 0x54, 0x52, 0x4f, 0x4e, 0x49, 0x43, 0x53, 0x20, 0x28,
    0x50, 0x52, 0x4f, 0x50, 0x52, 0x49, 0x45, 0x54, 0x41, 0x52, 0x59, 0x29, 0x20, 0x4c, 0x49, 0x4d,
    0x49, 0x54, 0x45, 0x44, 0x00, 0x53, 0x6b, 0x79, 0x20, 0x55, 0x4b, 0x20, 0x4c, 0x69, 0x6d, 0x69,
    0x74, 0x65, 0x64, 0x00, 0x44, 0x69, 0x67, 0x69, 0x62, 0x61, 0x6c, 0x65, 0x20, 0x50, 0x74, 0x79,
    0x20, 0x4c, 0x74, 0x64, 0x00, 0x53, 0x6d, 0x61, 0x72, 0x74, 0x6c, 0x6f, 0x78, 0x78, 0x20, 0x47,
    0x6d, 0x62, 0x48, 0x00, 0x50, 0x75, 0x6e, 0x65, 0x20, 0x53, 0x63, 0x69, 0x65, 0x6e, 0x74, 0x69,
    0x66, 0x69, 0x63, 0x20, 0x4c, 0x4c, 0x50, 0x00, 0x52, 0x65, 0x67, 0x65, 0x6e, 0x74, 0x20, 0x42,
    0x65, 0x6c, 0x65, 0x75, 0x63, 0x68, 0x74, 0x75, 0x6e, 0x67, 0x73, 0x6b, 0x6f, 0x72, 0x70, 0x65,
    0x72, 0x20, 0x41, 0x47, 0x00, 0x52, 0x6f, 0x6b, 0x75, 0x2c, 0x20, 0x49, 0x6e, 0x63, 0x2e, 0x00,
    0x58, 0x69, 0x61, 0x6d, 0x65, 0x6e, 0x20, 0x4d, 0x61, 0x67, 0x65, 0x20, 0x49, 0x6e, 0x66, 0x6f,
    0x72, 0x6d, 0x61, 0x74, 0x69, 0x6f, 0x6e, 0x20, 0x54, 0x65, 0x63, 0x68, 0x6e, 0x6f, 0x6c, 0x6f,
    0x67, 0x79, 0x20, 0x43, 0x6f, 0x2e, 0x2c, 0x20, 0x4c, 0x74, 0x64, 0x2e, 0x00, 0x52, 0x41, 0x42,
    0x20, 0x4c, 0x69, 0x67, 0x68, 0x74, 0x69, 0x6e, 0x67, 0x2c, 0x20, 0x49, 0x6e, 0x63, 0x2e, 0x00,
    0x4d, 0x75, 0x73, 0x65, 0x6e, 0x20, 0x43, 0x6f, 0x6e, 0x6e, 0x65, 0x63, 0x74, 0x2c, 0x20, 0x49,
    0x6e, 0x63, 0x2e, 0x00, 0x5a, 0x75, 0x6d, 0x65, 0x2c, 0x20, 0x49, 0x6e, 0x63, 0x2e, 0x00, 0x63,
    0x6f, 0x6e, 0x62, 0x65, 0x65, 0x20, 0x47, 0x6d, 0x62, 0x48, 0x00, 0x42, 0x72, 0x75, 0x65, 0x6c,
    0x20, 0x26, 0x20, 0x4b, 0x6a, 0x61, 0x65, 0x72, 0x20, 0x53, 0x6f, 0x75, 0x6e, 0x64, 0x20, 0x26,
    0x20, 0x56, 0x69, 0x62, 0x72, 0x61, 0x74, 0x69, 0x6f, 0x6e, 0x00, 0x54, 0x68, 0x65, 0x20, 0x4b,
    0x72, 0x6f, 0x67, 0x65, 0x72, 0x20, 0x43, 0x6f, 0x2e, 0x00, 0x47, 0x72, 0x61, 0x6e, 0x69, 0x74,
    0x65, 0x20, 0x52, 0x69, 0x76, 0x65, 0x72, 0x20, 0x53, 0x6f, 0x6c, 0x75, 0x74, 0x69, 0x6f, 0x6e,
    0x73, 0x2c, 0x20, 0x49, 0x6e, 0x63, 0x2e, 0x00, 0x4c, 0x6f, 0x75, 0x70, 0x65, 0x44, 0x65, 0x63,
    0x6b, 0x20, 0x4f, 0x79, 0x00, 0x4e, 0x65, 0x77, 0x20, 0x48, 0x33, 0x43, 0x20, 0x54, 0x65, 0x63,
    0x68, 0x6e, 0x6f, 0x6c, 0x6f, 0x67, 0x69, 0x65, 0x73, 0x20, 0x43, 0x6f, 0x2e, 0x2c, 0x4c, 0x74,
    0x64, 0x00, 0x41, 0x75, 0x72, 0x65, 0x61, 0x20, 0x53, 0x6f, 0x6c, 0x75, 0x63, 0x6f, 0x65, 0x73,
    0x20, 0x54, 0x65, 0x63, 0x6e, 0x6f, 0x6c, 0x6f, 0x67, 0x69, 0x63, 0x61, 0x73, 0x20, 0x4c, 0x74,
    0x64, 0x61, 0x2e, 0x00, 0x48, 0x6f, 0x6e, 0x67, 0x20, 0x4b, 0x6f, 0x6e, 0x67, 0x20, 0x42, 0x6f,
    0x75, 0x66, 0x66, 0x61, 0x6c, 0x6f, 0x20, 0x4c, 0x61, 0x62, 0x20, 0x4c, 0x69, 0x6d, 0x69, 0x74,
    0x65, 0x64, 0x00, 0x47, 0x56, 0x20, 0x43, 0x6f, 0x6e, 0x63, 0x65, 0x70, 0x74, 0x73, 0x20, 0x49,
    0x6e, 0x63, 0x2e, 0x00, 0x54, 0x68, 0x6f, 0x6d, 0x61, 0x73, 0x20, 0x44, 0x79, 0x6e, 0x61, 0x6d,
    0x69, 0x63, 0x73, 0x2c, 0x20, 0x4c, 0x4c, 0x43, 0x00, 0x4d, 0x6f, 0x65, 0x63, 0x6f, 0x20, 0x49,
    0x4f, 0x54, 0x20, 0x49, 0x6e, 0x63, 0x2e, 0x00, 0x32, 0x4e, 0x20, 0x54, 0x45, 0x4c, 0x45, 0x4b,
    0x4f, 0x4d, 0x55, 0x4e, 0x49, 0x4b, 0x41, 0x43, 0x45, 0x20, 0x61, 0x2e, 0x73, 0x2e, 0x00, 0x48,
    0x6f, 0x72, 0x6d, 0x61, 0x6e, 0x6e, 0x20, 0x4b, 0x47, 0x20, 0x41, 0x6e, 0x74, 0x72, 0x69, 0x65,
    0x62, 0x73, 0x74, 0x65, 0x63, 0x68, 0x6e, 0x69, 0x6b, 0x00, 0x43, 0x52, 0x4f, 0x4e, 0x4f, 0x20,
    0x43, 0x48, 0x49, 0x50, 0x2c, 0x20, 0x53, 0x2e, 0x4c, 0x2e, 0x00, 0x53, 0x6f, 0x75, 0x6e, 0x64,
    0x62, 0x72, 0x65, 0x6e, 0x6e, 0x65, 0x72, 0x20, 0x4c, 0x69, 0x6d, 0x69, 0x74, 0x65, 0x64, 0x00,
    0x45, 0x54, 0x41, 0x42, 0x4c, 0x49, 0x53, 0x53, 0x45, 0x4d, 0x45, 0x4e, 0x54, 0x53, 0x20, 0x47,
    0x45, 0x4f, 0x52, 0x47, 0x45, 0x53, 0x20, 0x52, 0x45, 0x4e, 0x41, 0x55, 0x4c, 0x54, 0x00, 0x69,
    0x53, 0x77, 0x69, 0x70, 0x00, 0x42, 0x61, 0x74, 0x74, 0x65, 0x72, 0x79, 0x2d, 0x42, 0x69, 0x7a,
    0x20, 0x49, 0x6e, 0x63, 0x2e, 0x00, 0x45, 0x50, 0x49, 0x43, 0x20, 0x53, 0x2e, 0x52, 0x2e, 0x4c,
    0x2e, 0x00, 0x47, 0x65, 0x6e, 0x65, 0x64, 0x72, 0x69, 0x76, 0x65, 0x20, 0x44, 0x69, 0x61, 0x67,
    0x6e, 0x6f, 0x73, 0x74, 0x69, 0x63, 0x73, 0x20, 0x4c, 0x74, 0x64, 0x00, 0x41, 0x78, 0x65, 0x6e,
    0x74, 0x69, 0x61, 0x20, 0x54, 0x65, 0x63, 0x68, 0x6e, 0x6f, 0x6c, 0x6f, 0x67, 0x69, 0x65, 0x73,
    0x20, 0x41, 0x42, 0x00, 0x52, 0x45, 0x47, 0x55, 0x4c, 0x41, 0x20, 0x4c, 0x74, 0x64, 0x2e, 0x00,
    0x42, 0x69, 0x72, 0x61, 0x6c, 0x20, 0x41, 0x47, 0x00, 0x52, 0x61, 0x64, 0x69, 0x6e, 0x6e, 0x20,
    0x41, 0x42, 0x00, 0x43, 0x49, 0x4d, 0x54, 0x65, 0x63, 0x68, 0x6e, 0x69, 0x71, 0x75, 0x65, 0x73,
    0x2c, 0x20, 0x49, 0x6e, 0x63, 0x2e, 0x00, 0x4a, 0x6f, 0x68, 0x6e, 0x73, 0x6f, 0x6e, 0x20, 0x48,
    0x65, 0x61, 0x6c, 0x74, 0x68, 0x20, 0x54, 0x65, 0x63, 0x68, 0x20, 0x4e, 0x41, 0x00, 0x4a, 0x75,
    0x6e, 0x65, 0x20, 0x4c, 0x69, 0x66, 0x65, 0x2c, 0x20, 0x49, 0x6e, 0x63, 0x2e, 0x00, 0x42, 0x6c,
    0x75, 0x65, 0x6e, 0x65, 0x74, 0x69, 0x63, 0x73, 0x20, 0x47, 0x6d, 0x62, 0x48, 0x00, 0x69, 0x61,
    0x63, 0x6f, 0x6e, 0x69, 0x63, 0x44, 0x65, 0x73, 0x69, 0x67, 0x6e, 0x20, 0x49, 0x6e, 0x63, 0x2e,
    0x00, 0x57, 0x52, 0x4c, 0x44, 0x53, 0x20, 0x43, 0x72, 0x65, 0x61, 0x74, 0x69, 0x6f, 0x6e, 0x73,
    0x20, 0x41, 0x42, 0x00, 0x53, 0x6b, 0x75, 0x6c, 0x6c, 0x63, 0x61, 0x6e, 0x64, 0x79, 0x2c, 0x20,
    0x49, 0x6e, 0x63, 0x2e, 0x00, 0x57, 0x65, 0x73, 0x74, 0x20, 0x50, 0x68, 0x61, 0x72, 0x6d, 0x61,
    0x63, 0x65, 0x75, 0x74, 0x69, 0x63, 0x61, 0x6c, 0x20, 0x53, 0x65, 0x72, 0x76, 0x69, 0x63, 0x65,
    0x73, 0x2c, 0x20, 0x49, 0x6e, 0x63, 0x2e, 0x00, 0x42, 0x61, 0x72, 0x6e, 0x61, 0x63, 0x6c, 0x65,
    0x20, 0x53, 0x79, 0x73, 0x74, 0x65, 0x6d, 0x73, 0x20, 0x49, 0x6e, 0x63, 0x2e, 0x00, 0x53, 0x6d,
    0x61, 0x72, 0x74, 0x20, 0x57, 0x61, 0x76, 0x65, 0x20, 0x54, 0x65, 0x63, 0x68, 0x6e, 0x6f, 0x6c,
    0x6f, 0x67, 0x69, 0x65, 0x73, 0x20, 0x43, 0x61, 0x6e, 0x61, 0x64, 0x61, 0x20, 0x49, 0x6e, 0x63,
    0x00, 0x53, 0x68, 0x61, 0x6e, 0x67, 0x68, 0x61, 0x69, 0x20, 0x54, 0x6f, 0x70, 0x2d, 0x43, 0x68,
    0x69, 0x70, 0x20, 0x4d, 0x69, 0x63, 0x72, 0x6f, 0x65, 0x6c, 0x65, 0x63, 0x74, 0x72, 0x6f, 0x6e,
    0x69, 0x63, 0x73, 0x20, 0x54, 0x65, 0x63, 0x68, 0x2e, 0x20, 0x43, 0x6f, 0x2e, 0x2c, 0x20, 0x4c,
    0x54, 0x44, 0x00, 0x4e, 0x65, 0x6f, 0x53, 0x65, 0x6e, 0x73, 0x6f, 0x72, 0x79, 0x2c, 0x20, 0x49,
    0x6e, 0x63, 0x2e, 0x00, 0x48, 0x61, 0x6e, 0x67, 0x7a, 0x68, 0x6f, 0x75, 0x20, 0x54, 0x75, 0x79,
    0x61, 0x20, 0x49, 0x6e, 0x66, 0x6f, 0x72, 0x6d, 0x61, 0x74, 0x69, 0x6f, 0x6e, 0x20, 0x20, 0x54,
    0x65, 0x63, 0x68, 0x6e, 0x6f, 0x6c, 0x6f, 0x67, 0x79, 0x20, 0x43, 0x6f, 0x2e, 0x2c, 0x20, 0x4c,
    0x74, 0x64, 0x00, 0x53, 0x68, 0x61, 0x6e, 0x67, 0x68, 0x61, 0x69, 0x20, 0x50, 0x61, 0x6e, 0x63,
    0x68, 0x69, 0x70, 0x20, 0x4d, 0x69, 0x63, 0x72, 0x6f, 0x65, 0x6c, 0x65, 0x63, 0x74, 0x72, 0x6f,
    0x6e, 0x69, 0x63, 0x73, 0x20, 0x43, 0x6f, 0x2e, 0x2c, 0x20, 0x4c, 0x74, 0x64, 0x00, 0x52, 0x65,
    0x61, 0x63, 0x74, 0x20, 0x41, 0x63, 0x63, 0x65, 0x73, 0x73, 0x69, 0x62, 0x69, 0x6c, 0x69, 0x74,
    0x79, 0x20, 0x4c, 0x69, 0x6d, 0x69, 0x74, 0x65, 0x64, 0x00, 0x4c, 0x49, 0x56, 0x4e, 0x45, 0x58,
    0x20, 0x43, 0x6f, 0x2e, 0x2c, 0x4c, 0x74, 0x64, 0x2e, 0x00, 0x4b, 0x61, 0x6e, 0x6f, 0x20, 0x43,
    0x6f, 0x6d, 0x70, 0x75, 0x74, 0x69, 0x6e, 0x67, 0x20, 0x4c, 0x69, 0x6d, 0x69, 0x74, 0x65, 0x64,
    0x00, 0x68, 0x6f, 0x6f, 0x74, 0x73, 0x20, 0x63, 0x6c, 0x61, 0x73, 0x73, 0x69, 0x63, 0x20, 0x47,
    0x6d, 0x62, 0x48, 0x00, 0x65, 0x63, 0x6f, 0x62, 0x65, 0x65, 0x20, 0x49, 0x6e, 0x63, 0x2e, 0x00,
    0x4e, 0x61, 0x6e, 0x6a, 0x69, 0x6e, 0x67, 0x20, 0x51, 0x69, 0x6e, 0x68, 0x65, 0x6e, 0x67, 0x20,
    0x4d, 0x69, 0x63, 0x72, 0x6f, 0x65, 0x6c, 0x65, 0x63, 0x74, 0x72, 0x6f, 0x6e, 0x69, 0x63, 0x73,
    0x20, 0x43, 0x6f, 0x2e, 0x2c, 0x20, 0x4c, 0x74, 0x64, 0x00, 0x53, 0x4f, 0x4c, 0x55, 0x54, 0x49,
    0x4f, 0x4e, 0x53, 0x20, 0x41, 0x4d, 0x42, 0x52, 0x41, 0x20, 0x49, 0x4e, 0x43, 0x2e, 0x00, 0x4d,
    0x69, 0x63, 0x72, 0x6f, 0x2d, 0x44, 0x65, 0x73, 0x69, 0x67, 0x6e, 0x2c, 0x20, 0x49, 0x6e, 0x63,
    0x2e, 0x00, 0x53, 0x54, 0x41, 0x52, 0x4c, 0x49, 0x54, 0x45, 0x20, 0x43, 0x6f, 0x2e, 0x2c, 0x20,
    0x4c, 0x74, 0x64, 0x2e, 0x00, 0x52, 0x65, 0x6d, 0x65, 0x64, 0x65, 0x65, 0x20, 0x4c, 0x61, 0x62,
    0x73, 0x00, 0x54, 0x68, 0x69, 0x6e, 0x67, 0x4f, 0x53, 0x20, 0x47, 0x6d, 0x62, 0x48, 0x20, 0x26,
    0x20, 0x43, 0x6f, 0x20, 0x4b, 0x47, 0x00, 0x4c, 0x69, 0x6e, 0x65, 0x61, 0x72, 0x20, 0x43, 0x69,
    0x72, 0x63, 0x75, 0x69, 0x74, 0x73, 0x00, 0x55, 0x6e, 0x6c, 0x69, 0x6d, 0x69, 0x74, 0x65, 0x64,
    0x20, 0x45, 0x6e, 0x67, 0x69, 0x6e, 0x65, 0x65, 0x72, 0x69, 0x6e, 0x67, 0x20, 0x53, 0x4c, 0x00,
    0x53, 0x6e, 0x61, 0x70, 0x2d, 0x6f, 0x6e, 0x20, 0x49, 0x6e, 0x63, 0x6f, 0x72, 0x70, 0x6f, 0x72,
    0x61, 0x74, 0x65, 0x64, 0x00, 0x45, 0x64, 0x69, 0x66, 0x69, 0x65, 0x72, 0x20, 0x49, 0x6e, 0x74,
    0x65, 0x72, 0x6e, 0x61, 0x74, 0x69, 0x6f, 0x6e, 0x61, 0x6c, 0x20, 0x4c, 0x69, 0x6d, 0x69, 0x74,
    0x65, 0x64, 0x00, 0x41, 0x6c, 0x66, 0x72, 0x65, 0x64, 0x20, 0x4b, 0x61, 0x65, 0x72, 0x63, 0x68,
    0x65, 0x72, 0x20, 0x53, 0x45, 0x20, 0x26, 0x20, 0x43, 0x6f, 0x2e, 0x20, 0x4b, 0x47, 0x00, 0x47,
    0x65, 0x65, 0x6b, 0x73, 0x6d, 0x65, 0x20, 0x53, 0x2e, 0x4c, 0x2e, 0x00, 0x4d, 0x69, 0x6e, 0x75,
    0x74, 0x2c, 0x20, 0x49, 0x6e, 0x63, 0x2e, 0x00, 0x57, 0x61, 0x79, 0x62, 0x65, 0x79, 0x6f, 0x6e,
    0x64, 0x20, 0x4c, 0x69, 0x6d, 0x69, 0x74, 0x65, 0x64, 0x00, 0x4b, 0x6f, 0x6d, 0x66, 0x6f, 0x72,
    0x74, 0x20, 0x49, 0x51, 0x2c, 0x20, 0x49, 0x6e, 0x63, 0x2e, 0x00, 0x50, 0x61, 0x63, 0x6b, 0x65,
    0x74, 0x63, 0x72, 0x61, 0x66, 0x74, 0x2c, 0x20, 0x49, 0x6e, 0x63, 0x2e, 0x00, 0x48, 0xc3, 0xa4,
    0x66, 0x65, 0x6c, 0x65, 0x20, 0x47, 0x6d, 0x62, 0x48, 0x20, 0x26, 0x20, 0x43, 0x6f, 0x20, 0x4b,
    0x47, 0x00, 0x53, 0x68, 0x61, 0x70, 0x65, 0x4c, 0x6f, 0x67, 0x2c, 0x20, 0x49, 0x6e, 0x63, 0x2e,
    0x00, 0x4e, 0x4f, 0x56, 0x41, 0x42, 0x41, 0x53, 0x45, 0x20, 0x53, 0x2e, 0x52, 0x2e, 0x4c, 0x2e,
    0x00, 0x46, 0x72, 0x65, 0x63, 0x63, 0x65, 0x20, 0x4c, 0x4c, 0x43, 0x00, 0x4a, 0x6f, 0x75, 0x6c,
    0x65, 0x20, 0x49, 0x51, 0x2c, 0x20, 0x49, 0x4e, 0x43, 0x2e, 0x00, 0x4b, 0x69, 0x64, 0x7a, 0x54,
    0x65, 0x6b, 0x20, 0x4c, 0x4c, 0x43, 0x00, 0x41, 0x6b, 0x74, 0x69, 0x65, 0x62, 0x6f, 0x6c, 0x61,
    0x67, 0x65, 0x74, 0x20, 0x53, 0x61, 0x6e, 0x64, 0x76, 0x69, 0x6b, 0x20, 0x43, 0x6f, 0x72, 0x6f,
    0x6d, 0x61, 0x6e, 0x74, 0x00, 0x65, 0x2d, 0x6d, 0x6f, 0x6f, 0x6c, 0x61, 0x2e, 0x63, 0x6f, 0x6d,
    0x20, 0x50, 0x74, 0x79, 0x20, 0x4c, 0x74, 0x64, 0x00, 0x5a, 0x69, 0x6d, 0x69, 0x20, 0x49, 0x6e,
    0x6e, 0x6f, 0x76, 0x61, 0x74, 0x69, 0x6f, 0x6e, 0x73, 0x20, 0x50, 0x74, 0x79, 0x20, 0x4c, 0x74,
    0x64, 0x00, 0x53, 0x45, 0x52, 0x45, 0x4e, 0x45, 0x20, 0x47, 0x52, 0x4f, 0x55, 0x50, 0x2c, 0x20,
    0x49, 0x4e, 0x43, 0x00, 0x44, 0x49, 0x47, 0x49, 0x53, 0x49, 0x4e, 0x45, 0x20, 0x45, 0x4e, 0x45,
    0x52, 0x47, 0x59, 0x54, 0x45, 0x43, 0x48, 0x20, 0x43, 0x4f, 0x2e, 0x20, 0x4c, 0x54, 0x44, 0x2e,
    0x00, 0x4d, 0x45, 0x44, 0x49, 0x52, 0x4c, 0x41, 0x42, 0x20, 0x4f, 0x72, 0x76, 0x6f, 0x73, 0x62,
    0x69, 0x6f, 0x6c, 0x6f, 0x67, 0x69, 0x61, 0x69, 0x20, 0x46, 0x65, 0x6a, 0x6c, 0x65, 0x73, 0x7a,
    0x74, 0x6f, 0x20, 0x4b, 0x6f, 0x72, 0x6c, 0x61, 0x74, 0x6f, 0x6c, 0x74, 0x20, 0x46, 0x65, 0x6c,
    0x65, 0x6c, 0x6f, 0x73, 0x73, 0x65, 0x67, 0x75, 0x20, 0x54, 0x61, 0x72, 0x73, 0x61, 0x73, 0x61,
    0x67, 0x00, 0x42, 0x79, 0x74, 0x6f, 0x6e, 0x20, 0x4e, 0x6f, 0x72, 0x74, 0x68, 0x20, 0x41, 0x6d,
    0x65, 0x72, 0x69, 0x63, 0x61, 0x20, 0x43, 0x6f, 0x72, 0x70, 0x6f, 0x72, 0x61, 0x74, 0x69, 0x6f,
    0x6e, 0x00, 0x53, 0x68, 0x65, 0x6e, 0x7a, 0x68, 0x65, 0x6e, 0x20, 0x54, 0x6f, 0x6e, 0x6c, 0x69,
    0x53, 0x63, 0x69, 0x65, 0x6e, 0x63, 0x65, 0x20, 0x61, 0x6e, 0x64, 0x20, 0x54, 0x65, 0x63, 0x68,
    0x6e, 0x6f, 0x6c, 0x6f, 0x67, 0x79, 0x20, 0x44, 0x65, 0x76, 0x65, 0x6c, 0x6f, 0x70, 0x6d, 0x65,
    0x6e, 0x74, 0x20, 0x43, 0x6f, 0x2e, 0x2c, 0x4c, 0x74, 0x64, 0x00, 0x43, 0x65, 0x73, 0x61, 0x72,
    0x20, 0x53, 0x79, 0x73, 0x74, 0x65, 0x6d, 0x73, 0x20, 0x4c, 0x74, 0x64, 0x2e, 0x00, 0x71, 0x75,
    0x69, 0x70, 0x20, 0x4e, 0x59, 0x43, 0x20, 0x49, 0x6e, 0x63, 0x2e, 0x00, 0x4b, 0x6c, 0x69, 0x70,
    0x73, 0x63, 0x68, 0x20, 0x47, 0x72, 0x6f, 0x75, 0x70, 0x2c, 0x20, 0x49, 0x6e, 0x63, 0x2e, 0x00,
    0x41, 0x63, 0x63, 0x65, 0x73, 0x73, 0x20, 0x43, 0x6f, 0x2e, 0x2c, 0x20, 0x4c, 0x74, 0x64, 0x00,
    0x52, 0x65, 0x6e, 0x61, 0x75, 0x6c, 0x74, 0x20, 0x53, 0x41, 0x00, 0x4a, 0x53, 0x4b, 0x20, 0x43,
    0x4f, 0x2e, 0x2c, 0x20, 0x4c, 0x54, 0x44, 0x2e, 0x00, 0x42, 0x49, 0x52, 0x4f, 0x54, 0x41, 0x00,
    0x6d, 0x61, 0x78, 0x6f, 0x6e, 0x20, 0x6d, 0x6f, 0x74, 0x6f, 0x72, 0x20, 0x6c, 0x74, 0x64, 0x2e,
    0x00, 0x4f, 0x70, 0x74, 0x65, 0x6b, 0x00, 0x43, 0x52, 0x4f, 0x4e, 0x55, 0x53, 0x20, 0x45, 0x4c,
    0x45, 0x43, 0x54, 0x52, 0x4f, 0x4e, 0x49, 0x43, 0x53, 0x20, 0x4c, 0x54, 0x44, 0x00, 0x4e, 0x61,
    0x6e, 0x74, 0x53, 0x6f, 0x75, 0x6e, 0x64, 0x2c, 0x20, 0x49, 0x6e, 0x63, 0x2e, 0x00, 0x44, 0x6f,
    0x6d, 0x69, 0x6e, 0x74, 0x65, 0x6c, 0x6c, 0x20, 0x73, 0x2e, 0x61, 0x2e, 0x00, 0x41, 0x6e, 0x64,
    0x6f, 0x6e, 0x20, 0x48, 0x65, 0x61, 0x6c, 0x74, 0x68, 0x20, 0x43, 0x6f, 0x2e, 0x2c, 0x4c, 0x74,
    0x64, 0x00, 0x55, 0x72, 0x62, 0x61, 0x6e, 0x6d, 0x69, 0x6e, 0x64, 0x65, 0x64, 0x20, 0x4c, 0x74,
    0x64, 0x00, 0x54, 0x59, 0x52, 0x49, 0x20, 0x53, 0x77, 0x65, 0x64, 0x65, 0x6e, 0x20, 0x41, 0x42,
    0x00, 0x45, 0x43, 0x44, 0x20, 0x45, 0x6c, 0x65, 0x63, 0x74, 0x72, 0x6f, 0x6e, 0x69, 0x63, 0x20,
    0x43, 0x6f, 0x6d, 0x70, 0x6f, 0x6e, 0x65, 0x6e, 0x74, 0x73, 0x20, 0x47, 0x6d, 0x62, 0x48, 0x20,
    0x44, 0x72, 0x65, 0x73, 0x64, 0x65, 0x6e, 0x00, 0x53, 0x49, 0x53, 0x54, 0x45, 0x4d, 0x41, 0x53,
    0x20, 0x4b, 0x45, 0x52, 0x4e, 0x2c, 0x20, 0x53, 0x4f, 0x43, 0x49, 0x45, 0x44, 0x41, 0x44, 0x20,
    0x41, 0x4e, 0xc3, 0x93, 0x4d, 0x49, 0x4e, 0x41, 0x00, 0x54, 0x72, 0x75, 0x6c, 0x6c, 0x69, 0x20,
    0x41, 0x75, 0x64, 0x69, 0x6f, 0x00, 0x41, 0x6c, 0x74, 0x61, 0x6e, 0x65, 0x6f, 0x73, 0x00, 0x4e,
    0x61, 0x6e, 0x6f, 0x6c, 0x65, 0x61, 0x66, 0x20, 0x43, 0x61, 0x6e, 0x61, 0x64, 0x61, 0x20, 0x4c,
    0x69, 0x6d, 0x69, 0x74, 0x65, 0x64, 0x00, 0x49, 0x6e, 0x67, 0x79, 0x20, 0x42, 0x2e, 0x56, 0x2e,
    0x00, 0x41, 0x7a, 0x62, 0x69, 0x6c, 0x20, 0x43, 0x6f, 0x2e, 0x00, 0x54, 0x41, 0x54, 0x54, 0x43,
    0x4f, 0x4d, 0x20, 0x4c, 0x4c, 0x43, 0x00, 0x50, 0x61, 0x72, 0x61, 0x64, 0x6f, 0x78, 0x20, 0x45,
    0x6e, 0x67, 0x69, 0x6e, 0x65, 0x65, 0x72, 0x69, 0x6e, 0x67, 0x20, 0x53, 0x41, 0x00, 0x4c, 0x45,
    0x43, 0x4f, 0x20, 0x43, 0x6f, 0x72, 0x70, 0x6f, 0x72, 0x61, 0x74, 0x69, 0x6f, 0x6e, 0x00, 0x42,
    0x65, 0x63, 0x6b, 0x65, 0x72, 0x20, 0x41, 0x6e, 0x74, 0x72, 0x69, 0x65, 0x62, 0x65, 0x20, 0x47,
    0x6d, 0x62, 0x48, 0x00, 0x4d, 0x73, 0x74, 0x72, 0x65, 0x61, 0x6d, 0x20, 0x54, 0x65, 0x63, 0x68,
    0x6e, 0x6f, 0x6c, 0x6f, 0x67, 0x69, 0x65, 0x73, 0x2e, 0x2c, 0x20, 0x49, 0x6e, 0x63, 0x2e, 0x00,
    0x46, 0x6c, 0x65, 0x78, 0x74, 0x72, 0x6f, 0x6e, 0x69, 0x63, 0x73, 0x20, 0x49, 0x6e, 0x74, 0x65,
    0x72, 0x6e, 0x61, 0x74, 0x69, 0x6f, 0x6e, 0x61, 0x6c, 0x20, 0x55, 0x53, 0x41, 0x20, 0x49, 0x6e,
    0x63, 0x2e, 0x00, 0x4f, 0x73, 0x73, 0x75, 0x72, 0x20, 0x68, 0x66, 0x2e, 0x00, 0x53, 0x4b, 0x43,
    0x20, 0x49, 0x6e, 0x63, 0x00, 0x53, 0x50, 0x49, 0x43, 0x41, 0x20, 0x53, 0x59, 0x53, 0x54, 0x45,
    0x4d, 0x53, 0x20, 0x4c, 0x4c, 0x43, 0x00, 0x57, 0x61, 0x6e, 0x67, 0x73, 0x20, 0x41, 0x6c, 0x6c,
    0x69, 0x61, 0x6e, 0x63, 0x65, 0x20, 0x43, 0x6f, 0x72, 0x70, 0x6f, 0x72, 0x61, 0x74, 0x69, 0x6f,
    0x6e, 0x00, 0x74, 0x61, 0x74, 0x77, 0x61, 0x68, 0x20, 0x53, 0x41, 0x00, 0x48, 0x75, 0x6e, 0x74,
    0x65, 0x72, 0x20, 0x44, 0x6f, 0x75, 0x67, 0x6c, 0x61, 0x73, 0x20, 0x49, 0x6e, 0x63, 0x00, 0x53,
    0x68, 0x65, 0x6e, 0x7a, 0x68, 0x65, 0x6e, 0x20, 0x43, 0x6f, 0x6e, 0x65, 0x78, 0x00, 0x44, 0x49,
    0x4d, 0x33, 0x00, 0x42, 0x6f, 0x62, 0x72, 0x69, 0x63, 0x6b, 0x20, 0x57, 0x61, 0x73, 0x68, 0x72,
    0x6f, 0x6f, 0x6d, 0x20, 0x45, 0x71, 0x75, 0x69, 0x70, 0x6d, 0x65, 0x6e, 0x74, 0x2c, 0x20, 0x49,
    0x6e, 0x63, 0x2e, 0x00, 0x50, 0x6f, 0x74, 0x72, 0x79, 0x6b, 0x75, 0x73, 0x20, 0x48, 0x6f, 0x6c,
    0x64, 0x69, 0x6e, 0x67, 0x73, 0x20, 0x61, 0x6e, 0x64, 0x20, 0x44, 0x65, 0x76, 0x65, 0x6c, 0x6f,
    0x70, 0x6d, 0x65, 0x6e, 0x74, 0x20, 0x4c, 0x4c, 0x43, 0x00, 0x69, 0x4e, 0x46, 0x4f, 0x52, 0x4d,
    0x20, 0x54, 0x65, 0x63, 0x68, 0x6e, 0x6f, 0x6c, 0x6f, 0x67, 0x79, 0x20, 0x47, 0x6d, 0x62, 0x48,
    0x00, 0x65, 0x53, 0x65, 0x6e, 0x73, 0x65, 0x4c, 0x61, 0x62, 0x20, 0x4c, 0x54, 0x44, 0x00, 0x42,
    0x72, 0x69, 0x6c, 0x6c, 0x69, 0x61, 0x6e, 0x74, 0x20, 0x48, 0x6f, 0x6d, 0x65, 0x20, 0x54, 0x65,
    0x63, 0x68, 0x6e, 0x6f, 0x6c, 0x6f, 0x67, 0x79, 0x2c, 0x20, 0x49, 0x6e, 0x63, 0x2e, 0x00, 0x49,
    0x4e, 0x4f, 0x56, 0x41, 0x20, 0x47, 0x65, 0x6f, 0x70, 0x68, 0x79, 0x73, 0x69, 0x63, 0x61, 0x6c,
    0x2c, 0x20, 0x49, 0x6e, 0x63, 0x2e, 0x00, 0x61, 0x64, 0x61, 0x66, 0x72, 0x75, 0x69, 0x74, 0x20,
    0x69, 0x6e, 0x64, 0x75, 0x73, 0x74, 0x72, 0x69, 0x65, 0x73, 0x00, 0x38, 0x50, 0x6f, 0x77, 0x65,
    0x72, 0x20, 0x4c, 0x69, 0x6d, 0x69, 0x74, 0x65, 0x64, 0x00, 0x43, 0x4d, 0x45, 0x20, 0x50, 0x54,
    0x45, 0x2e, 0x20, 0x4c, 0x54, 0x44, 0x2e, 0x00, 0x48, 0x79, 0x75, 0x6e, 0x64, 0x61, 0x69, 0x20,
    0x4d, 0x6f, 0x74, 0x6f, 0x72, 0x20, 0x43, 0x6f, 0x6d, 0x70, 0x61, 0x6e, 0x79, 0x00, 0x4b, 0x69,
    0x63, 0x6b, 0x6d, 0x61, 0x6b, 0x65, 0x72, 0x00, 0x53, 0x68, 0x61, 0x6e, 0x67, 0x68, 0x61, 0x69,
    0x20, 0x53, 0x75, 0x69, 0x73, 0x68, 0x65, 0x6e, 0x67, 0x20, 0x49, 0x6e, 0x66, 0x6f, 0x72, 0x6d,
    0x61, 0x74, 0x69, 0x6f, 0x6e, 0x20, 0x54, 0x65, 0x63, 0x68, 0x6e, 0x6f, 0x6c, 0x6f, 0x67, 0x79,
    0x20, 0x43, 0x6f, 0x2e, 0x2c, 0x20, 0x4c, 0x74, 0x64, 0x2e, 0x00, 0x48, 0x45, 0x58, 0x41, 0x47,
    0x4f, 0x4e, 0x20, 0x4d, 0x45, 0x54, 0x52, 0x4f, 0x4c, 0x4f, 0x47, 0x59, 0x20, 0x44, 0x49, 0x56,
    0x49, 0x53, 0x49, 0x4f, 0x4e, 0x20, 0x52, 0x4f, 0x4d, 0x45, 0x52, 0x00, 0x4d, 0x69, 0x74, 0x75,
    0x74, 0x6f, 0x79, 0x6f, 0x20, 0x43, 0x6f, 0x72, 0x70, 0x6f, 0x72, 0x61, 0x74, 0x69, 0x6f, 0x6e,
    0x00, 0x73, 0x68, 0x65, 0x6e, 0x7a, 0x68, 0x65, 0x6e, 0x20, 0x66, 0x69, 0x74, 0x63, 0x61, 0x72,
    0x65, 0x20, 0x65, 0x6c, 0x65, 0x63, 0x74, 0x72, 0x6f, 0x6e, 0x69, 0x63, 0x73, 0x20, 0x43, 0x6f,
    0x2e, 0x2c, 0x4c, 0x74, 0x64, 0x00, 0x49, 0x4e, 0x47, 0x49, 0x43, 0x53, 0x20, 0x54, 0x45, 0x43,
    0x48, 0x4e, 0x4f, 0x4c, 0x4f, 0x47, 0x59, 0x20, 0x43, 0x4f, 0x2e, 0x2c, 0x20, 0x4c, 0x54, 0x44,
    0x2e, 0x00, 0x49, 0x4e, 0x43, 0x55, 0x53, 0x20, 0x50, 0x45, 0x52, 0x46, 0x4f, 0x52, 0x4d, 0x41,
    0x4e, 0x43, 0x45, 0x20, 0x4c, 0x54, 0x44, 0x2e, 0x00, 0x41, 0x42, 0x42, 0x20, 0x53, 0x2e, 0x70,
    0x2e, 0x41, 0x2e, 0x00, 0x42, 0x6c, 0x69, 0x70, 0x70, 0x69, 0x74, 0x20, 0x41, 0x42, 0x00, 0x46,
    0x6f, 0x78, 0x62, 0x6c, 0x65, 0x2c, 0x20, 0x4c, 0x4c, 0x43, 0x00, 0x49, 0x6e, 0x74, 0x65, 0x72,
    0x6d, 0x6f, 0x74, 0x69, 0x76, 0x65, 0x2c, 0x49, 0x6e, 0x63, 0x2e, 0x00, 0x43, 0x6f, 0x6e, 0x6e,
    0x65, 0x71, 0x74, 0x65, 0x63, 0x68, 0x20, 0x42, 0x2e, 0x56, 0x2e, 0x00, 0x52, 0x49, 0x4b, 0x45,
    0x4e, 0x20, 0x4b, 0x45, 0x49, 0x4b, 0x49, 0x20, 0x43, 0x4f, 0x2e, 0x2c, 0x20, 0x4c, 0x54, 0x44,
    0x2e, 0x2c, 0x00, 0x43, 0x61, 0x6e, 0x6f, 0x70, 0x79, 0x20, 0x47, 0x72, 0x6f, 0x77, 0x74, 0x68,
    0x20, 0x43, 0x6f, 0x72, 0x70, 0x6f, 0x72, 0x61, 0x74, 0x69, 0x6f, 0x6e, 0x00, 0x42, 0x69, 0x74,
    0x77, 0x61, 0x72, 0x64, 0x73, 0x20, 0x4f, 0x79, 0x00, 0x76, 0x69, 0x76, 0x6f, 0x20, 0x4d, 0x6f,
    0x62, 0x69, 0x6c, 0x65, 0x20, 0x43, 0x6f, 0x6d, 0x6d, 0x75, 0x6e, 0x69, 0x63, 0x61, 0x74, 0x69,
    0x6f, 0x6e, 0x20, 0x43, 0x6f, 0x2e, 0x2c, 0x20, 0x4c, 0x74, 0x64, 0x2e, 0x00, 0x45, 0x74, 0x79,
    0x6d, 0x6f, 0x74, 0x69, 0x63, 0x20, 0x52, 0x65, 0x73, 0x65, 0x61, 0x72, 0x63, 0x68, 0x2c, 0x20,
    0x49, 0x6e, 0x63, 0x2e, 0x00, 0x41, 0x20, 0x70, 0x75, 0x69, 0x73, 0x73, 0x61, 0x6e, 0x63, 0x65,
    0x20, 0x33, 0x00, 0x42, 0x50, 0x57, 0x20, 0x42, 0x65, 0x72, 0x67, 0x69, 0x73, 0x63, 0x68, 0x65,
    0x20, 0x41, 0x63, 0x68, 0x73, 0x65, 0x6e, 0x20, 0x4b, 0x6f, 0x6d, 0x6d, 0x61, 0x6e, 0x64, 0x69,
    0x74, 0x67, 0x65, 0x73, 0x65, 0x6c, 0x6c, 0x73, 0x63, 0x68, 0x61, 0x66, 0x74, 0x00, 0x50, 0x69,
    0x61, 0x67, 0x67, 0x69, 0x6f, 0x20, 0x46, 0x61, 0x73, 0x74, 0x20, 0x46, 0x6f, 0x72, 0x77, 0x61,
    0x72, 0x64, 0x00, 0x42, 0x65, 0x65, 0x72, 0x54, 0x65, 0x63, 0x68, 0x20, 0x4c, 0x54, 0x44, 0x00,
    0x54, 0x6f, 0x6b, 0x65, 0x6e, 0x69, 0x7a, 0x65, 0x2c, 0x20, 0x49, 0x6e, 0x63, 0x2e, 0x00, 0x5a,
    0x6f, 0x72, 0x61, 0x63, 0x68, 0x6b, 0x61, 0x20, 0x4c, 0x54, 0x44, 0x00, 0x44, 0x2d, 0x4c, 0x69,
    0x6e, 0x6b, 0x20, 0x43, 0x6f, 0x72, 0x70, 0x2e, 0x00, 0x44, 0x6f, 0x77, 0x6e, 0x20, 0x52, 0x61,
    0x6e, 0x67, 0x65, 0x20, 0x53, 0x79, 0x73, 0x74, 0x65, 0x6d, 0x73, 0x20, 0x4c, 0x4c, 0x43, 0x00,
    0x47, 0x65, 0x6e, 0x65, 0x72, 0x61, 0x6c, 0x20, 0x4c, 0x75, 0x6d, 0x69, 0x6e, 0x61, 0x69, 0x72,
    0x65, 0x20, 0x28, 0x53, 0x68, 0x61, 0x6e, 0x67, 0x68, 0x61, 0x69, 0x29, 0x20, 0x43, 0x6f, 0x2e,
    0x2c, 0x20, 0x4c, 0x74, 0x64, 0x2e, 0x00, 0x54, 0x61, 0x6e, 0x67, 0x73, 0x68, 0x61, 0x6e, 0x20,
    0x48, 0x6f, 0x6e, 0x67, 0x4a, 0x69, 0x61, 0x20, 0x65, 0x6c, 0x65, 0x63, 0x74, 0x72, 0x6f, 0x6e,
    0x69, 0x63, 0x20, 0x74, 0x65, 0x63, 0x68, 0x6e, 0x6f, 0x6c, 0x6f, 0x67, 0x79, 0x20, 0x63, 0x6f,
    0x2e, 0x2c, 0x20, 0x4c, 0x54, 0x44, 0x2e, 0x00, 0x46, 0x52, 0x41, 0x47, 0x52, 0x41, 0x4e, 0x43,
    0x45, 0x20, 0x44, 0x45, 0x4c, 0x49, 0x56, 0x45, 0x52, 0x59, 0x20, 0x54, 0x45, 0x43, 0x48, 0x4e,
    0x4f, 0x4c, 0x4f, 0x47, 0x49, 0x45, 0x53, 0x20, 0x4c, 0x54, 0x44, 0x00, 0x50, 0x65, 0x70, 0x70,
    0x65, 0x72, 0x6c, 0x20, 0x2b, 0x20, 0x46, 0x75, 0x63, 0x68, 0x73, 0x20, 0x47, 0x6d, 0x62, 0x48,
    0x00, 0x44, 0x6f, 0x6d, 0x65, 0x74, 0x69, 0x63, 0x20, 0x43, 0x6f, 0x72, 0x70, 0x6f, 0x72, 0x61,
    0x74, 0x69, 0x6f, 0x6e, 0x00, 0x55, 0x53, 0x6f, 0x75, 0x6e, 0x64, 0x20, 0x47, 0x6d, 0x62, 0x48,
    0x00, 0x44, 0x4e, 0x41, 0x4e, 0x55, 0x44, 0x47, 0x45, 0x20, 0x4c, 0x49, 0x4d, 0x49, 0x54, 0x45,
    0x44, 0x00, 0x4a, 0x55, 0x4a, 0x55, 0x20, 0x4a, 0x4f, 0x49, 0x4e, 0x54, 0x53, 0x20, 0x43, 0x41,
    0x4e, 0x41, 0x44, 0x41, 0x20, 0x43, 0x4f, 0x52, 0x50, 0x2e, 0x00, 0x44, 0x6f, 0x70, 0x70, 0x6c,
    0x65, 0x20, 0x54, 0x65, 0x63, 0x68, 0x6e, 0x6f, 0x6c, 0x6f, 0x67, 0x69, 0x65, 0x73, 0x20, 0x42,
    0x2e, 0x56, 0x2e, 0x00, 0x41, 0x52, 0x43, 0x4f, 0x4d, 0x00, 0x42, 0x69, 0x6f, 0x74, 0x65, 0x63,
    0x68, 0x77, 0x61, 0x72, 0x65, 0x20, 0x53, 0x52, 0x4c, 0x00, 0x4f, 0x52, 0x53, 0x4f, 0x20, 0x49,
    0x6e, 0x63, 0x2e, 0x00, 0x53, 0x61, 0x66, 0x65, 0x50, 0x6f, 0x72, 0x74, 0x00, 0x43, 0x61, 0x72,
    0x6f, 0x6c, 0x20, 0x43, 0x6f, 0x6c, 0x65, 0x20, 0x43, 0x6f, 0x6d, 0x70, 0x61, 0x6e, 0x79, 0x00,
    0x45, 0x6d, 0x62, 0x65, 0x64, 0x64, 0x65, 0x64, 0x20, 0x46, 0x69, 0x74, 0x6e, 0x65, 0x73, 0x73,
    0x20, 0x42, 0x2e, 0x56, 0x2e, 0x00, 0x59, 0x65, 0x61, 0x6c, 0x69, 0x6e, 0x6b, 0x20, 0x28, 0x58,
    0x69, 0x61, 0x6d, 0x65, 0x6e, 0x29, 0x20, 0x4e, 0x65, 0x74, 0x77, 0x6f, 0x72, 0x6b, 0x20, 0x54,
    0x65, 0x63, 0x68, 0x6e, 0x6f, 0x6c, 0x6f, 0x67, 0x79, 0x20, 0x43, 0x6f, 0x2e, 0x2c, 0x4c, 0x54,
    0x44, 0x00, 0x53, 0x75, 0x62, 0x65, 0x63, 0x61, 0x2c, 0x20, 0x49, 0x6e, 0x63, 0x2e, 0x00, 0x43,
    0x6f, 0x67, 0x6e, 0x6f, 0x73, 0x6f, 0x73, 0x2c, 0x20, 0x49, 0x6e, 0x63, 0x2e, 0x00, 0x50, 0x65,
    0x6b, 0x74, 0x72, 0x6f, 0x6e, 0x20, 0x47, 0x72, 0x6f, 0x75, 0x70, 0x20, 0x4c, 0x69, 0x6d, 0x69,
    0x74, 0x65, 0x64, 0x00, 0x54, 0x61, 0x70, 0x20, 0x53, 0x6f, 0x75, 0x6e, 0x64, 0x20, 0x53, 0x79,
    0x73, 0x74, 0x65, 0x6d, 0x00, 0x48, 0x65, 0x6c, 0x69, 0x6f, 0x73, 0x20, 0x53, 0x70, 0x6f, 0x72,
    0x74, 0x73, 0x2c, 0x20, 0x49, 0x6e, 0x63, 0x2e, 0x00, 0x50, 0x61, 0x72, 0x73, 0x79, 0x6c, 0x20,
    0x49, 0x6e, 0x63, 0x00, 0x53, 0x4f, 0x55, 0x4e, 0x44, 0x42, 0x4f, 0x4b, 0x53, 0x00, 0x42, 0x6c,
    0x75, 0x65, 0x55, 0x70, 0x00, 0x44, 0x41, 0x4b, 0x41, 0x54, 0x45, 0x43, 0x48, 0x00, 0x4e, 0x69,
    0x73, 0x73, 0x68, 0x69, 0x6e, 0x62, 0x6f, 0x20, 0x4d, 0x69, 0x63, 0x72, 0x6f, 0x20, 0x44, 0x65,
    0x76, 0x69, 0x63, 0x65, 0x73, 0x20, 0x49, 0x6e, 0x63, 0x2e, 0x00, 0x41, 0x43, 0x4f, 0x53, 0x20,
    0x43, 0x4f, 0x2e, 0x2c, 0x4c, 0x54, 0x44, 0x2e, 0x00, 0x47, 0x75, 0x69, 0x6c, 0x69, 0x6e, 0x20,
    0x5a, 0x68, 0x69, 0x73, 0x68, 0x65, 0x6e, 0x20, 0x49, 0x6e, 0x66, 0x6f, 0x72, 0x6d, 0x61, 0x74,
    0x69, 0x6f, 0x6e, 0x20, 0x54, 0x65, 0x63, 0x68, 0x6e, 0x6f, 0x6c, 0x6f, 0x67, 0x79, 0x20, 0x43,
    0x6f, 0x2e, 0x2c, 0x4c, 0x74, 0x64, 0x2e, 0x00, 0x4b, 0x72, 0x6f, 0x67, 0x20, 0x53, 0x79, 0x73,
    0x74, 0x65, 0x6d, 0x73, 0x20, 0x4c, 0x4c, 0x43, 0x00, 0x41, 0x6c, 0x66, 0x6c, 0x65, 0x78, 0x20,
    0x50, 0x72, 0x6f, 0x64, 0x75, 0x63, 0x74, 0x73, 0x20, 0x42, 0x2e, 0x56, 0x2e, 0x00, 0x53, 0x6d,
    0x61, 0x72, 0x74, 0x53, 0x65, 0x6e, 0x73, 0x6f, 0x72, 0x20, 0x4c, 0x61, 0x62, 0x73, 0x20, 0x4c,
    0x74, 0x64, 0x00, 0x53, 0x6d, 0x61, 0x72, 0x74, 0x44, 0x72, 0x69, 0x76, 0x65, 0x00, 0x59, 0x6f,
    0x2d, 0x74, 0x72, 0x6f, 0x6e, 0x69, 0x63, 0x73, 0x20, 0x54, 0x65, 0x63, 0x68, 0x6e, 0x6f, 0x6c,
    0x6f, 0x67, 0x79, 0x20, 0x43, 0x6f, 0x2e, 0x2c, 0x20, 0x4c, 0x74, 0x64, 0x2e, 0x00, 0x52, 0x61,
    0x66, 0x61, 0x65, 0x6c, 0x6d, 0x69, 0x63, 0x72, 0x6f, 0x00, 0x45, 0x6d, 0x65, 0x72, 0x67, 0x65,
    0x6e, 0x63, 0x79, 0x20, 0x4c, 0x69, 0x67, 0x68, 0x74, 0x69, 0x6e, 0x67, 0x20, 0x50, 0x72, 0x6f,
    0x64, 0x75, 0x63, 0x74, 0x73, 0x20, 0x4c, 0x69, 0x6d, 0x69, 0x74, 0x65, 0x64, 0x00, 0x4c, 0x41,
    0x4f, 0x4e, 0x5a, 0x20, 0x43, 0x6f, 0x2e, 0x2c, 0x4c, 0x74, 0x64, 0x00, 0x57, 0x65, 0x73, 0x74,
    0x65, 0x72, 0x6e, 0x20, 0x44, 0x69, 0x67, 0x69, 0x74, 0x61, 0x6c, 0x20, 0x54, 0x65, 0x63, 0x68,
    0x6f, 0x6c, 0x6f, 0x67, 0x69, 0x65, 0x73, 0x2c, 0x20, 0x49, 0x6e, 0x63, 0x2e, 0x00, 0x57, 0x49,
    0x4f, 0x73, 0x65, 0x6e, 0x73, 0x65, 0x20, 0x47, 0x6d, 0x62, 0x48, 0x20, 0x26, 0x20, 0x43, 0x6f,
    0x2e, 0x20, 0x4b, 0x47, 0x00, 0x45, 0x56, 0x56, 0x41, 0x20, 0x53, 0x69, 0x63, 0x68, 0x65, 0x72,
    0x68, 0x65, 0x69, 0x74, 0x73, 0x74, 0x65, 0x63, 0x68, 0x6e, 0x6f, 0x6c, 0x6f, 0x67, 0x69, 0x65,
    0x20, 0x47, 0x6d, 0x62, 0x48, 0x00, 0x4f, 0x64, 0x69, 0x63, 0x20, 0x49, 0x6e, 0x63, 0x6f, 0x72,
    0x70, 0x6f, 0x72, 0x61, 0x74, 0x65, 0x64, 0x00, 0x50, 0x61, 0x63, 0x69, 0x66, 0x69, 0x63, 0x20,
    0x54, 0x72, 0x61, 0x63, 0x6b, 0x2c, 0x20, 0x4c, 0x4c, 0x43, 0x00, 0x52, 0x65, 0x76, 0x76, 0x6f,
    0x20, 0x54, 0x65, 0x63, 0x68, 0x6e, 0x6f, 0x6c, 0x6f, 0x67, 0x69, 0x65, 0x73, 0x2c, 0x20, 0x49,
    0x6e, 0x63, 0x2e, 0x00, 0x42, 0x69, 0x6f, 0x6d, 0x65, 0x74, 0x72, 0x69, 0x6b, 0x61, 0x20, 0x64,
    0x2e, 0x6f, 0x2e, 0x6f, 0x2e, 0x00, 0x56, 0x6f, 0x72, 0x77, 0x65, 0x72, 0x6b, 0x20, 0x45, 0x6c,
    0x65, 0x6b, 0x74, 0x72, 0x6f, 0x77, 0x65, 0x72, 0x6b, 0x65, 0x20, 0x47, 0x6d, 0x62, 0x48, 0x20,
    0x26, 0x20, 0x43, 0x6f, 0x2e, 0x20, 0x4b, 0x47, 0x00, 0x54, 0x72, 0x61, 0x63, 0x6b, 0x75, 0x6e,
    0x69, 0x74, 0x20, 0x41, 0x2f, 0x53, 0x00, 0x57, 0x79, 0x7a, 0x65, 0x20, 0x4c, 0x61, 0x62, 0x73,
    0x2c, 0x20, 0x49, 0x6e, 0x63, 0x00, 0x44, 0x65, 0x6e, 0x73, 0x69, 0x6f, 0x6e, 0x20, 0x45, 0x6c,
    0x65, 0x6b, 0x74, 0x72, 0x6f, 0x6e, 0x69, 0x6b, 0x61, 0x69, 0x20, 0x4b, 0x66, 0x74, 0x2e, 0x00,
    0x31, 0x31, 0x20, 0x48, 0x65, 0x61, 0x6c, 0x74, 0x68, 0x20, 0x26, 0x20, 0x54, 0x65, 0x63, 0x68,
    0x6e, 0x6f, 0x6c, 0x6f, 0x67, 0x69, 0x65, 0x73, 0x20, 0x4c, 0x69, 0x6d, 0x69, 0x74, 0x65, 0x64,
    0x00, 0x49, 0x6e, 0x6e, 0x6f, 0x70, 0x68, 0x61, 0x73, 0x65, 0x20, 0x49, 0x6e, 0x63, 0x6f, 0x72,
    0x70, 0x6f, 0x72, 0x61, 0x74, 0x65, 0x64, 0x00, 0x54, 0x72, 0x65, 0x65, 0x67, 0x72, 0x65, 0x65,
    0x6e, 0x20, 0x4c, 0x69, 0x6d, 0x69, 0x74, 0x65, 0x64, 0x00, 0x42, 0x65, 0x72, 0x6e, 0x65, 0x72,
    0x20, 0x49, 0x6e, 0x74, 0x65, 0x72, 0x6e, 0x61, 0x74, 0x69, 0x6f, 0x6e, 0x61, 0x6c, 0x20, 0x4c,
    0x4c, 0x43, 0x00, 0x53, 0x6d, 0x61, 0x72, 0x74, 0x52, 0x65, 0x73, 0x51, 0x20, 0x41, 0x70, 0x53,
    0x00, 0x56, 0x61, 0x6c, 0x74, 0x65, 0x63, 0x68, 0x00, 0x54, 0x68, 0x65, 0x20, 0x43, 0x68, 0x61,
    0x6d, 0x62, 0x65, 0x72, 0x6c, 0x61, 0x69, 0x6e, 0x20, 0x47, 0x72, 0x6f, 0x75, 0x70, 0x2c, 0x20,
    0x49, 0x6e, 0x63, 0x2e, 0x00, 0x4d, 0x49, 0x5a, 0x55, 0x4e, 0x4f, 0x20, 0x43, 0x6f, 0x72, 0x70,
    0x6f, 0x72, 0x61, 0x74, 0x69, 0x6f, 0x6e, 0x00, 0x5a, 0x52, 0x46, 0x2c, 0x20, 0x4c, 0x4c, 0x43,
    0x00, 0x42, 0x59, 0x53, 0x54, 0x41, 0x4d, 0x50, 0x00, 0x43, 0x72, 0x6f, 0x73, 0x73, 0x63, 0x61,
    0x6e, 0x20, 0x47, 0x6d, 0x62, 0x48, 0x00, 0x4b, 0x6f, 0x6e, 0x66, 0x74, 0x65, 0x6c, 0x20, 0x41,
    0x42, 0x00, 0x31, 0x62, 0x61, 0x72, 0x2e, 0x6e, 0x65, 0x74, 0x20, 0x4c, 0x69, 0x6d, 0x69, 0x74,
    0x65, 0x64, 0x00, 0x50, 0x68, 0x69, 0x6c, 0x6c, 0x69, 0x70, 0x73, 0x20, 0x43, 0x6f, 0x6e, 0x6e,
    0x65, 0x63, 0x74, 0x20, 0x54, 0x65, 0x63, 0x68, 0x6e, 0x6f, 0x6c, 0x6f, 0x67, 0x69, 0x65, 0x73,
    0x20, 0x4c, 0x4c, 0x43, 0x00, 0x69, 0x6d, 0x61, 0x67, 0x69, 0x4c, 0x61, 0x62, 0x73, 0x20, 0x41,
    0x42, 0x00, 0x4f, 0x70, 0x74, 0x61, 0x6c, 0x65, 0x72, 0x74, 0x00, 0x50, 0x53, 0x59, 0x4f, 0x4e,
    0x49, 0x43, 0x2c, 0x20, 0x49, 0x6e, 0x63, 0x2e, 0x00, 0x57, 0x69, 0x6e, 0x74, 0x65, 0x72, 0x73,
    0x74, 0x65, 0x69, 0x67, 0x65, 0x72, 0x20, 0x41, 0x47, 0x00, 0x43, 0x6f, 0x6e, 0x74, 0x72, 0x6f,
    0x6c, 0x69, 0x64, 0x20, 0x49, 0x6e, 0x64, 0x75, 0x73, 0x74, 0x72, 0x69, 0x61, 0x2c, 0x20, 0x43,
    0x6f, 0x6d, 0x65, 0x72, 0x63, 0x69, 0x6f, 0x20, 0x64, 0x65, 0x20, 0x48, 0x61, 0x72, 0x64, 0x77,
    0x61, 0x72, 0x65, 0x20, 0x65, 0x20, 0x53, 0x65, 0x72, 0x76, 0x69, 0x63, 0x6f, 0x73, 0x20, 0x64,
    0x65, 0x20, 0x54, 0x65, 0x63, 0x6e, 0x6f, 0x6c, 0x6f, 0x67, 0x69, 0x61, 0x20, 0x4c, 0x74, 0x64,
    0x61, 0x00, 0x4d, 0x6f, 0x76, 0x65, 0x6c, 0x6c, 0x61, 0x20, 0x54, 0x65, 0x63, 0x68, 0x6e, 0x6f,
    0x6c, 0x6f, 0x67, 0x69, 0x65, 0x73, 0x20, 0x42, 0x2e, 0x56, 0x2e, 0x00, 0x48, 0x79, 0x64, 0x72,
    0x6f, 0x2d, 0x47, 0x65, 0x61, 0x72, 0x20, 0x4c, 0x69, 0x6d, 0x69, 0x74, 0x65, 0x64, 0x20, 0x50,
    0x61, 0x72, 0x74, 0x6e, 0x65, 0x72, 0x73, 0x68, 0x69, 0x70, 0x00, 0x45, 0x6e, 0x50, 0x6f, 0x69,
    0x6e, 0x74, 0x65, 0x20, 0x46, 0x65, 0x6e, 0x63, 0x69, 0x6e, 0x67, 0x20, 0x50, 0x74, 0x79, 0x20,
    0x4c, 0x74, 0x64, 0x00, 0x58, 0x41, 0x4e, 0x54, 0x48, 0x49, 0x4f, 0x00, 0x73, 0x63, 0x6c, 0x61,
    0x6b, 0x20, 0x73, 0x2e, 0x72, 0x2e, 0x6c, 0x2e, 0x00, 0x54, 0x72, 0x69, 0x63, 0x6f, 0x72, 0x64,
    0x65, 0x72, 0x20, 0x41, 0x72, 0x72, 0x61, 0x61, 0x79, 0x20, 0x54, 0x65, 0x63, 0x68, 0x6e, 0x6f,
    0x6c, 0x6f, 0x67, 0x69, 0x65, 0x73, 0x20, 0x4c, 0x4c, 0x43, 0x00, 0x47, 0x42, 0x20, 0x53, 0x6f,
    0x6c, 0x75, 0x74, 0x69, 0x6f, 0x6e, 0x20, 0x63, 0x6f, 0x2e, 0x2c, 0x4c, 0x74, 0x64, 0x00, 0x53,
    0x6f, 0x6c, 0x69, 0x74, 0x6f, 0x6e, 0x20, 0x53, 0x79, 0x73, 0x74, 0x65, 0x6d, 0x73, 0x20, 0x4b,
    0x2e, 0x4b, 0x2e, 0x00, 0x54, 0x61, 0x69, 0x74, 0x20, 0x49, 0x6e, 0x74, 0x65, 0x72, 0x6e, 0x61,
    0x74, 0x69, 0x6f, 0x6e, 0x61, 0x6c, 0x20, 0x4c, 0x69, 0x6d, 0x69, 0x74, 0x65, 0x64, 0x00, 0x4e,
    0x49, 0x43, 0x48, 0x49, 0x45, 0x49, 0x20, 0x49, 0x4e, 0x54, 0x45, 0x43, 0x20, 0x43, 0x4f, 0x2e,
    0x2c, 0x20, 0x4c, 0x54, 0x44, 0x2e, 0x00, 0x53, 0x6d, 0x61, 0x72, 0x74, 0x57, 0x69, 0x72, 0x65,
    0x6c, 0x65, 0x73, 0x73, 0x20, 0x47, 0x6d, 0x62, 0x48, 0x20, 0x26, 0x20, 0x43, 0x6f, 0x2e, 0x20,
    0x4b, 0x47, 0x00, 0x49, 0x6e, 0x67, 0x65, 0x6e, 0x69, 0x65, 0x75, 0x72, 0x62, 0x75, 0x65, 0x72,
    0x6f, 0x20, 0x42, 0x69, 0x72, 0x6e, 0x66, 0x65, 0x6c, 0x64, 0x20, 0x55, 0x47, 0x20, 0x28, 0x68,
    0x61, 0x66, 0x74, 0x75, 0x6e, 0x67, 0x73, 0x62, 0x65, 0x73, 0x63, 0x68, 0x72, 0x61, 0x65, 0x6e,
    0x6b, 0x74, 0x29, 0x00, 0x4d, 0x61, 0x79, 0x74, 0x72, 0x6f, 0x6e, 0x69, 0x63, 0x73, 0x20, 0x4c,
    0x74, 0x64, 0x00, 0x45, 0x50, 0x49, 0x46, 0x49, 0x54, 0x00, 0x47, 0x69, 0x6d, 0x65, 0x72, 0x20,
    0x6d, 0x65, 0x64, 0x69, 0x63, 0x61, 0x6c, 0x00, 0x4e, 0x6f, 0x6b, 0x69, 0x61, 0x6e, 0x20, 0x52,
    0x65, 0x6e, 0x6b, 0x61, 0x61, 0x74, 0x20, 0x4f, 0x79, 0x6a, 0x00, 0x43, 0x75, 0x72, 0x72, 0x65,
    0x6e, 0x74, 0x20, 0x4c, 0x69, 0x67, 0x68, 0x74, 0x69, 0x6e, 0x67, 0x20, 0x53, 0x6f, 0x6c, 0x75,
    0x74, 0x69, 0x6f, 0x6e, 0x73, 0x20, 0x4c, 0x4c, 0x43, 0x00, 0x53, 0x46, 0x53, 0x20, 0x75, 0x6e,
    0x69, 0x6d, 0x61, 0x72, 0x6b, 0x65, 0x74, 0x20, 0x41, 0x47, 0x00, 0x50, 0x72, 0x69, 0x76, 0x61,
    0x74, 0x65, 0x20, 0x6c, 0x69, 0x6d, 0x69, 0x74, 0x65, 0x64, 0x20, 0x63, 0x6f, 0x6d, 0x70, 0x61,
    0x6e, 0x79, 0x20, 0x22, 0x54, 0x65, 0x6c, 0x74, 0x6f, 0x6e, 0x69, 0x6b, 0x61, 0x22, 0x00, 0x53,
    0x61, 0x75, 0x63, 0x6f, 0x6e, 0x20, 0x54, 0x65, 0x63, 0x68, 0x6e, 0x6f, 0x6c, 0x6f, 0x67, 0x69,
    0x65, 0x73, 0x00, 0x45, 0x6d, 0x62, 0x65, 0x64, 0x64, 0x65, 0x64, 0x20, 0x44, 0x65, 0x76, 0x69,
    0x63, 0x65, 0x73, 0x20, 0x43, 0x6f, 0x2e, 0x20, 0x43, 0x6f, 0x6d, 0x70, 0x61, 0x6e, 0x79, 0x00,
    0x4a, 0x2d, 0x4a, 0x2e, 0x41, 0x2e, 0x44, 0x2e, 0x45, 0x2e, 0x20, 0x45, 0x6e, 0x74, 0x65, 0x72,
    0x70, 0x72, 0x69, 0x73, 0x65, 0x20, 0x4c, 0x4c, 0x43, 0x00, 0x69, 0x2d, 0x53, 0x45, 0x4e, 0x53,
    0x2c, 0x20, 0x69, 0x6e, 0x63, 0x2e, 0x00, 0x57, 0x69, 0x74, 0x73, 0x63, 0x68, 0x69, 0x20, 0x45,
    0x6c, 0x65, 0x63, 0x74, 0x72, 0x6f, 0x6e, 0x69, 0x63, 0x20, 0x4c, 0x74, 0x64, 0x00, 0x41, 0x63,
    0x6c, 0x61, 0x72, 0x61, 0x20, 0x54, 0x65, 0x63, 0x68, 0x6e, 0x6f, 0x6c, 0x6f, 0x67, 0x69, 0x65,
    0x73, 0x20, 0x4c, 0x4c, 0x43, 0x00, 0x45, 0x58, 0x45, 0x4f, 0x20, 0x54, 0x45, 0x43, 0x48, 0x20,
    0x43, 0x4f, 0x52, 0x50, 0x4f, 0x52, 0x41, 0x54, 0x49, 0x4f, 0x4e, 0x00, 0x45, 0x70, 0x69, 0x63,
    0x20, 0x53, 0x79, 0x73, 0x74, 0x65, 0x6d, 0x73, 0x20, 0x43, 0x6f, 0x2e, 0x2c, 0x20, 0x4c, 0x74,
    0x64, 0x2e, 0x00, 0x48, 0x6f, 0x66, 0x66, 0x6d, 0x61, 0x6e, 0x6e, 0x20, 0x53, 0x45, 0x00, 0x52,
    0x65, 0x61, 0x6c, 0x6d, 0x65, 0x20, 0x43, 0x68, 0x6f, 0x6e, 0x67, 0x71, 0x69, 0x6e, 0x67, 0x20,
    0x4d, 0x6f, 0x62, 0x69, 0x6c, 0x65, 0x20, 0x54, 0x65, 0x6c, 0x65, 0x63, 0x6f, 0x6d, 0x6d, 0x75,
    0x6e, 0x69, 0x63, 0x61, 0x74, 0x69, 0x6f, 0x6e, 0x73, 0x20, 0x43, 0x6f, 0x72, 0x70, 0x2e, 0x2c,
    0x20, 0x4c, 0x74, 0x64, 0x2e, 0x00, 0x49, 0x6e, 0x74, 0x65, 0x6c, 0x6c, 0x69, 0x67, 0x65, 0x6e,
    0x63, 0x65, 0x77, 0x6f, 0x72, 0x6b, 0x73, 0x20, 0x49, 0x6e, 0x63, 0x2e, 0x00, 0x54, 0x47, 0x52,
    0x20, 0x31, 0x2e, 0x36, 0x31, 0x38, 0x20, 0x4c, 0x69, 0x6d, 0x69, 0x74, 0x65, 0x64, 0x00, 0x53,
    0x68, 0x61, 0x6e, 0x67, 0x68, 0x61, 0x69, 0x20, 0x4b, 0x66, 0x63, 0x75, 0x62, 0x65, 0x20, 0x49,
    0x6e, 0x63, 0x00, 0x46, 0x72, 0x61, 0x75, 0x6e, 0x68, 0x6f, 0x66, 0x65, 0x72, 0x20, 0x49, 0x49,
    0x53, 0x00, 0x53, 0x5a, 0x20, 0x44, 0x4a, 0x49, 0x20, 0x54, 0x45, 0x43, 0x48, 0x4e, 0x4f, 0x4c,
    0x4f, 0x47, 0x59, 0x20, 0x43, 0x4f, 0x2e, 0x2c, 0x4c, 0x54, 0x44, 0x00, 0x43, 0x6f, 0x62, 0x75,
    0x72, 0x6e, 0x20, 0x54, 0x65, 0x63, 0x68, 0x6e, 0x6f, 0x6c, 0x6f, 0x67, 0x79, 0x2c, 0x20, 0x4c,
    0x4c, 0x43, 0x00, 0x54, 0x6f, 0x70, 0x72, 0x65, 0x20, 0x43, 0x6f, 0x72, 0x70, 0x6f, 0x72, 0x61,
    0x74, 0x69, 0x6f, 0x6e, 0x00, 0x4b, 0x61, 0x79, 0x61, 0x6d, 0x61, 0x74, 0x69, 0x63, 0x73, 0x20,
    0x4c, 0x69, 0x6d, 0x69, 0x74, 0x65, 0x64, 0x00, 0x4d, 0x6f, 0x74, 0x69, 0x63, 0x6f, 0x6e, 0x20,
    0x52, 0x65, 0x47, 0x6f, 0x20, 0x41, 0x47, 0x00, 0x50, 0x6f, 0x6c, 0x69, 0x64, 0x65, 0x61, 0x20,
    0x53, 0x70, 0x2e, 0x20, 0x7a, 0x20, 0x6f, 0x2e, 0x6f, 0x2e, 0x00, 0x54, 0x72, 0x69, 0x76, 0x65,
    0x64, 0x69, 0x20, 0x41, 0x64, 0x76, 0x61, 0x6e, 0x63, 0x65, 0x64, 0x20, 0x54, 0x65, 0x63, 0x68,
    0x6e, 0x6f, 0x6c, 0x6f, 0x67, 0x69, 0x65, 0x73, 0x20, 0x4c, 0x4c, 0x43, 0x00, 0x43, 0x4f, 0x52,
    0x45, 0x7c, 0x76, 0x69, 0x73, 0x69, 0x6f, 0x6e, 0x20, 0x42, 0x56, 0x00, 0x50, 0x46, 0x20, 0x53,
    0x43, 0x48, 0x57, 0x45, 0x49, 0x53, 0x53, 0x54, 0x45, 0x43, 0x48, 0x4e, 0x4f, 0x4c, 0x4f, 0x47,
    0x49, 0x45, 0x20, 0x47, 0x4d, 0x42, 0x48, 0x00, 0x49, 0x4f, 0x4e, 0x49, 0x51, 0x20, 0x53, 0x6b,
    0x69, 0x6e, 0x63, 0x61, 0x72, 0x65, 0x20, 0x47, 0x6d, 0x62, 0x48, 0x20, 0x26, 0x20, 0x43, 0x6f,
    0x2e, 0x20, 0x4b, 0x47, 0x00, 0x53, 0x65, 0x6e, 0x67, 0x6c, 0x65, 0x64, 0x20, 0x43, 0x6f, 0x2e,
    0x2c, 0x20, 0x4c, 0x74, 0x64, 0x2e, 0x00, 0x42, 0x6f, 0x65, 0x68, 0x72, 0x69, 0x6e, 0x67, 0x65,
    0x72, 0x20, 0x49, 0x6e, 0x67, 0x65, 0x6c, 0x68, 0x65, 0x69, 0x6d, 0x20, 0x56, 0x65, 0x74, 0x6d,
    0x65, 0x64, 0x69, 0x63, 0x61, 0x20, 0x47, 0x6d, 0x62, 0x48, 0x00, 0x41, 0x42, 0x42, 0x20, 0x49,
    0x6e, 0x63, 0x00, 0x43, 0x68, 0x65, 0x63, 0x6b, 0x20, 0x54, 0x65, 0x63, 0x68, 0x6e, 0x6f, 0x6c,
    0x6f, 0x67, 0x79, 0x20, 0x53, 0x6f, 0x6c, 0x75, 0x74, 0x69, 0x6f, 0x6e, 0x73, 0x20, 0x4c, 0x4c,
    0x43, 0x00, 0x55, 0x2d, 0x53, 0x68, 0x69, 0x6e, 0x20, 0x4c, 0x74, 0x64, 0x2e, 0x00, 0x48, 0x59,
    0x50, 0x45, 0x52, 0x20, 0x49, 0x43, 0x45, 0x2c, 0x20, 0x49, 0x4e, 0x43, 0x2e, 0x00, 0x54, 0x6f,
    0x6b, 0x61, 0x69, 0x2d, 0x72, 0x69, 0x6b, 0x61, 0x20, 0x63, 0x6f, 0x2e, 0x2c, 0x6c, 0x74, 0x64,
    0x2e, 0x00, 0x50, 0x72, 0x65, 0x76, 0x61, 0x79, 0x6c, 0x20, 0x4c, 0x69, 0x6d, 0x69, 0x74, 0x65,
    0x64, 0x00, 0x62, 0x66, 0x31, 0x73, 0x79, 0x73, 0x74, 0x65, 0x6d, 0x73, 0x20, 0x6c, 0x69, 0x6d,
    0x69, 0x74, 0x65, 0x64, 0x00, 0x75, 0x62, 0x69, 0x73, 0x79, 0x73, 0x20, 0x74, 0x65, 0x63, 0x68,
    0x6e, 0x6f, 0x6c, 0x6f, 0x67, 0x69, 0x65, 0x73, 0x20, 0x47, 0x6d, 0x62, 0x48, 0x00, 0x53, 0x49,
    0x52, 0x43, 0x20, 0x43, 0x6f, 0x2e, 0x2c, 0x20, 0x4c, 0x74, 0x64, 0x2e, 0x00, 0x41, 0x63, 0x63,
    0x65, 0x6e, 0x74, 0x20, 0x41, 0x64, 0x76, 0x61, 0x6e, 0x63, 0x65, 0x64, 0x20, 0x53, 0x79, 0x73,
    0x74, 0x65, 0x6d, 0x73, 0x20, 0x53, 0x4c, 0x55, 0x00, 0x52, 0x61, 0x79, 0x64, 0x65, 0x6e, 0x2e,
    0x45, 0x61, 0x72, 0x74, 0x68, 0x20, 0x4c, 0x54, 0x44, 0x00, 0x4c, 0x69, 0x6e, 0x64, 0x69, 0x6e,
    0x76, 0x65, 0x6e, 0x74, 0x20, 0x41, 0x42, 0x00, 0x43, 0x48, 0x49, 0x50, 0x4f, 0x4c, 0x4f, 0x20,
    0x64, 0x2e, 0x6f, 0x2e, 0x6f, 0x2e, 0x00, 0x4a, 0x2e, 0x20, 0x57, 0x61, 0x67, 0x6e, 0x65, 0x72,
    0x20, 0x47, 0x6d, 0x62, 0x48, 0x00, 0x4d, 0x6f, 0x6e, 0x61, 0x64, 0x6e, 0x6f, 0x63, 0x6b, 0x20,
    0x53, 0x79, 0x73, 0x74, 0x65, 0x6d, 0x73, 0x20, 0x4c, 0x74, 0x64, 0x2e, 0x00, 0x4c, 0x69, 0x74,
    0x65, 0x62, 0x6f, 0x78, 0x65, 0x72, 0x20, 0x54, 0x65, 0x63, 0x68, 0x6e, 0x6f, 0x6c, 0x6f, 0x67,
    0x69, 0x65, 0x73, 0x20, 0x49, 0x6e, 0x63, 0x2e, 0x00, 0x4e, 0x6f, 0x76, 0x65, 0x6e, 0x74, 0x61,
    0x20, 0x41, 0x47, 0x00, 0x4e, 0x75, 0x62, 0x69, 0x61, 0x20, 0x54, 0x65, 0x63, 0x68, 0x6e, 0x6f,
    0x6c, 0x6f, 0x67, 0x79, 0x20, 0x43, 0x6f, 0x2e, 0x2c, 0x4c, 0x74, 0x64, 0x2e, 0x00, 0x4a, 0x54,
    0x20, 0x49, 0x4e, 0x4e, 0x4f, 0x56, 0x41, 0x54, 0x49, 0x4f, 0x4e, 0x53, 0x20, 0x4c, 0x49, 0x4d,
    0x49, 0x54, 0x45, 0x44, 0x00, 0x54, 0x47, 0x4d, 0x20, 0x54, 0x45, 0x43, 0x48, 0x4e, 0x4f, 0x4c,
    0x4f, 0x47, 0x59, 0x20, 0x43, 0x4f, 0x2e, 0x2c, 0x20, 0x4c, 0x54, 0x44, 0x2e, 0x00, 0x69, 0x66,
    0x6c, 0x79, 0x00, 0x5a, 0x49, 0x4d, 0x49, 0x20, 0x43, 0x4f, 0x52, 0x50, 0x4f, 0x52, 0x41, 0x54,
    0x49, 0x4f, 0x4e, 0x00, 0x62, 0x65, 0x74, 0x74, 0x65, 0x72, 0x6e, 0x6f, 0x74, 0x73, 0x74, 0x65,
    0x61, 0x6c, 0x6d, 0x79, 0x62, 0x69, 0x6b, 0x65, 0x20, 0x55, 0x47, 0x20, 0x28, 0x77, 0x69, 0x74,
    0x68, 0x20, 0x6c, 0x69, 0x6d, 0x69, 0x74, 0x65, 0x64, 0x20, 0x6c, 0x69, 0x61, 0x62, 0x69, 0x6c,
    0x69, 0x74, 0x79, 0x29, 0x00, 0x45, 0x53, 0x54, 0x4f, 0x4d, 0x20, 0x49, 0x6e, 0x66, 0x6f, 0x74,
    0x65, 0x63, 0x68, 0x20, 0x4b, 0x66, 0x74, 0x2e, 0x00, 0x53, 0x65, 0x6e, 0x73, 0x6f, 0x76, 0x69,
    0x75, 0x6d, 0x20, 0x49, 0x6e, 0x63, 0x2e, 0x00, 0x56, 0x69, 0x72, 0x73, 0x63, 0x69, 0x65, 0x6e,
    0x74, 0x20, 0x4c, 0x69, 0x6d, 0x69, 0x74, 0x65, 0x64, 0x00, 0x4e, 0x6f, 0x76, 0x65, 0x6c, 0x20,
    0x42, 0x69, 0x74, 0x73, 0x2c, 0x20, 0x4c, 0x4c, 0x43, 0x00, 0x41, 0x44, 0x41, 0x54, 0x41, 0x20,
    0x54, 0x65, 0x63, 0x68, 0x6e, 0x6f, 0x6c, 0x6f, 0x67, 0x79, 0x20, 0x43, 0x6f, 0x2e, 0x2c, 0x20,
    0x4c, 0x54, 0x44, 0x2e, 0x00, 0x4b, 0x45, 0x59, 0x65, 0x73, 0x00, 0x49, 0x6e, 0x6f, 0x76, 0x6f,
    0x6e, 0x69, 0x63, 0x73, 0x20, 0x43, 0x6f, 0x72, 0x70, 0x00, 0x57, 0x41, 0x52, 0x45, 0x53, 0x00,
    0x50, 0x6f, 0x69, 0x6e, 0x74, 0x72, 0x20, 0x4c, 0x61, 0x62, 0x73, 0x20, 0x4c, 0x69, 0x6d, 0x69,
    0x74, 0x65, 0x64, 0x00, 0x4d, 0x69, 0x72, 0x69, 0x64, 0x69, 0x61, 0x20, 0x54, 0x65, 0x63, 0x68,
    0x6e, 0x6f, 0x6c, 0x6f, 0x67, 0x79, 0x20, 0x49, 0x6e, 0x63, 0x6f, 0x72, 0x70, 0x6f, 0x72, 0x61,
    0x74, 0x65, 0x64, 0x00, 0x54, 0x65, 0x72, 0x74, 0x69, 0x75, 0x6d, 0x20, 0x54, 0x65, 0x63, 0x68,
    0x6e, 0x6f, 0x6c, 0x6f, 0x67, 0x79, 0x00, 0x53, 0x48, 0x45, 0x4e, 0x5a, 0x48, 0x45, 0x4e, 0x20,
    0x41, 0x55, 0x4b, 0x45, 0x59, 0x20, 0x45, 0x20, 0x42, 0x55, 0x53, 0x49, 0x4e, 0x45, 0x53, 0x53,
    0x20, 0x43, 0x4f, 0x2e, 0x2c, 0x20, 0x4c, 0x54, 0x44, 0x00, 0x63, 0x6f, 0x64, 0x65, 0x2d, 0x51,
    0x00, 0x54, 0x45, 0x20, 0x43, 0x6f, 0x6e, 0x6e, 0x65, 0x63, 0x74, 0x69, 0x76, 0x69, 0x74, 0x79,
    0x20, 0x43, 0x6f, 0x72, 0x70, 0x6f, 0x72, 0x61, 0x74, 0x69, 0x6f, 0x6e, 0x00, 0x49, 0x52, 0x49,
    0x53, 0x20, 0x4f, 0x48, 0x59, 0x41, 0x4d, 0x41, 0x20, 0x43, 0x4f, 0x2e, 0x2c, 0x4c, 0x54, 0x44,
    0x2e, 0x00, 0x50, 0x68, 0x69, 0x6c, 0x69, 0x61, 0x20, 0x54, 0x65, 0x63, 0x68, 0x6e, 0x6f, 0x6c,
    0x6f, 0x67, 0x79, 0x00, 0x4b, 0x4f, 0x5a, 0x4f, 0x20, 0x4b, 0x45, 0x49, 0x4b, 0x41, 0x4b, 0x55,
    0x20, 0x45, 0x4e, 0x47, 0x49, 0x4e, 0x45, 0x45, 0x52, 0x49, 0x4e, 0x47, 0x20, 0x49, 0x6e, 0x63,
    0x2e, 0x00, 0x53, 0x68, 0x65, 0x6e, 0x7a, 0x68, 0x65, 0x6e, 0x20, 0x53, 0x69, 0x6d, 0x6f, 0x20,
    0x54, 0x65, 0x63, 0x68, 0x6e, 0x6f, 0x6c, 0x6f, 0x67, 0x79, 0x20, 0x63, 0x6f, 0x2e, 0x20, 0x4c,
    0x54, 0x44, 0x00, 0x52, 0x65, 0x70, 0x75, 0x62, 0x6c, 0x69, 0x63, 0x20, 0x57, 0x69, 0x72, 0x65,
    0x6c, 0x65, 0x73, 0x73, 0x2c, 0x20, 0x49, 0x6e, 0x63, 0x2e, 0x00, 0x52, 0x61, 0x73, 0x68, 0x69,
    0x64, 0x6f, 0x76, 0x20, 0x6c, 0x74, 0x64, 0x00, 0x43, 0x72, 0x6f, 0x77, 0x64, 0x20, 0x43, 0x6f,
    0x6e, 0x6e, 0x65, 0x63, 0x74, 0x65, 0x64, 0x20, 0x4c, 0x74, 0x64, 0x00, 0x45, 0x6e, 0x65, 0x73,
    0x6f, 0x20, 0x54, 0x65, 0x63, 0x6e, 0x6f, 0x6c, 0x6f, 0x67, 0x69, 0x61, 0x20, 0x64, 0x65, 0x20,
    0x41, 0x64, 0x61, 0x70, 0x74, 0x61, 0x63, 0x69, 0x6f, 0x6e, 0x20, 0x53, 0x2e, 0x4c, 0x2e, 0x00,
    0x42, 0x61, 0x72, 0x72, 0x6f, 0x74, 0x20, 0x54, 0x65, 0x63, 0x68, 0x6e, 0x6f, 0x6c, 0x6f, 0x67,
    0x79, 0x20, 0x43, 0x6f, 0x2e, 0x2c, 0x4c, 0x74, 0x64, 0x2e, 0x00, 0x4e, 0x61, 0x6f, 0x6e, 0x65,
    0x78, 0x74, 0x00, 0x54, 0x61, 0x69, 0x77, 0x61, 0x6e, 0x20, 0x49, 0x6e, 0x74, 0x65, 0x6c, 0x6c,
    0x69, 0x67, 0x65, 0x6e, 0x74, 0x20, 0x48, 0x6f, 0x6d, 0x65, 0x20, 0x43, 0x6f, 0x72, 0x70, 0x2e,
    0x00, 0x43, 0x4f, 0x57, 0x42, 0x45, 0x4c, 0x4c, 0x20, 0x45, 0x4e, 0x47, 0x49, 0x4e, 0x45, 0x45,
    0x52, 0x49, 0x4e, 0x47, 0x20, 0x43, 0x4f, 0x2e, 0x2c, 0x4c, 0x54, 0x44, 0x2e, 0x00, 0x42, 0x65,
    0x69, 0x6a, 0x69, 0x6e, 0x67, 0x20, 0x42, 0x69, 0x67, 0x20, 0x4d, 0x6f, 0x6d, 0x65, 0x6e, 0x74,
    0x20, 0x54, 0x65, 0x63, 0x68, 0x6e, 0x6f, 0x6c, 0x6f, 0x67, 0x79, 0x20, 0x43, 0x6f, 0x2e, 0x2c,
    0x20, 0x4c, 0x74, 0x64, 0x2e, 0x00, 0x44, 0x65, 0x6e, 0x73, 0x6f, 0x20, 0x43, 0x6f, 0x72, 0x70,
    0x6f, 0x72, 0x61, 0x74, 0x69, 0x6f, 0x6e, 0x00, 0x49, 0x4d, 0x49, 0x20, 0x48, 0x79, 0x64, 0x72,
    0x6f, 0x6e, 0x69, 0x63, 0x20, 0x45, 0x6e, 0x67, 0x69, 0x6e, 0x65, 0x65, 0x72, 0x69, 0x6e, 0x67,
    0x20, 0x49, 0x6e, 0x74, 0x65, 0x72, 0x6e, 0x61, 0x74, 0x69, 0x6f, 0x6e, 0x61, 0x6c, 0x20, 0x53,
    0x41, 0x00, 0x41, 0x73, 0x6b, 0x65, 0x79, 0x20, 0x43, 0x6f, 0x6d, 0x70, 0x75, 0x74, 0x65, 0x72,
    0x20, 0x43, 0x6f, 0x72, 0x70, 0x2e, 0x00, 0x43, 0x75, 0x6d, 0x75, 0x6c, 0x75, 0x73, 0x20, 0x44,
    0x69, 0x67, 0x69, 0x74, 0x61, 0x6c, 0x20, 0x53, 0x79, 0x73, 0x74, 0x65, 0x6d, 0x73, 0x2c, 0x20,
    0x49, 0x6e, 0x63, 0x00, 0x4a, 0x6f, 0x6f, 0x76, 0x76, 0x2c, 0x20, 0x49, 0x6e, 0x63, 0x2e, 0x00,
    0x54, 0x68, 0x65, 0x20, 0x4c, 0x2e, 0x53, 0x2e, 0x20, 0x53, 0x74, 0x61, 0x72, 0x72, 0x65, 0x74,
    0x74, 0x20, 0x43, 0x6f, 0x6d, 0x70, 0x61, 0x6e, 0x79, 0x00, 0x4d, 0x69, 0x63, 0x72, 0x6f, 0x6f,
    0x6c, 0x65, 0x64, 0x00, 0x50, 0x53, 0x50, 0x20, 0x2d, 0x20, 0x50, 0x61, 0x75, 0x6c, 0x69, 0x20,
    0x53, 0x65, 0x72, 0x76, 0x69, 0x63, 0x65, 0x73, 0x20, 0x26, 0x20, 0x50, 0x72, 0x6f, 0x64, 0x75,
    0x63, 0x74, 0x73, 0x20, 0x47, 0x6d, 0x62, 0x48, 0x00, 0x4b, 0x6f, 0x64, 0x69, 0x6d, 0x6f, 0x20,
    0x54, 0x65, 0x63, 0x68, 0x6e, 0x6f, 0x6c, 0x6f, 0x67, 0x69, 0x65, 0x73, 0x20, 0x43, 0x6f, 0x6d,
    0x70, 0x61, 0x6e, 0x79, 0x20, 0x4c, 0x69, 0x6d, 0x69, 0x74, 0x65, 0x64, 0x00, 0x54, 0x79, 0x6d,
    0x74, 0x69, 0x78, 0x20, 0x54, 0x65, 0x63, 0x68, 0x6e, 0x6f, 0x6c, 0x6f, 0x67, 0x69, 0x65, 0x73,
    0x20, 0x50, 0x72, 0x69, 0x76, 0x61, 0x74, 0x65, 0x20, 0x4c, 0x69, 0x6d, 0x69, 0x74, 0x65, 0x64,
    0x00, 0x44, 0x65, 0x72, 0x6d, 0x61, 0x6c, 0x20, 0x50, 0x68, 0x6f, 0x74, 0x6f, 0x6e, 0x69, 0x63,
    0x73, 0x20, 0x43, 0x6f, 0x72, 0x70, 0x6f, 0x72, 0x61, 0x74, 0x69, 0x6f, 0x6e, 0x00, 0x4d, 0x54,
    0x44, 0x20, 0x50, 0x72, 0x6f, 0x64, 0x75, 0x63, 0x74, 0x73, 0x20, 0x49, 0x6e, 0x63, 0x20, 0x26,
    0x20, 0x41, 0x66, 0x66, 0x69, 0x6c, 0x69, 0x61, 0x74, 0x65, 0x73, 0x00, 0x69, 0x6e, 0x73, 0x74,
    0x61, 0x67, 0x72, 0x69, 0x64, 0x20, 0x47, 0x6d, 0x62, 0x48, 0x00, 0x53, 0x70, 0x61, 0x63, 0x65,
    0x6c, 0x61, 0x62, 0x73, 0x20, 0x4d, 0x65, 0x64, 0x69, 0x63, 0x61, 0x6c, 0x20, 0x49, 0x6e, 0x63,
    0x2e, 0x00, 0x44, 0x61, 0x72, 0x6b, 0x67, 0x6c, 0x61, 0x73, 0x73, 0x20, 0x45, 0x6c, 0x65, 0x63,
    0x74, 0x72, 0x6f, 0x6e, 0x69, 0x63, 0x73, 0x20, 0x4f, 0x79, 0x00, 0x48, 0x69, 0x6c, 0x6c, 0x2d,
    0x52, 0x6f, 0x6d, 0x00, 0x42, 0x69, 0x6f, 0x49, 0x6e, 0x74, 0x65, 0x6c, 0x6c, 0x69, 0x53, 0x65,
    0x6e, 0x73, 0x65, 0x2c, 0x20, 0x49, 0x6e, 0x63, 0x2e, 0x00, 0x4b, 0x65, 0x74, 0x72, 0x6f, 0x6e,
    0x69, 0x78, 0x73, 0x20, 0x53, 0x64, 0x6e, 0x20, 0x42, 0x68, 0x64, 0x00, 0x50, 0x6c, 0x61, 0x73,
    0x74, 0x69, 0x6d, 0x6f, 0x6c, 0x64, 0x20, 0x50, 0x72, 0x6f, 0x64, 0x75, 0x63, 0x74, 0x73, 0x2c,
    0x20, 0x49, 0x6e, 0x63, 0x00, 0x42, 0x65, 0x69, 0x6a, 0x69, 0x6e, 0x67, 0x20, 0x5a, 0x69, 0x7a,
    0x61, 0x69, 0x20, 0x54, 0x65, 0x63, 0x68, 0x6e, 0x6f, 0x6c, 0x6f, 0x67, 0x79, 0x20, 0x43, 0x6f,
    0x2e, 0x2c, 0x20, 0x4c, 0x54, 0x44, 0x2e, 0x00, 0x4c, 0x75, 0x63, 0x69, 0x6d, 0x65, 0x64, 0x00,
    0x54, 0x53, 0x43, 0x20, 0x41, 0x75, 0x74, 0x6f, 0x2d, 0x49, 0x44, 0x20, 0x54, 0x65, 0x63, 0x68,
    0x6e, 0x6f, 0x6c, 0x6f, 0x67, 0x79, 0x20, 0x43, 0x6f, 0x2e, 0x2c, 0x20, 0x4c, 0x74, 0x64, 0x2e,
    0x00, 0x44, 0x41, 0x54, 0x41, 0x4d, 0x41, 0x52, 0x53, 0x2c, 0x20, 0x49, 0x6e, 0x63, 0x2e, 0x00,
    0x53, 0x55, 0x4e, 0x43, 0x4f, 0x52, 0x50, 0x4f, 0x52, 0x41, 0x54, 0x49, 0x4f, 0x4e, 0x00, 0x59,
    0x61, 0x6e, 0x64, 0x65, 0x78, 0x20, 0x53, 0x65, 0x72, 0x76, 0x69, 0x63, 0x65, 0x73, 0x20, 0x41,
    0x47, 0x00, 0x53, 0x63, 0x6f, 0x70, 0x65, 0x20, 0x4c, 0x6f, 0x67, 0x69, 0x73, 0x74, 0x69, 0x63,
    0x61, 0x6c, 0x20, 0x53, 0x6f, 0x6c, 0x75, 0x74, 0x69, 0x6f, 0x6e, 0x73, 0x00, 0x55, 0x73, 0x65,
    0x72, 0x20, 0x48, 0x65, 0x6c, 0x6c, 0x6f, 0x2c, 0x20, 0x4c, 0x4c, 0x43, 0x00, 0x50, 0x69, 0x6e,
    0x70, 0x6f, 0x69, 0x6e, 0x74, 0x20, 0x49, 0x6e, 0x6e, 0x6f, 0x76, 0x61, 0x74, 0x69, 0x6f, 0x6e,
    0x73, 0x20, 0x4c, 0x69, 0x6d, 0x69, 0x74, 0x65, 0x64, 0x00, 0x37, 0x30, 0x6d, 0x61, 0x69, 0x20,
    0x43, 0x6f, 0x2e, 0x2c, 0x4c, 0x74, 0x64, 0x2e, 0x00, 0x5a, 0x68, 0x75, 0x68, 0x61, 0x69, 0x20,
    0x48, 0x6f, 0x6b, 0x73, 0x69, 0x20, 0x54, 0x65, 0x63, 0x68, 0x6e, 0x6f, 0x6c, 0x6f, 0x67, 0x79,
    0x20, 0x43, 0x4f, 0x2e, 0x2c, 0x4c, 0x54, 0x44, 0x00, 0x45, 0x4d, 0x42, 0x52, 0x20, 0x6c, 0x61,
    0x62, 0x73, 0x2c, 0x20, 0x49, 0x4e, 0x43, 0x00, 0x52, 0x61, 0x64, 0x69, 0x61, 0x77, 0x61, 0x76,
    0x65, 0x20, 0x54, 0x65, 0x63, 0x68, 0x6e, 0x6f, 0x6c, 0x6f, 0x67, 0x69, 0x65, 0x73, 0x20, 0x43,
    0x6f, 0x2e, 0x2c, 0x4c, 0x74, 0x64, 0x2e, 0x00, 0x4f, 0x50, 0x54, 0x49, 0x4d, 0x55, 0x53, 0x49,
    0x4f, 0x54, 0x20, 0x54, 0x45, 0x43, 0x48, 0x20, 0x4c, 0x4c, 0x50, 0x00, 0x56, 0x43, 0x20, 0x49,
    0x6e, 0x63, 0x2e, 0x00, 0x41, 0x53, 0x52, 0x20, 0x4d, 0x69, 0x63, 0x72, 0x6f, 0x65, 0x6c, 0x65,
    0x63, 0x74, 0x72, 0x6f, 0x6e, 0x69, 0x63, 0x73, 0x20, 0x28, 0x53, 0x68, 0x61, 0x6e, 0x67, 0x68,
    0x61, 0x69, 0x29, 0x20, 0x43, 0x6f, 0x2e, 0x2c, 0x20, 0x4c, 0x74, 0x64, 0x2e, 0x00, 0x44, 0x6f,
    0x75, 0x67, 0x6c, 0x61, 0x73, 0x20, 0x4c, 0x69, 0x67, 0x68, 0x74, 0x69, 0x6e, 0x67, 0x20, 0x43,
    0x6f, 0x6e, 0x74, 0x72, 0x6f, 0x6c, 0x73, 0x20, 0x49, 0x6e, 0x63, 0x2e, 0x00, 0x4e, 0x65, 0x72,
    0x62, 0x69, 0x6f, 0x20, 0x4d, 0x65, 0x64, 0x69, 0x63, 0x61, 0x6c, 0x20, 0x53, 0x6f, 0x66, 0x74,
    0x77, 0x61, 0x72, 0x65, 0x20, 0x50, 0x6c, 0x61, 0x74, 0x66, 0x6f, 0x72, 0x6d, 0x73, 0x20, 0x49,
    0x6e, 0x63, 0x00, 0x42, 0x72, 0x61, 0x76, 0x65, 0x68, 0x65, 0x61, 0x72, 0x74, 0x20, 0x57, 0x69,
    0x72, 0x65, 0x6c, 0x65, 0x73, 0x73, 0x2c, 0x20, 0x49, 0x6e, 0x63, 0x2e, 0x00, 0x49, 0x4e, 0x45,
    0x4f, 0x2d, 0x53, 0x45, 0x4e, 0x53, 0x45, 0x00, 0x48, 0x6f, 0x6e, 0x64, 0x61, 0x20, 0x4d, 0x6f,
    0x74, 0x6f, 0x72, 0x20, 0x43, 0x6f, 0x2e, 0x2c, 0x20, 0x4c, 0x74, 0x64, 0x2e, 0x00, 0x41, 0x6d,
    0x62, 0x69, 0x65, 0x6e, 0x74, 0x20, 0x53, 0x65, 0x6e, 0x73, 0x6f, 0x72, 0x73, 0x20, 0x4c, 0x4c,
    0x43, 0x00, 0x41, 0x53, 0x52, 0x20, 0x4d, 0x69, 0x63, 0x72, 0x6f, 0x65, 0x6c, 0x65, 0x63, 0x74,
    0x72, 0x6f, 0x6e, 0x69, 0x63, 0x73, 0x28, 0x53, 0x68, 0x65, 0x6e, 0x5a, 0x68, 0x65, 0x6e, 0x29,
    0x43, 0x6f, 0x2e, 0x2c, 0x20, 0x4c, 0x74, 0x64, 0x2e, 0x00, 0x4e, 0x4f, 0x20, 0x53, 0x4d, 0x44,
    0x20, 0x4c, 0x49, 0x4d, 0x49, 0x54, 0x45, 0x44, 0x00, 0x41, 0x6c, 0x62, 0x65, 0x72, 0x74, 0x72,
    0x6f, 0x6e, 0x69, 0x63, 0x20, 0x42, 0x56, 0x00, 0x4c, 0x75, 0x6d, 0x69, 0x6e, 0x6f, 0x73, 0x74,
    0x69, 0x63, 0x73, 0x2c, 0x20, 0x49, 0x6e, 0x63, 0x2e, 0x00, 0x4f, 0x62, 0x6c, 0x61, 0x6d, 0x61,
    0x74, 0x69, 0x6b, 0x20, 0x41, 0x47, 0x00, 0x49, 0x6e, 0x6e, 0x6f, 0x6b, 0x69, 0x6e, 0x64, 0x2c,
    0x20, 0x49, 0x6e, 0x63, 0x2e, 0x00, 0x4d, 0x65, 0x6c, 0x62, 0x6f, 0x74, 0x20, 0x53, 0x74, 0x75,
    0x64, 0x69, 0x6f, 0x73, 0x2c, 0x20, 0x53, 0x6f, 0x63, 0x69, 0x65, 0x64, 0x61, 0x64, 0x20, 0x4c,
    0x69, 0x6d, 0x69, 0x74, 0x61, 0x64, 0x61, 0x00, 0x4d, 0x79, 0x7a, 0x65, 0x65, 0x20, 0x54, 0x65,
    0x63, 0x68, 0x6e, 0x6f, 0x6c, 0x6f, 0x67, 0x79, 0x00, 0x4b, 0x41, 0x48, 0x41, 0x20, 0x50, 0x54,
    0x45, 0x2e, 0x20, 0x4c, 0x54, 0x44, 0x2e, 0x00, 0x53, 0x68, 0x61, 0x6e, 0x67, 0x68, 0x61, 0x69,
    0x20, 0x4d, 0x58, 0x43, 0x48, 0x49, 0x50, 0x20, 0x49, 0x6e, 0x66, 0x6f, 0x72, 0x6d, 0x61, 0x74,
    0x69, 0x6f, 0x6e, 0x20, 0x54, 0x65, 0x63, 0x68, 0x6e, 0x6f, 0x6c, 0x6f, 0x67, 0x79, 0x20, 0x43,
    0x6f, 0x2e, 0x2c, 0x20, 0x4c, 0x74, 0x64, 0x2e, 0x00, 0x4a, 0x53, 0x42, 0x20, 0x54, 0x45, 0x43,
    0x48, 0x20, 0x50, 0x54, 0x45, 0x20, 0x4c, 0x54, 0x44, 0x00, 0x59, 0x75, 0x6b, 0x61, 0x69, 0x20,
    0x45, 0x6e, 0x67, 0x69, 0x6e, 0x65, 0x65, 0x72, 0x69, 0x6e, 0x67, 0x20, 0x49, 0x6e, 0x63, 0x2e,
    0x00, 0x47, 0x6f, 0x6f, 0x6c, 0x69, 0x67, 0x75, 0x6d, 0x20, 0x54, 0x65, 0x63, 0x68, 0x6e, 0x6f,
    0x6c, 0x6f, 0x67, 0x69, 0x65, 0x73, 0x20, 0x50, 0x74, 0x79, 0x20, 0x4c, 0x74, 0x64, 0x00, 0x52,
    0x4f, 0x4f, 0x51, 0x20, 0x47, 0x6d, 0x62, 0x48, 0x00, 0x41, 0x69, 0x52, 0x49, 0x53, 0x54, 0x41,
    0x00, 0x51, 0x69, 0x6e, 0x67, 0x64, 0x61, 0x6f, 0x20, 0x48, 0x61, 0x69, 0x65, 0x72, 0x20, 0x54,
    0x65, 0x63, 0x68, 0x6e, 0x6f, 0x6c, 0x6f, 0x67, 0x79, 0x20, 0x43, 0x6f, 0x2e, 0x2c, 0x20, 0x4c,
    0x74, 0x64, 0x2e, 0x00, 0x53, 0x61, 0x70, 0x70, 0x6c, 0x20, 0x56, 0x65, 0x72, 0x77, 0x61, 0x6c,
    0x74, 0x75, 0x6e, 0x67, 0x73, 0x2d, 0x20, 0x75, 0x6e, 0x64, 0x20, 0x42, 0x65, 0x74, 0x72, 0x69,
    0x65, 0x62, 0x73, 0x20, 0x47, 0x6d, 0x62, 0x48, 0x00, 0x54, 0x65, 0x6b, 0x48, 0x6f, 0x6d, 0x65,
    0x00, 0x50, 0x43, 0x49, 0x20, 0x50, 0x72, 0x69, 0x76, 0x61, 0x74, 0x65, 0x20, 0x4c, 0x69, 0x6d,
    0x69, 0x74, 0x65, 0x64, 0x00, 0x4c, 0x65, 0x67, 0x67, 0x65, 0x74, 0x74, 0x20, 0x26, 0x20, 0x50,
    0x6c, 0x61, 0x74, 0x74, 0x2c, 0x20, 0x49, 0x6e, 0x63, 0x6f, 0x72, 0x70, 0x6f, 0x72, 0x61, 0x74,
    0x65, 0x64, 0x00, 0x50, 0x53, 0x20, 0x47, 0x6d, 0x62, 0x48, 0x00, 0x43, 0x2e, 0x4f, 0x2e, 0x42,
    0x2e, 0x4f, 0x2e, 0x20, 0x53, 0x70, 0x41, 0x00, 0x4a, 0x61, 0x6d, 0x65, 0x73, 0x20, 0x57, 0x61,
    0x6c, 0x6b, 0x65, 0x72, 0x20, 0x52, 0x6f, 0x74, 0x61, 0x42, 0x6f, 0x6c, 0x74, 0x20, 0x4c, 0x69,
    0x6d, 0x69, 0x74, 0x65, 0x64, 0x00, 0x42, 0x52, 0x45, 0x41, 0x54, 0x48, 0x49, 0x4e, 0x47, 0x53,
    0x20, 0x43, 0x6f, 0x2e, 0x2c, 0x20, 0x4c, 0x74, 0x64, 0x2e, 0x00, 0x53, 0x52, 0x41, 0x4d, 0x00,
    0x4b, 0x69, 0x74, 0x65, 0x53, 0x70, 0x72, 0x69, 0x6e, 0x67, 0x20, 0x49, 0x6e, 0x63, 0x2e, 0x00,
    0x52, 0x65, 0x63, 0x6f, 0x6e, 0x6e, 0x65, 0x63, 0x74, 0x2c, 0x20, 0x49, 0x6e, 0x63, 0x2e, 0x00,
    0x45, 0x6c, 0x65, 0x6b, 0x6f, 0x6e, 0x20, 0x41, 0x47, 0x00, 0x52, 0x65, 0x61, 0x6c, 0x54, 0x68,
    0x69, 0x6e, 0x67, 0x6b, 0x73, 0x20, 0x47, 0x6d, 0x62, 0x48, 0x00, 0x48, 0x65, 0x6e, 0x77, 0x61,
    0x79, 0x20, 0x54, 0x65, 0x63, 0x68, 0x6e, 0x6f, 0x6c, 0x6f, 0x67, 0x69, 0x65, 0x73, 0x2c, 0x20,
    0x4c, 0x54, 0x44, 0x2e, 0x00, 0x41, 0x53, 0x54, 0x45, 0x4d, 0x20, 0x43, 0x6f, 0x2e, 0x2c, 0x4c,
    0x74, 0x64, 0x2e, 0x00, 0x4c, 0x69, 0x6e, 0x6b, 0x65, 0x64, 0x53, 0x65, 0x6d, 0x69, 0x20, 0x4d,
    0x69, 0x63, 0x72, 0x6f, 0x65, 0x6c, 0x65, 0x63, 0x74, 0x72, 0x6f, 0x6e, 0x69, 0x63, 0x73, 0x20,
    0x28, 0x58, 0x69, 0x61, 0x6d, 0x65, 0x6e, 0x29, 0x20, 0x43, 0x6f, 0x2e, 0x2c, 0x20, 0x4c, 0x74,
    0x64, 0x00, 0x45, 0x4e, 0x53, 0x45, 0x53, 0x4f, 0x20, 0x4c, 0x4c, 0x43, 0x00, 0x58, 0x65, 0x6e,
    0x6f, 0x6d, 0x61, 0x20, 0x49, 0x6e, 0x63, 0x2e, 0x00, 0x41, 0x64, 0x6f, 0x6c, 0x66, 0x20, 0x57,
    0x75, 0x65, 0x72, 0x74, 0x68, 0x20, 0x47, 0x6d, 0x62, 0x48, 0x20, 0x26, 0x20, 0x43, 0x6f, 0x20,
    0x4b, 0x47, 0x00, 0x43, 0x61, 0x74, 0x61, 0x6c, 0x79, 0x66, 0x74, 0x20, 0x4c, 0x61, 0x62, 0x73,
    0x2c, 0x20, 0x49, 0x6e, 0x63, 0x2e, 0x00, 0x4a, 0x45, 0x50, 0x49, 0x43, 0x4f, 0x20, 0x43, 0x6f,
    0x72, 0x70, 0x6f, 0x72, 0x61, 0x74, 0x69, 0x6f, 0x6e, 0x00, 0x48, 0x65, 0x72, 0x6f, 0x20, 0x57,
    0x6f, 0x72, 0x6b, 0x6f, 0x75, 0x74, 0x20, 0x47, 0x6d, 0x62, 0x48, 0x00, 0x52, 0x69, 0x76, 0x69,
    0x61, 0x6e, 0x20, 0x41, 0x75, 0x74, 0x6f, 0x6d, 0x6f, 0x74, 0x69, 0x76, 0x65, 0x2c, 0x20, 0x4c,
    0x4c, 0x43, 0x00, 0x54, 0x52, 0x41, 0x4e, 0x53, 0x53, 0x49, 0x4f, 0x4e, 0x20, 0x48, 0x4f, 0x4c,
    0x44, 0x49, 0x4e, 0x47, 0x53, 0x20, 0x4c, 0x49, 0x4d, 0x49, 0x54, 0x45, 0x44, 0x00, 0x41, 0x67,
    0x69, 0x74, 0x72, 0x6f, 0x6e, 0x20, 0x64, 0x2e, 0x6f, 0x2e, 0x6f, 0x2e, 0x00, 0x47, 0x6c, 0x6f,
    0x62, 0x65, 0x20, 0x28, 0x4a, 0x69, 0x61, 0x6e, 0x67, 0x73, 0x75, 0x29, 0x20, 0x43, 0x6f, 0x2e,
    0x2c, 0x20, 0x4c, 0x74, 0x64, 0x00, 0x41, 0x4d, 0x43, 0x20, 0x49, 0x6e, 0x74, 0x65, 0x72, 0x6e,
    0x61, 0x74, 0x69, 0x6f, 0x6e, 0x61, 0x6c, 0x20, 0x41, 0x6c, 0x66, 0x61, 0x20, 0x4d, 0x65, 0x74,
    0x61, 0x6c, 0x63, 0x72, 0x61, 0x66, 0x74, 0x20, 0x43, 0x6f, 0x72, 0x70, 0x6f, 0x72, 0x61, 0x74,
    0x69, 0x6f, 0x6e, 0x20, 0x41, 0x47, 0x00, 0x46, 0x69, 0x72, 0x73, 0x74, 0x20, 0x4c, 0x69, 0x67,
    0x68, 0x74, 0x20, 0x54, 0x65, 0x63, 0x68, 0x6e, 0x6f, 0x6c, 0x6f, 0x67, 0x69, 0x65, 0x73, 0x20,
    0x4c, 0x74, 0x64, 0x2e, 0x00, 0x57, 0x65, 0x61, 0x72, 0x61, 0x62, 0x6c, 0x65, 0x20, 0x4c, 0x69,
    0x6e, 0x6b, 0x20, 0x4c, 0x69, 0x6d, 0x69, 0x74, 0x65, 0x64, 0x00, 0x4d, 0x65, 0x74, 0x72, 0x6f,
    0x6e, 0x6f, 0x6d, 0x20, 0x48, 0x65, 0x61, 0x6c, 0x74, 0x68, 0x20, 0x45, 0x75, 0x72, 0x6f, 0x70,
    0x65, 0x00, 0x5a, 0x77, 0x69, 0x66, 0x74, 0x2c, 0x20, 0x49, 0x6e, 0x63, 0x2e, 0x00, 0x4b, 0x69,
    0x6e, 0x64, 0x65, 0x76, 0x61, 0x20, 0x44, 0x72, 0x75, 0x67, 0x20, 0x44, 0x65, 0x6c, 0x69, 0x76,
    0x65, 0x72, 0x79, 0x20, 0x4c, 0x2e, 0x50, 0x2e, 0x00, 0x47, 0x69, 0x6d, 0x6d, 0x69, 0x53, 0x79,
    0x73, 0x20, 0x47, 0x6d, 0x62, 0x48, 0x00, 0x74, 0x6b, 0x4c, 0x41, 0x42, 0x53, 0x20, 0x49, 0x4e,
    0x43, 0x2e, 0x00, 0x50, 0x61, 0x73, 0x73, 0x69, 0x76, 0x65, 0x42, 0x6f, 0x6c, 0x74, 0x2c, 0x20,
    0x49, 0x6e, 0x63, 0x2e, 0x00, 0x4c, 0x69, 0x6d, 0x69, 0x74, 0x65, 0x64, 0x20, 0x4c, 0x69, 0x61,
    0x62, 0x69, 0x6c, 0x69, 0x74, 0x79, 0x20, 0x43, 0x6f, 0x6d, 0x70, 0x61, 0x6e, 0x79, 0x20, 0x22,
    0x4d, 0x69, 0x6b, 0x72, 0x6f, 0x74, 0x69, 0x6b, 0x6c, 0x73, 0x22, 0x00, 0x43, 0x61, 0x70, 0x65,
    0x74, 0x65, 0x63, 0x68, 0x00, 0x50, 0x50, 0x52, 0x53, 0x00, 0x41, 0x70, 0x70, 0x74, 0x72, 0x69,
    0x63, 0x69, 0x74, 0x79, 0x20, 0x43, 0x6f, 0x72, 0x70, 0x6f, 0x72, 0x61, 0x74, 0x69, 0x6f, 0x6e,
    0x00, 0x4c, 0x6f, 0x67, 0x69, 0x4c, 0x75, 0x62, 0x65, 0x2c, 0x20, 0x4c, 0x4c, 0x43, 0x00, 0x4a,
    0x75, 0x6c, 0x62, 0x6f, 0x00, 0x42, 0x72, 0x65, 0x76, 0x69, 0x6c, 0x6c, 0x65, 0x20, 0x47, 0x72,
    0x6f, 0x75, 0x70, 0x00, 0x4b, 0x65, 0x72, 0x6c, 0x69, 0x6e, 0x6b, 0x00, 0x4f, 0x68, 0x73, 0x75,
    0x6e, 0x67, 0x20, 0x45, 0x6c, 0x65, 0x63, 0x74, 0x72, 0x6f, 0x6e, 0x69, 0x63, 0x73, 0x00, 0x5a,
    0x54, 0x45, 0x20, 0x43, 0x6f, 0x72, 0x70, 0x6f, 0x72, 0x61, 0x74, 0x69, 0x6f, 0x6e, 0x00, 0x48,
    0x65, 0x72, 0x64, 0x44, 0x6f, 0x67, 0x67, 0x2c, 0x20, 0x49, 0x6e, 0x63, 0x00, 0x4c, 0x69, 0x73,
    0x6d, 0x6f, 0x72, 0x65, 0x20, 0x49, 0x6e, 0x73, 0x74, 0x72, 0x75, 0x6d, 0x65, 0x6e, 0x74, 0x73,
    0x20, 0x4c, 0x69, 0x6d, 0x69, 0x74, 0x65, 0x64, 0x00, 0x45, 0x6c, 0x65, 0x63, 0x74, 0x72, 0x6f,
    0x6e, 0x69, 0x63, 0x20, 0x54, 0x68, 0x65, 0x61, 0x74, 0x72, 0x65, 0x20, 0x43, 0x6f, 0x6e, 0x74,
    0x72, 0x6f, 0x6c, 0x73, 0x00, 0x42, 0x69, 0x6f, 0x45, 0x63, 0x68, 0x6f, 0x4e, 0x65, 0x74, 0x20,
    0x69, 0x6e, 0x63, 0x2e, 0x00, 0x4e, 0x55, 0x41, 0x4e, 0x43, 0x45, 0x20, 0x48, 0x45, 0x41, 0x52,
    0x49, 0x4e, 0x47, 0x20, 0x4c, 0x54, 0x44, 0x00, 0x53, 0x65, 0x6e, 0x61, 0x20, 0x54, 0x65, 0x63,
    0x68, 0x6e, 0x6f, 0x6c, 0x6f, 0x67, 0x69, 0x65, 0x73, 0x20, 0x49, 0x6e, 0x63, 0x2e, 0x00, 0x4c,
    0x69, 0x6e, 0x6b, 0x75, 0x72, 0x61, 0x20, 0x41, 0x42, 0x00, 0x47, 0x4c, 0x20, 0x53, 0x6f, 0x6c,
    0x75, 0x74, 0x69, 0x6f, 0x6e, 0x73, 0x20, 0x4b, 0x2e, 0x4b, 0x2e, 0x00, 0x4d, 0x6f, 0x6f, 0x6e,
    0x62, 0x69, 0x72, 0x64, 0x20, 0x42, 0x56, 0x00, 0x43, 0x6f, 0x75, 0x6e, 0x74, 0x72, 0x79, 0x6d,
    0x61, 0x74, 0x65, 0x20, 0x54, 0x65, 0x63, 0x68, 0x6e, 0x6f, 0x6c, 0x6f, 0x67, 0x79, 0x20, 0x4c,
    0x69, 0x6d, 0x69, 0x74, 0x65, 0x64, 0x00, 0x41, 0x73, 0x61, 0x68, 0x69, 0x20, 0x4b, 0x61, 0x73,
    0x65, 0x69, 0x20, 0x43, 0x6f, 0x72, 0x70, 0x6f, 0x72, 0x61, 0x74, 0x69, 0x6f, 0x6e, 0x00, 0x50,
    0x6f, 0x69, 0x6e, 0x74, 0x47, 0x75, 0x61, 0x72, 0x64, 0x2c, 0x20, 0x4c, 0x4c, 0x43, 0x00, 0x4e,
    0x65, 0x6f, 0x20, 0x4d, 0x61, 0x74, 0x65, 0x72, 0x69, 0x61, 0x6c, 0x73, 0x20, 0x61, 0x6e, 0x64,
    0x20, 0x43, 0x6f, 0x6e, 0x73, 0x75, 0x6c, 0x74, 0x69, 0x6e, 0x67, 0x20, 0x49, 0x6e, 0x63, 0x2e,
    0x00, 0x41, 0x63, 0x74, 0x65, 0x76, 0x20, 0x4d, 0x6f, 0x74, 0x6f, 0x72, 0x73, 0x2c, 0x20, 0x49,
    0x6e, 0x63, 0x2e, 0x00, 0x57, 0x6f, 0x61, 0x6e, 0x20, 0x54, 0x65, 0x63, 0x68, 0x6e, 0x6f, 0x6c,
    0x6f, 0x67, 0x79, 0x20, 0x28, 0x53, 0x68, 0x65, 0x6e, 0x7a, 0x68, 0x65, 0x6e, 0x29, 0x20, 0x43,
    0x6f, 0x2e, 0x2c, 0x20, 0x4c, 0x74, 0x64, 0x2e, 0x00, 0x64, 0x72, 0x69, 0x63, 0x6f, 0x73, 0x2c,
    0x20, 0x49, 0x6e, 0x63, 0x2e, 0x00, 0x47, 0x75, 0x69, 0x64, 0x65, 0x20, 0x49, 0x44, 0x20, 0x42,
    0x2e, 0x56, 0x2e, 0x00, 0x47, 0x75, 0x6e, 0x77, 0x65, 0x72, 0x6b, 0x73, 0x2c, 0x20, 0x4c, 0x4c,
    0x43, 0x00, 0x42, 0x61, 0x6e, 0x64, 0x20, 0x49, 0x6e, 0x64, 0x75, 0x73, 0x74, 0x72, 0x69, 0x65,
    0x73, 0x2c, 0x20, 0x69, 0x6e, 0x63, 0x2e, 0x00, 0x49, 0x42, 0x41, 0x20, 0x44, 0x6f, 0x73, 0x69,
    0x6d, 0x65, 0x74, 0x72, 0x79, 0x20, 0x47, 0x6d, 0x62, 0x48, 0x00, 0x47, 0x41, 0x00, 0x50, 0x6f,
    0x70, 0x69, 0x74, 0x20, 0x4f, 0x79, 0x00, 0x41, 0x42, 0x45, 0x59, 0x45, 0x00, 0x42, 0x6c, 0x75,
    0x65, 0x49, 0x4f, 0x54, 0x28, 0x42, 0x65, 0x69, 0x6a, 0x69, 0x6e, 0x67, 0x29, 0x20, 0x54, 0x65,
    0x63, 0x68, 0x6e, 0x6f, 0x6c, 0x6f, 0x67, 0x79, 0x20, 0x43, 0x6f, 0x2e, 0x2c, 0x4c, 0x74, 0x64,
    0x00, 0x46, 0x61, 0x75, 0x6e, 0x61, 0x20, 0x41, 0x75, 0x64, 0x69, 0x6f, 0x20, 0x47, 0x6d, 0x62,
    0x48, 0x00, 0x54, 0x4f, 0x59, 0x4f, 0x54, 0x41, 0x20, 0x6d, 0x6f, 0x74, 0x6f, 0x72, 0x20, 0x63,
    0x6f, 0x72, 0x70, 0x6f, 0x72, 0x61, 0x74, 0x69, 0x6f, 0x6e, 0x00, 0x5a, 0x69, 0x66, 0x66, 0x65,
    0x72, 0x45, 0x69, 0x6e, 0x73, 0x20, 0x47, 0x6d, 0x62, 0x48, 0x20, 0x26, 0x20, 0x43, 0x6f, 0x2e,
    0x20, 0x4b, 0x47, 0x00, 0x42, 0x49, 0x4f, 0x54, 0x52, 0x4f, 0x4e, 0x49, 0x4b, 0x20, 0x53, 0x45,
    0x20, 0x26, 0x20, 0x43, 0x6f, 0x2e, 0x20, 0x4b, 0x47, 0x00, 0x43, 0x4f, 0x52, 0x45, 0x20, 0x43,
    0x4f, 0x52, 0x50, 0x4f, 0x52, 0x41, 0x54, 0x49, 0x4f, 0x4e, 0x00, 0x43, 0x54, 0x45, 0x4b, 0x20,
    0x53, 0x77, 0x65, 0x64, 0x65, 0x6e, 0x20, 0x41, 0x42, 0x00, 0x54, 0x68, 0x6f, 0x72, 0x6c, 0x65,
    0x79, 0x20, 0x49, 0x6e, 0x64, 0x75, 0x73, 0x74, 0x72, 0x69, 0x65, 0x73, 0x2c, 0x20, 0x4c, 0x4c,
    0x43, 0x00, 0x43, 0x4c, 0x42, 0x20, 0x42, 0x2e, 0x56, 0x2e, 0x00, 0x53, 0x6f, 0x6e, 0x69, 0x63,
    0x53, 0x65, 0x6e, 0x73, 0x6f, 0x72, 0x79, 0x20, 0x49, 0x6e, 0x63, 0x00, 0x49, 0x53, 0x45, 0x4d,
    0x41, 0x52, 0x20, 0x53, 0x2e, 0x52, 0x2e, 0x4c, 0x2e, 0x00, 0x44, 0x45, 0x4b, 0x52, 0x41, 0x20,
    0x54, 0x45, 0x53, 0x54, 0x49, 0x4e, 0x47, 0x20, 0x41, 0x4e, 0x44, 0x20, 0x43, 0x45, 0x52, 0x54,
    0x49, 0x46, 0x49, 0x43, 0x41, 0x54, 0x49, 0x4f, 0x4e, 0x2c, 0x20, 0x53, 0x2e, 0x41, 0x2e, 0x55,
    0x2e, 0x00, 0x42, 0x65, 0x72, 0x6e, 0x61, 0x72, 0x64, 0x20, 0x4b, 0x72, 0x6f, 0x6e, 0x65, 0x20,
    0x48, 0x6f, 0x6c, 0x64, 0x69, 0x6e, 0x67, 0x20, 0x53, 0x45, 0x20, 0x26, 0x20, 0x43, 0x6f, 0x2e,
    0x4b, 0x47, 0x00, 0x45, 0x4c, 0x50, 0x52, 0x4f, 0x2d, 0x42, 0x55, 0x43, 0x48, 0x53, 0x20, 0x41,
    0x47, 0x00, 0x46, 0x65, 0x65, 0x64, 0x62, 0x61, 0x63, 0x6b, 0x20, 0x53, 0x70, 0x6f, 0x72, 0x74,
    0x73, 0x20, 0x4c, 0x4c, 0x43, 0x00, 0x54, 0x65, 0x72, 0x61, 0x54, 0x72, 0x6f, 0x6e, 0x20, 0x47,
    0x6d, 0x62, 0x48, 0x00, 0x43, 0x65, 0x6c, 0x6c, 0x6f, 0x20, 0x48, 0x69, 0x6c, 0x6c, 0x2c, 0x20,
    0x4c, 0x4c, 0x43, 0x00, 0x54, 0x53, 0x45, 0x20, 0x42, 0x52, 0x41, 0x4b, 0x45, 0x53, 0x2c, 0x20,
    0x49, 0x4e, 0x43, 0x2e, 0x00, 0x42, 0x48, 0x4d, 0x2d, 0x54, 0x65, 0x63, 0x68, 0x20, 0x50, 0x72,
    0x6f, 0x64, 0x75, 0x6b, 0x74, 0x69, 0x6f, 0x6e, 0x73, 0x67, 0x65, 0x73, 0x65, 0x6c, 0x6c, 0x73,
    0x63, 0x68, 0x61, 0x66, 0x74, 0x20, 0x6d, 0x2e, 0x62, 0x2e, 0x48, 0x00, 0x57, 0x49, 0x4b, 0x41,
    0x20, 0x41, 0x6c, 0x65, 0x78, 0x61, 0x6e, 0x64, 0x65, 0x72, 0x20, 0x57, 0x69, 0x65, 0x67, 0x61,
    0x6e, 0x64, 0x20, 0x53, 0x45, 0x20, 0x26, 0x20, 0x43, 0x6f, 0x2e, 0x4b, 0x47, 0x00, 0x42, 0x69,
    0x6f, 0x76, 0x69, 0x67, 0x69, 0x6c, 0x00, 0x4d, 0x65, 0x71, 0x75, 0x6f, 0x6e, 0x69, 0x63, 0x20,
    0x45, 0x6e, 0x67, 0x69, 0x6e, 0x65, 0x65, 0x72, 0x69, 0x6e, 0x67, 0x2c, 0x20, 0x53, 0x2e, 0x4c,
    0x2e, 0x00, 0x62, 0x47, 0x72, 0x69, 0x64, 0x20, 0x42, 0x2e, 0x56, 0x2e, 0x00, 0x41, 0x44, 0x56,
    0x45, 0x45, 0x5a, 0x00, 0x41, 0x6b, 0x74, 0x69, 0x65, 0x62, 0x6f, 0x6c, 0x61, 0x67, 0x65, 0x74,
    0x20, 0x52, 0x65, 0x67, 0x69, 0x6e, 0x00, 0x41, 0x6e, 0x74, 0x6f, 0x6e, 0x20, 0x50, 0x61, 0x61,
    0x72, 0x20, 0x47, 0x6d, 0x62, 0x48, 0x00, 0x54, 0x65, 0x6c, 0x65, 0x6e, 0x6f, 0x72, 0x20, 0x41,
    0x53, 0x41, 0x00, 0x42, 0x69, 0x67, 0x20, 0x4b, 0x61, 0x69, 0x73, 0x65, 0x72, 0x20, 0x50, 0x72,
    0x65, 0x63, 0x69, 0x73, 0x69, 0x6f, 0x6e, 0x20, 0x54, 0x6f, 0x6f, 0x6c, 0x69, 0x6e, 0x67, 0x20,
    0x4c, 0x74, 0x64, 0x00, 0x41, 0x62, 0x73, 0x6f, 0x6c, 0x75, 0x74, 0x65, 0x20, 0x41, 0x75, 0x64,
    0x69, 0x6f, 0x20, 0x4c, 0x61, 0x62, 0x73, 0x20, 0x42, 0x2e, 0x56, 0x2e, 0x00, 0x56, 0x54, 0x34,
    0x32, 0x20, 0x50, 0x74, 0x79, 0x20, 0x4c, 0x74, 0x64, 0x00, 0x42, 0x72, 0x6f, 0x6e, 0x6b, 0x68,
    0x6f, 0x72, 0x73, 0x74, 0x20, 0x48, 0x69, 0x67, 0x68, 0x2d, 0x54, 0x65, 0x63, 0x68, 0x20, 0x42,
    0x2e, 0x56, 0x2e, 0x00, 0x43, 0x2e, 0x20, 0x26, 0x20, 0x45, 0x2e, 0x20, 0x46, 0x65, 0x69, 0x6e,
    0x20, 0x47, 0x6d, 0x62, 0x48, 0x00, 0x4e, 0x65, 0x78, 0x74, 0x4d, 0x69, 0x6e, 0x64, 0x00, 0x50,
    0x69, 0x78, 0x69, 0x65, 0x20, 0x44, 0x75, 0x73, 0x74, 0x20, 0x54, 0x65, 0x63, 0x68, 0x6e, 0x6f,
    0x6c, 0x6f, 0x67, 0x69, 0x65, 0x73, 0x2c, 0x20, 0x49, 0x6e, 0x63, 0x2e, 0x00, 0x65, 0x54, 0x61,
    0x63, 0x74, 0x69, 0x63, 0x61, 0x20, 0x65, 0x68, 0x66, 0x00, 0x4e, 0x65, 0x77, 0x20, 0x41, 0x75,
    0x64, 0x69, 0x6f, 0x20, 0x4c, 0x4c, 0x43, 0x00, 0x53, 0x65, 0x6e, 0x64, 0x75, 0x6d, 0x20, 0x57,
    0x69, 0x72, 0x65, 0x6c, 0x65, 0x73, 0x73, 0x20, 0x43, 0x6f, 0x72, 0x70, 0x6f, 0x72, 0x61, 0x74,
    0x69, 0x6f, 0x6e, 0x00, 0x64, 0x65, 0x69, 0x73, 0x74, 0x65, 0x72, 0x20, 0x65, 0x6c, 0x65, 0x63,
    0x74, 0x72, 0x6f, 0x6e, 0x69, 0x63, 0x20, 0x47, 0x6d, 0x62, 0x48, 0x00, 0x59, 0x4b, 0x4b, 0x20,
    0x41, 0x50, 0x20, 0x49, 0x6e, 0x63, 0x2e, 0x00, 0x53, 0x74, 0x65, 0x70, 0x20, 0x4f, 0x6e, 0x65,
    0x20, 0x4c, 0x69, 0x6d, 0x69, 0x74, 0x65, 0x64, 0x00, 0x4b, 0x6f, 0x79, 0x61, 0x20, 0x4d, 0x65,
    0x64, 0x69, 0x63, 0x61, 0x6c, 0x2c, 0x20, 0x49, 0x6e, 0x63, 0x2e, 0x00, 0x50, 0x72, 0x6f, 0x6f,
    0x66, 0x20, 0x44, 0x69, 0x61, 0x67, 0x6e, 0x6f, 0x73, 0x74, 0x69, 0x63, 0x73, 0x2c, 0x20, 0x49,
    0x6e, 0x63, 0x2e, 0x00, 0x56, 0x4f, 0x53, 0x20, 0x53, 0x79, 0x73, 0x74, 0x65, 0x6d, 0x73, 0x2c,
    0x20, 0x4c, 0x4c, 0x43, 0x00, 0x45, 0x4e, 0x47, 0x41, 0x47, 0x45, 0x4e, 0x4f, 0x57, 0x20, 0x44,
    0x41, 0x54, 0x41, 0x20, 0x53, 0x43, 0x49, 0x45, 0x4e, 0x43, 0x45, 0x53, 0x20, 0x50, 0x52, 0x49,
    0x56, 0x41, 0x54, 0x45, 0x20, 0x4c, 0x49, 0x4d, 0x49, 0x54, 0x45, 0x44, 0x00, 0x41, 0x52, 0x44,
    0x55, 0x49, 0x4e, 0x4f, 0x20, 0x53, 0x41, 0x00, 0x4b, 0x55, 0x4d, 0x48, 0x4f, 0x20, 0x45, 0x4c,
    0x45, 0x43, 0x54, 0x52, 0x49, 0x43, 0x53, 0x2c, 0x20, 0x49, 0x4e, 0x43, 0x00, 0x53, 0x65, 0x63,
    0x75, 0x72, 0x69, 0x74, 0x79, 0x20, 0x45, 0x6e, 0x68, 0x61, 0x6e, 0x63, 0x65, 0x6d, 0x65, 0x6e,
    0x74, 0x20, 0x53, 0x79, 0x73, 0x74, 0x65, 0x6d, 0x73, 0x2c, 0x20, 0x4c, 0x4c, 0x43, 0x00, 0x42,
    0x45, 0x49, 0x4a, 0x49, 0x4e, 0x47, 0x20, 0x45, 0x4c, 0x45, 0x43, 0x54, 0x52, 0x49, 0x43, 0x20,
    0x56, 0x45, 0x48, 0x49, 0x43, 0x4c, 0x45, 0x20, 0x43, 0x4f, 0x2e, 0x2c, 0x4c, 0x54, 0x44, 0x00,
    0x50, 0x61, 0x79, 0x62, 0x75, 0x64, 0x64, 0x79, 0x20, 0x41, 0x70, 0x53, 0x00, 0x4b, 0x48, 0x4e,
    0x20, 0x53, 0x6f, 0x6c, 0x75, 0x74, 0x69, 0x6f, 0x6e, 0x73, 0x20, 0x4c, 0x4c, 0x43, 0x00, 0x4e,
    0x69, 0x70, 0x70, 0x6f, 0x6e, 0x20, 0x43, 0x65, 0x72, 0x61, 0x6d, 0x69, 0x63, 0x20, 0x43, 0x6f,
    0x2e, 0x2c, 0x4c, 0x74, 0x64, 0x2e, 0x00, 0x50, 0x48, 0x4f, 0x54, 0x4f, 0x44, 0x59, 0x4e, 0x41,
    0x4d, 0x49, 0x43, 0x20, 0x49, 0x4e, 0x43, 0x4f, 0x52, 0x50, 0x4f, 0x52, 0x41, 0x54, 0x45, 0x44,
    0x00, 0x44, 0x61, 0x73, 0x68, 0x4c, 0x6f, 0x67, 0x69, 0x63, 0x2c, 0x20, 0x49, 0x6e, 0x63, 0x2e,
    0x00, 0x41, 0x6d, 0x62, 0x69, 0x71, 0x00, 0x4e, 0x61, 0x72, 0x68, 0x77, 0x61, 0x6c, 0x6c, 0x20,
    0x49, 0x6e, 0x63, 0x2e, 0x00, 0x50, 0x6f, 0x7a, 0x79, 0x78, 0x20, 0x4e, 0x56, 0x00, 0x69, 0x66,
    0x4c, 0x69, 0x6e, 0x6b, 0x20, 0x4f, 0x70, 0x65, 0x6e, 0x20, 0x43, 0x6f, 0x6d, 0x6d, 0x75, 0x6e,
    0x69, 0x74, 0x79, 0x00, 0x44, 0x65, 0x75, 0x62, 0x6c, 0x69, 0x6e, 0x20, 0x43, 0x6f, 0x6d, 0x70,
    0x61, 0x6e, 0x79, 0x2c, 0x20, 0x4c, 0x4c, 0x43, 0x00, 0x42, 0x4c, 0x49, 0x4e, 0x51, 0x59, 0x00,
    0x44, 0x59, 0x50, 0x48, 0x49, 0x00, 0x42, 0x6c, 0x75, 0x65, 0x58, 0x20, 0x4d, 0x69, 0x63, 0x72,
    0x6f, 0x65, 0x6c, 0x65, 0x63, 0x74, 0x72, 0x6f, 0x6e, 0x69, 0x63, 0x73, 0x20, 0x43, 0x6f, 0x72,
    0x70, 0x20, 0x4c, 0x74, 0x64, 0x2e, 0x00, 0x50, 0x65, 0x6e, 0x74, 0x61, 0x4c, 0x6f, 0x63, 0x6b,
    0x20, 0x41, 0x70, 0x73, 0x2e, 0x00, 0x41, 0x55, 0x54, 0x45, 0x43, 0x20, 0x47, 0x65, 0x73, 0x65,
    0x6c, 0x6c, 0x73, 0x63, 0x68, 0x61, 0x66, 0x74, 0x20, 0x66, 0x75, 0x65, 0x72, 0x20, 0x41, 0x75,
    0x74, 0x6f, 0x6d, 0x61, 0x74, 0x69, 0x6f, 0x6e, 0x73, 0x74, 0x65, 0x63, 0x68, 0x6e, 0x69, 0x6b,
    0x20, 0x6d, 0x62, 0x48, 0x00, 0x50, 0x65, 0x67, 0x61, 0x73, 0x75, 0x73, 0x20, 0x54, 0x65, 0x63,
    0x68, 0x6e, 0x6f, 0x6c, 0x6f, 0x67, 0x69, 0x65, 0x73, 0x2c, 0x20, 0x49, 0x6e, 0x63, 0x2e, 0x00,
    0x42, 0x6f, 0x75, 0x74, 0x20, 0x4c, 0x61, 0x62, 0x73, 0x2c, 0x20, 0x4c, 0x4c, 0x43, 0x00, 0x50,
    0x6c, 0x61, 0x79, 0x65, 0x72, 0x44, 0x61, 0x74, 0x61, 0x20, 0x4c, 0x69, 0x6d, 0x69, 0x74, 0x65,
    0x64, 0x00, 0x53, 0x41, 0x56, 0x4f, 0x59, 0x20, 0x45, 0x4c, 0x45, 0x43, 0x54, 0x52, 0x4f, 0x4e,
    0x49, 0x43, 0x20, 0x4c, 0x49, 0x47, 0x48, 0x54, 0x49, 0x4e, 0x47, 0x00, 0x45, 0x6c, 0x69, 0x6d,
    0x6f, 0x20, 0x45, 0x6e, 0x67, 0x69, 0x6e, 0x65, 0x65, 0x72, 0x69, 0x6e, 0x67, 0x20, 0x4c, 0x74,
    0x64, 0x00, 0x53, 0x6b, 0x79, 0x53, 0x74, 0x72, 0x65, 0x61, 0x6d, 0x20, 0x43, 0x6f, 0x72, 0x70,
    0x6f, 0x72, 0x61, 0x74, 0x69, 0x6f, 0x6e, 0x00, 0x41, 0x65, 0x72, 0x6f, 0x73, 0x65, 0x6e, 0x73,
    0x20, 0x4c, 0x4c, 0x43, 0x00, 0x43, 0x65, 0x6e, 0x74, 0x72, 0x65, 0x20, 0x53, 0x75, 0x69, 0x73,
    0x73, 0x65, 0x20, 0x64, 0x27, 0x45, 0x6c, 0x65, 0x63, 0x74, 0x72, 0x6f, 0x6e, 0x69, 0x71, 0x75,
    0x65, 0x20, 0x65, 0x74, 0x20, 0x64, 0x65, 0x20, 0x4d, 0x69, 0x63, 0x72, 0x6f, 0x74, 0x65, 0x63,
    0x68, 0x6e, 0x69, 0x71, 0x75, 0x65, 0x20, 0x53, 0x41, 0x00, 0x56, 0x65, 0x73, 0x73, 0x65, 0x6c,
    0x20, 0x4c, 0x74, 0x64, 0x2e, 0x00, 0x53, 0x70, 0x61, 0x6e, 0x2e, 0x49, 0x4f, 0x2c, 0x20, 0x49,
    0x6e, 0x63, 0x2e, 0x00, 0x41, 0x6e, 0x6f, 0x74, 0x68, 0x65, 0x72, 0x42, 0x72, 0x61, 0x69, 0x6e,
    0x20, 0x69, 0x6e, 0x63, 0x2e, 0x00, 0x52, 0x6f, 0x73, 0x65, 0x77, 0x69, 0x6c, 0x6c, 0x00, 0x55,
    0x6e, 0x69, 0x76, 0x65, 0x72, 0x73, 0x61, 0x6c, 0x20, 0x41, 0x75, 0x64, 0x69, 0x6f, 0x2c, 0x20,
    0x49, 0x6e, 0x63, 0x2e, 0x00, 0x4a, 0x41, 0x50, 0x41, 0x4e, 0x20, 0x54, 0x4f, 0x42, 0x41, 0x43,
    0x43, 0x4f, 0x20, 0x49, 0x4e, 0x43, 0x2e, 0x00, 0x55, 0x56, 0x49, 0x53, 0x49, 0x4f, 0x00, 0x48,
    0x75, 0x6e, 0x67, 0x59, 0x69, 0x20, 0x4d, 0x69, 0x63, 0x72, 0x6f, 0x65, 0x6c, 0x65, 0x63, 0x74,
    0x72, 0x6f, 0x6e, 0x69, 0x63, 0x73, 0x20, 0x43, 0x6f, 0x2e, 0x2c, 0x4c, 0x74, 0x64, 0x2e, 0x00,
    0x48, 0x6f, 0x6e, 0x6f, 0x72, 0x20, 0x44, 0x65, 0x76, 0x69, 0x63, 0x65, 0x20, 0x43, 0x6f, 0x2e,
    0x2c, 0x20, 0x4c, 0x74, 0x64, 0x2e, 0x00, 0x43, 0x6f, 0x6d, 0x62, 0x75, 0x73, 0x74, 0x69, 0x6f,
    0x6e, 0x2c, 0x20, 0x4c, 0x4c, 0x43, 0x00, 0x58, 0x55, 0x4e, 0x54, 0x4f, 0x4e, 0x47, 0x00, 0x43,
    0x72, 0x6f, 0x77, 0x64, 0x47, 0x6c, 0x6f, 0x77, 0x20, 0x4c, 0x74, 0x64, 0x00, 0x4d, 0x6f, 0x62,
    0x69, 0x74, 0x72, 0x61, 0x63, 0x65, 0x00, 0x48, 0x78, 0x20, 0x45, 0x6e, 0x67, 0x69, 0x6e, 0x65,
    0x65, 0x72, 0x69, 0x6e, 0x67, 0x2c, 0x20, 0x4c, 0x4c, 0x43, 0x00, 0x53, 0x65, 0x6e, 0x73, 0x6f,
    0x34, 0x73, 0x20, 0x64, 0x2e, 0x6f, 0x2e, 0x6f, 0x2e, 0x00, 0x4a, 0x75, 0x6c, 0x69, 0x75, 0x73,
    0x20, 0x42, 0x6c, 0x75, 0x6d, 0x20, 0x47, 0x6d, 0x62, 0x48, 0x00, 0x42, 0x6c, 0x75, 0x65, 0x53,
    0x74, 0x72, 0x65, 0x61, 0x6b, 0x20, 0x49, 0x6f, 0x54, 0x2c, 0x20, 0x4c, 0x4c, 0x43, 0x00, 0x43,
    0x68, 0x65, 0x73, 0x73, 0x20, 0x57, 0x69, 0x73, 0x65, 0x20, 0x42, 0x2e, 0x56, 0x2e, 0x00, 0x41,
    0x42, 0x4c, 0x45, 0x50, 0x41, 0x59, 0x20, 0x54, 0x45, 0x43, 0x48, 0x4e, 0x4f, 0x4c, 0x4f, 0x47,
    0x49, 0x45, 0x53, 0x20, 0x41, 0x53, 0x00, 0x54, 0x65, 0x6d, 0x70, 0x65, 0x72, 0x61, 0x74, 0x75,
    0x72, 0x65, 0x20, 0x53, 0x65, 0x6e, 0x73, 0x69, 0x74, 0x69, 0x76, 0x65, 0x20, 0x53, 0x6f, 0x6c,
    0x75, 0x74, 0x69, 0x6f, 0x6e, 0x73, 0x20, 0x53, 0x79, 0x73, 0x74, 0x65, 0x6d, 0x73, 0x20, 0x53,
    0x77, 0x65, 0x64, 0x65, 0x6e, 0x20, 0x41, 0x42, 0x00, 0x4f, 0x52, 0x42, 0x49, 0x53, 0x20, 0x49,
    0x6e, 0x63, 0x2e, 0x00, 0x47, 0x45, 0x41, 0x52, 0x20, 0x52, 0x41, 0x44, 0x49, 0x4f, 0x20, 0x45,
    0x4c, 0x45, 0x43, 0x54, 0x52, 0x4f, 0x4e, 0x49, 0x43, 0x53, 0x20, 0x43, 0x4f, 0x52, 0x50, 0x2e,
    0x00, 0x45, 0x41, 0x52, 0x20, 0x54, 0x45, 0x4b, 0x4e, 0x49, 0x4b, 0x20, 0x49, 0x53, 0x49, 0x54,
    0x4d, 0x45, 0x20, 0x56, 0x45, 0x20, 0x4f, 0x44, 0x49, 0x4f, 0x4d, 0x45, 0x54, 0x52, 0x49, 0x20,
    0x43, 0x49, 0x48, 0x41, 0x5a, 0x4c, 0x41, 0x52, 0x49, 0x20, 0x53, 0x41, 0x4e, 0x41, 0x59, 0x49,
    0x20, 0x56, 0x45, 0x20, 0x54, 0x49, 0x43, 0x41, 0x52, 0x45, 0x54, 0x20, 0x41, 0x4e, 0x4f, 0x4e,
    0x49, 0x4d, 0x20, 0x53, 0x49, 0x52, 0x4b, 0x45, 0x54, 0x49, 0x00, 0x43, 0x6f, 0x79, 0x6f, 0x74,
    0x74, 0x61, 0x00, 0x53, 0x79, 0x6e, 0x65, 0x72, 0x67, 0x79, 0x20, 0x54, 0x65, 0x63, 0x6e, 0x6f,
    0x6c, 0x6f, 0x67, 0x69, 0x61, 0x20, 0x65, 0x6d, 0x20, 0x53, 0x69, 0x73, 0x74, 0x65, 0x6d, 0x61,
    0x73, 0x20, 0x4c, 0x74, 0x64, 0x61, 0x00, 0x56, 0x69, 0x76, 0x6f, 0x53, 0x65, 0x6e, 0x73, 0x4d,
    0x65, 0x64, 0x69, 0x63, 0x61, 0x6c, 0x20, 0x47, 0x6d, 0x62, 0x48, 0x00, 0x4e, 0x61, 0x67, 0x72,
    0x61, 0x76, 0x69, 0x73, 0x69, 0x6f, 0x6e, 0x20, 0x53, 0x41, 0x00, 0x42, 0x69, 0x6f, 0x6e, 0x69,
    0x63, 0x20, 0x41, 0x76, 0x69, 0x6f, 0x6e, 0x69, 0x63, 0x73, 0x20, 0x49, 0x6e, 0x63, 0x2e, 0x00,
    0x49, 0x6e, 0x6e, 0x6f, 0x77, 0x61, 0x72, 0x65, 0x20, 0x44, 0x65, 0x76, 0x65, 0x6c, 0x6f, 0x70,
    0x6d, 0x65, 0x6e, 0x74, 0x20, 0x41, 0x42, 0x00, 0x4a, 0x4c, 0x44, 0x20, 0x54, 0x65, 0x63, 0x68,
    0x6e, 0x6f, 0x6c, 0x6f, 0x67, 0x79, 0x20, 0x53, 0x6f, 0x6c, 0x75, 0x74, 0x69, 0x6f, 0x6e, 0x73,
    0x2c, 0x20, 0x4c, 0x4c, 0x43, 0x00, 0x4d, 0x61, 0x67, 0x6e, 0x75, 0x73, 0x20, 0x54, 0x65, 0x63,
    0x68, 0x6e, 0x6f, 0x6c, 0x6f, 0x67, 0x79, 0x20, 0x53, 0x64, 0x6e, 0x20, 0x42, 0x68, 0x64, 0x00,
    0x54, 0x61, 0x67, 0x2d, 0x4e, 0x2d, 0x54, 0x72, 0x61, 0x63, 0x20, 0x49, 0x6e, 0x63, 0x00, 0x46,
    0x72, 0x69, 0x64, 0x61, 0x79, 0x20, 0x48, 0x6f, 0x6d, 0x65, 0x20, 0x41, 0x70, 0x73, 0x00, 0x43,
    0x50, 0x53, 0x20, 0x41, 0x53, 0x00, 0x4d, 0x6f, 0x62, 0x69, 0x6c, 0x6f, 0x67, 0x69, 0x78, 0x00,
    0x4d, 0x61, 0x73, 0x6f, 0x6e, 0x69, 0x74, 0x65, 0x20, 0x43, 0x6f, 0x72, 0x70, 0x6f, 0x72, 0x61,
    0x74, 0x69, 0x6f, 0x6e, 0x00, 0x4b, 0x61, 0x62, 0x75, 0x73, 0x68, 0x69, 0x6b, 0x69, 0x67, 0x61,
    0x69, 0x73, 0x68, 0x61, 0x20, 0x48, 0x41, 0x4e, 0x45, 0x52, 0x4f, 0x4e, 0x00, 0x4d, 0x65, 0x6c,
    0x61, 0x6e, 0x67, 0x65, 0x20, 0x53, 0x79, 0x73, 0x74, 0x65, 0x6d, 0x73, 0x20, 0x50, 0x76, 0x74,
    0x2e, 0x20, 0x4c, 0x74, 0x64, 0x2e, 0x00, 0x4c, 0x75, 0x6d, 0x65, 0x6e, 0x52, 0x61, 0x64, 0x69,
    0x6f, 0x20, 0x41, 0x42, 0x00, 0x41, 0x74, 0x68, 0x6c, 0x6f, 0x73, 0x20, 0x4f, 0x79, 0x00, 0x4b,
    0x45, 0x41, 0x4e, 0x20, 0x45, 0x4c, 0x45, 0x43, 0x54, 0x52, 0x4f, 0x4e, 0x49, 0x43, 0x53, 0x20,
    0x50, 0x54, 0x59, 0x20, 0x4c, 0x54, 0x44, 0x00, 0x59, 0x75, 0x6b, 0x6f, 0x6e, 0x20, 0x61, 0x64,
    0x76, 0x61, 0x6e, 0x63, 0x65, 0x64, 0x20, 0x6f, 0x70, 0x74, 0x69, 0x63, 0x73, 0x20, 0x77, 0x6f,
    0x72, 0x6c, 0x64, 0x77, 0x69, 0x64, 0x65, 0x2c, 0x20, 0x55, 0x41, 0x42, 0x00, 0x53, 0x69, 0x62,
    0x65, 0x6c, 0x20, 0x49, 0x6e, 0x63, 0x2e, 0x00, 0x4f, 0x4a, 0x4d, 0x41, 0x52, 0x20, 0x53, 0x41,
    0x00, 0x53, 0x74, 0x65, 0x69, 0x6e, 0x65, 0x6c, 0x20, 0x53, 0x6f, 0x6c, 0x75, 0x74, 0x69, 0x6f,
    0x6e, 0x73, 0x20, 0x41, 0x47, 0x00, 0x57, 0x61, 0x74, 0x63, 0x68, 0x47, 0x61, 0x73, 0x20, 0x42,
    0x2e, 0x56, 0x2e, 0x00, 0x4f, 0x4d, 0x20, 0x44, 0x69, 0x67, 0x69, 0x74, 0x61, 0x6c, 0x20, 0x53,
    0x6f, 0x6c, 0x75, 0x74, 0x69, 0x6f, 0x6e, 0x73, 0x20, 0x43, 0x6f, 0x72, 0x70, 0x6f, 0x72, 0x61,
    0x74, 0x69, 0x6f, 0x6e, 0x00, 0x41, 0x75, 0x64, 0x65, 0x61, 0x72, 0x61, 0x20, 0x50, 0x74, 0x79,
    0x20, 0x4c, 0x74, 0x64, 0x00, 0x42, 0x65, 0x69, 0x6a, 0x69, 0x6e, 0x67, 0x20, 0x5a, 0x65, 0x72,
    0x6f, 0x20, 0x5a, 0x65, 0x72, 0x6f, 0x20, 0x49, 0x6e, 0x66, 0x69, 0x6e, 0x69, 0x74, 0x79, 0x20,
    0x54, 0x65, 0x63, 0x68, 0x6e, 0x6f, 0x6c, 0x6f, 0x67, 0x79, 0x20, 0x43, 0x6f, 0x2e, 0x2c, 0x4c,
    0x74, 0x64, 0x2e, 0x00, 0x53, 0x70, 0x65, 0x63, 0x74, 0x72, 0x75, 0x6d, 0x20, 0x54, 0x65, 0x63,
    0x68, 0x6e, 0x6f, 0x6c, 0x6f, 0x67, 0x69, 0x65, 0x73, 0x2c, 0x20, 0x49, 0x6e, 0x63, 0x2e, 0x00,
    0x4f, 0x4b, 0x49, 0x20, 0x45, 0x6c, 0x65, 0x63, 0x74, 0x72, 0x69, 0x63, 0x20, 0x49, 0x6e, 0x64,
    0x75, 0x73, 0x74, 0x72, 0x79, 0x20, 0x43, 0x6f, 0x2e, 0x2c, 0x20, 0x4c, 0x74, 0x64, 0x00, 0x4d,
    0x6f, 0x62, 0x69, 0x6c, 0x65, 0x20, 0x41, 0x63, 0x74, 0x69, 0x6f, 0x6e, 0x20, 0x54, 0x65, 0x63,
    0x68, 0x6e, 0x6f, 0x6c, 0x6f, 0x67, 0x79, 0x20, 0x49, 0x6e, 0x63, 0x2e, 0x00, 0x53, 0x45, 0x4e,
    0x53, 0x41, 0x54, 0x45, 0x43, 0x20, 0x43, 0x6f, 0x2e, 0x2c, 0x20, 0x4c, 0x74, 0x64, 0x2e, 0x00,
    0x52, 0x2e, 0x4f, 0x2e, 0x20, 0x53, 0x2e, 0x52, 0x2e, 0x4c, 0x2e, 0x00, 0x48, 0x61, 0x6e, 0x67,
    0x7a, 0x68, 0x6f, 0x75, 0x20, 0x59, 0x61, 0x67, 0x75, 0x61, 0x6e, 0x20, 0x54, 0x65, 0x63, 0x68,
    0x6e, 0x6f, 0x6c, 0x6f, 0x67, 0x79, 0x20, 0x43, 0x6f, 0x2e, 0x20, 0x4c, 0x54, 0x44, 0x00, 0x4c,
    0x69, 0x73, 0x74, 0x65, 0x6e, 0x20, 0x54, 0x65, 0x63, 0x68, 0x6e, 0x6f, 0x6c, 0x6f, 0x67, 0x69,
    0x65, 0x73, 0x20, 0x43, 0x6f, 0x72, 0x70, 0x6f, 0x72, 0x61, 0x74, 0x69, 0x6f, 0x6e, 0x00, 0x54,
    0x4f, 0x49, 0x54, 0x55, 0x20, 0x43, 0x4f, 0x2e, 0x2c, 0x20, 0x4c, 0x54, 0x44, 0x2e, 0x00, 0x43,
    0x6f, 0x6e, 0x66, 0x69, 0x64, 0x65, 0x78, 0x00, 0x4c, 0x69, 0x63, 0x68, 0x74, 0x76, 0x69, 0x73,
    0x69, 0x6f, 0x6e, 0x20, 0x45, 0x6e, 0x67, 0x69, 0x6e, 0x65, 0x65, 0x72, 0x69, 0x6e, 0x67, 0x20,
    0x47, 0x6d, 0x62, 0x48, 0x00, 0x41, 0x49, 0x52, 0x53, 0x54, 0x41, 0x52, 0x00, 0x41, 0x6d, 0x70,
    0x6c, 0x65, 0x72, 0x20, 0x42, 0x69, 0x6b, 0x65, 0x73, 0x20, 0x4f, 0x55, 0x00, 0x43, 0x6c, 0x65,
    0x76, 0x65, 0x72, 0x6f, 0x6e, 0x20, 0x41, 0x53, 0x00, 0x41, 0x79, 0x78, 0x6f, 0x6e, 0x2d, 0x44,
    0x79, 0x6e, 0x61, 0x6d, 0x69, 0x63, 0x73, 0x20, 0x47, 0x6d, 0x62, 0x48, 0x00, 0x64, 0x6f, 0x6e,
    0x75, 0x74, 0x72, 0x6f, 0x62, 0x6f, 0x74, 0x69, 0x63, 0x73, 0x20, 0x43, 0x6f, 0x2e, 0x2c, 0x20,
    0x4c, 0x74, 0x64, 0x2e, 0x00, 0x46, 0x6c, 0x6f, 0x73, 0x6f, 0x6e, 0x69, 0x63, 0x73, 0x20, 0x4d,
    0x65, 0x64, 0x69, 0x63, 0x61, 0x6c, 0x00, 0x53, 0x6f, 0x75, 0x74, 0x68, 0x77, 0x69, 0x72, 0x65,
    0x20, 0x43, 0x6f, 0x6d, 0x70, 0x61, 0x6e, 0x79, 0x2c, 0x20, 0x4c, 0x4c, 0x43, 0x00, 0x53, 0x68,
    0x61, 0x6e, 0x67, 0x68, 0x61, 0x69, 0x20, 0x77, 0x75, 0x71, 0x69, 0x20, 0x6d, 0x69, 0x63, 0x72,
    0x6f, 0x65, 0x6c, 0x65, 0x63, 0x74, 0x72, 0x6f, 0x6e, 0x69, 0x63, 0x73, 0x20, 0x43, 0x6f, 0x2e,
    0x2c, 0x4c, 0x74, 0x64, 0x00, 0x52, 0x65, 0x66, 0x6c, 0x6f, 0x77, 0x20, 0x50, 0x74, 0x79, 0x20,
    0x4c, 0x74, 0x64, 0x00, 0x4f, 0x72, 0x61, 0x73, 0x20, 0x4f, 0x79, 0x00, 0x56, 0x6f, 0x6c, 0x61,
    0x6e, 0x20, 0x54, 0x65, 0x63, 0x68, 0x6e, 0x6f, 0x6c, 0x6f, 0x67, 0x79, 0x20, 0x49, 0x6e, 0x63,
    0x2e, 0x00, 0x53, 0x68, 0x61, 0x6e, 0x67, 0x68, 0x61, 0x69, 0x20, 0x59, 0x69, 0x64, 0x69, 0x61,
    0x6e, 0x20, 0x49, 0x6e, 0x74, 0x65, 0x6c, 0x6c, 0x69, 0x67, 0x65, 0x6e, 0x74, 0x20, 0x54, 0x65,
    0x63, 0x68, 0x6e, 0x6f, 0x6c, 0x6f, 0x67, 0x79, 0x20, 0x43, 0x6f, 0x2e, 0x2c, 0x20, 0x4c, 0x74,
    0x64, 0x2e, 0x00, 0x42, 0x6c, 0x75, 0x65, 0x20, 0x50, 0x65, 0x61, 0x63, 0x6f, 0x63, 0x6b, 0x20,
    0x47, 0x6d, 0x62, 0x48, 0x00, 0x52, 0x6f, 0x6c, 0x61, 0x6e, 0x64, 0x20, 0x43, 0x6f, 0x72, 0x70,
    0x6f, 0x72, 0x61, 0x74, 0x69, 0x6f, 0x6e, 0x00, 0x4c, 0x49, 0x58, 0x49, 0x4c, 0x20, 0x43, 0x6f,
    0x72, 0x70, 0x6f, 0x72, 0x61, 0x74, 0x69, 0x6f, 0x6e, 0x00, 0x53, 0x55, 0x42, 0x41, 0x52, 0x55,
    0x20, 0x43, 0x6f, 0x72, 0x70, 0x6f, 0x72, 0x61, 0x74, 0x69, 0x6f, 0x6e, 0x00, 0x53, 0x65, 0x6e,
    0x73, 0x6f, 0x6c, 0x75, 0x73, 0x00, 0x44, 0x79, 0x73, 0x6f, 0x6e, 0x20, 0x54, 0x65, 0x63, 0x68,
    0x6e, 0x6f, 0x6c, 0x6f, 0x67, 0x79, 0x20, 0x4c, 0x69, 0x6d, 0x69, 0x74, 0x65, 0x64, 0x00, 0x54,
    0x65, 0x63, 0x34, 0x6d, 0x65, 0x64, 0x20, 0x4c, 0x69, 0x66, 0x65, 0x53, 0x63, 0x69, 0x65, 0x6e,
    0x63, 0x65, 0x20, 0x47, 0x6d, 0x62, 0x48, 0x00, 0x43, 0x52, 0x4f, 0x58, 0x45, 0x4c, 0x2c, 0x20,
    0x49, 0x4e, 0x43, 0x2e, 0x00, 0x53, 0x79, 0x6e, 0x67, 0x20, 0x49, 0x6e, 0x63, 0x00, 0x50, 0x6c,
    0x75, 0x6d, 0x65, 0x20, 0x44, 0x65, 0x73, 0x69, 0x67, 0x6e, 0x20, 0x49, 0x6e, 0x63, 0x00, 0x43,
    0x61, 0x6d, 0x62, 0x72, 0x69, 0x64, 0x67, 0x65, 0x20, 0x41, 0x6e, 0x69, 0x6d, 0x61, 0x6c, 0x20,
    0x54, 0x65, 0x63, 0x68, 0x6e, 0x6f, 0x6c, 0x6f, 0x67, 0x69, 0x65, 0x73, 0x20, 0x4c, 0x74, 0x64,
    0x00, 0x4d, 0x61, 0x78, 0x65, 0x6c, 0x6c, 0x2c, 0x20, 0x4c, 0x74, 0x64, 0x2e, 0x00, 0x4c, 0x69,
    0x6e, 0x6b, 0x20, 0x4c, 0x61, 0x62, 0x73, 0x2c, 0x20, 0x49, 0x6e, 0x63, 0x2e, 0x00, 0x45, 0x6d,
    0x62, 0x72, 0x61, 0x76, 0x61, 0x20, 0x50, 0x74, 0x79, 0x20, 0x4c, 0x74, 0x64, 0x00, 0x49, 0x4e,
    0x50, 0x45, 0x41, 0x4b, 0x20, 0x73, 0x70, 0x2e, 0x20, 0x7a, 0x20, 0x6f, 0x2e, 0x6f, 0x2e, 0x00,
    0x41, 0x50, 0x49, 0x2d, 0x4b, 0x00, 0x43, 0x6f, 0x6d, 0x62, 0x69, 0x51, 0x20, 0x41, 0x42, 0x00,
    0x44, 0x65, 0x56, 0x69, 0x6c, 0x62, 0x69, 0x73, 0x73, 0x20, 0x48, 0x65, 0x61, 0x6c, 0x74, 0x68,
    0x63, 0x61, 0x72, 0x65, 0x20, 0x4c, 0x4c, 0x43, 0x00, 0x4a, 0x69, 0x61, 0x6e, 0x67, 0x78, 0x69,
    0x20, 0x49, 0x6e, 0x6e, 0x6f, 0x74, 0x65, 0x63, 0x68, 0x20, 0x54, 0x65, 0x63, 0x68, 0x6e, 0x6f,
    0x6c, 0x6f, 0x67, 0x79, 0x20, 0x43, 0x6f, 0x2e, 0x2c, 0x20, 0x4c, 0x74, 0x64, 0x00, 0x41, 0x70,
    0x6f, 0x6c, 0x6c, 0x6f, 0x67, 0x69, 0x63, 0x20, 0x53, 0x70, 0x2e, 0x20, 0x7a, 0x20, 0x6f, 0x2e,
    0x6f, 0x2e, 0x00, 0x44, 0x41, 0x49, 0x49, 0x43, 0x48, 0x49, 0x4b, 0x4f, 0x53, 0x48, 0x4f, 0x20,
    0x43, 0x4f, 0x2e, 0x2c, 0x20, 0x4c, 0x54, 0x44, 0x2e, 0x00, 0x42, 0x49, 0x58, 0x4f, 0x4c, 0x4f,
    0x4e, 0x20, 0x43, 0x4f, 0x2e, 0x2c, 0x4c, 0x54, 0x44, 0x00, 0x41, 0x74, 0x6d, 0x6f, 0x73, 0x69,
    0x63, 0x20, 0x54, 0x65, 0x63, 0x68, 0x6e, 0x6f, 0x6c, 0x6f, 0x67, 0x69, 0x65, 0x73, 0x2c, 0x20,
    0x49, 0x6e, 0x63, 0x2e, 0x00, 0x45, 0x72, 0x61, 0x6e, 0x20, 0x46, 0x69, 0x6e, 0x61, 0x6e, 0x63,
    0x69, 0x61, 0x6c, 0x20, 0x53, 0x65, 0x72, 0x76, 0x69, 0x63, 0x65, 0x73, 0x20, 0x4c, 0x4c, 0x43,
    0x00, 0x4c, 0x6f, 0x75, 0x69, 0x73, 0x20, 0x56, 0x75, 0x69, 0x74, 0x74, 0x6f, 0x6e, 0x00, 0x4e,
    0x61, 0x6e, 0x6f, 0x46, 0x6c, 0x65, 0x78, 0x20, 0x50, 0x6f, 0x77, 0x65, 0x72, 0x20, 0x43, 0x6f,
    0x72, 0x70, 0x6f, 0x72, 0x61, 0x74, 0x69, 0x6f, 0x6e, 0x00, 0x57, 0x6f, 0x72, 0x74, 0x68, 0x63,
    0x6c, 0x6f, 0x75, 0x64, 0x20, 0x54, 0x65, 0x63, 0x68, 0x6e, 0x6f, 0x6c, 0x6f, 0x67, 0x79, 0x20,
    0x43, 0x6f, 0x2e, 0x2c, 0x4c, 0x74, 0x64, 0x00, 0x59, 0x61, 0x6d, 0x61, 0x68, 0x61, 0x20, 0x43,
    0x6f, 0x72, 0x70, 0x6f, 0x72, 0x61, 0x74, 0x69, 0x6f, 0x6e, 0x00, 0x50, 0x61, 0x63, 0x65, 0x42,
    0x61, 0x69, 0x74, 0x20, 0x49, 0x56, 0x53, 0x00, 0x53, 0x68, 0x65, 0x6e, 0x7a, 0x68, 0x65, 0x6e,
    0x20, 0x48, 0x26, 0x54, 0x20, 0x49, 0x6e, 0x74, 0x65, 0x6c, 0x6c, 0x69, 0x67, 0x65, 0x6e, 0x74,
    0x20, 0x43, 0x6f, 0x6e, 0x74, 0x72, 0x6f, 0x6c, 0x20, 0x43, 0x6f, 0x2e, 0x2c, 0x20, 0x4c, 0x74,
    0x64, 0x00, 0x53, 0x68, 0x65, 0x6e, 0x7a, 0x68, 0x65, 0x6e, 0x20, 0x46, 0x65, 0x61, 0x73, 0x79,
    0x63, 0x6f, 0x6d, 0x20, 0x54, 0x65, 0x63, 0x68, 0x6e, 0x6f, 0x6c, 0x6f, 0x67, 0x79, 0x20, 0x43,
    0x6f, 0x2e, 0x2c, 0x20, 0x4c, 0x74, 0x64, 0x2e, 0x00, 0x49, 0x6e, 0x73, 0x74, 0x61, 0x6d, 0x69,
    0x63, 0x2c, 0x20, 0x49, 0x6e, 0x63, 0x2e, 0x00, 0x41, 0x69, 0x72, 0x2d, 0x57, 0x65, 0x69, 0x67,
    0x68, 0x00, 0x4e, 0x65, 0x76, 0x72, 0x6f, 0x20, 0x43, 0x6f, 0x72, 0x70, 0x2e, 0x00, 0x50, 0x69,
    0x6e, 0x6e, 0x61, 0x63, 0x6c, 0x65, 0x20, 0x54, 0x65, 0x63, 0x68, 0x6e, 0x6f, 0x6c, 0x6f, 0x67,
    0x79, 0x2c, 0x20, 0x49, 0x6e, 0x63, 0x2e, 0x00, 0x57, 0x4d, 0x46, 0x20, 0x41, 0x47, 0x00, 0x4c,
    0x75, 0x78, 0x65, 0x72, 0x20, 0x43, 0x6f, 0x72, 0x70, 0x6f, 0x72, 0x61, 0x74, 0x69, 0x6f, 0x6e,
    0x00, 0x73, 0x61, 0x66, 0x65, 0x63, 0x74, 0x6f, 0x72, 0x79, 0x20, 0x47, 0x6d, 0x62, 0x48, 0x00,
    0x4e, 0x47, 0x4b, 0x20, 0x53, 0x50, 0x41, 0x52, 0x4b, 0x20, 0x50, 0x4c, 0x55, 0x47, 0x20, 0x43,
    0x4f, 0x2e, 0x2c, 0x20, 0x4c, 0x54, 0x44, 0x2e, 0x00, 0x32, 0x35, 0x38, 0x37, 0x37, 0x30, 0x32,
    0x20, 0x4f, 0x6e, 0x74, 0x61, 0x72, 0x69, 0x6f, 0x20, 0x49, 0x6e, 0x63, 0x2e, 0x00, 0x42, 0x6f,
    0x75, 0x66, 0x66, 0x61, 0x6c, 0x6f, 0x20, 0x4c, 0x61, 0x62, 0x20, 0x28, 0x4e, 0x61, 0x6e, 0x6a,
    0x69, 0x6e, 0x67, 0x29, 0x2e, 0x2c, 0x20, 0x4c, 0x74, 0x64, 0x2e, 0x00, 0x42, 0x4c, 0x55, 0x45,
    0x54, 0x49, 0x43, 0x4b, 0x45, 0x54, 0x49, 0x4e, 0x47, 0x20, 0x53, 0x52, 0x4c, 0x00, 0x47, 0x61,
    0x6c, 0x69, 0x6c, 0x65, 0x6f, 0x20, 0x54, 0x65, 0x63, 0x68, 0x6e, 0x6f, 0x6c, 0x6f, 0x67, 0x79,
    0x20, 0x4c, 0x69, 0x6d, 0x69, 0x74, 0x65, 0x64, 0x00, 0x53, 0x69, 0x74, 0x65, 0x63, 0x6f, 0x20,
    0x47, 0x6d, 0x62, 0x48, 0x00, 0x44, 0x45, 0x4c, 0x41, 0x42, 0x49, 0x45, 0x00, 0x53, 0x68, 0x65,
    0x6e, 0x7a, 0x68, 0x65, 0x6e, 0x20, 0x59, 0x6f, 0x70, 0x65, 0x61, 0x6b, 0x20, 0x4f, 0x70, 0x74,
    0x6f, 0x65, 0x6c, 0x65, 0x63, 0x74, 0x72, 0x6f, 0x6e, 0x69, 0x63, 0x73, 0x20, 0x54, 0x65, 0x63,
    0x68, 0x6e, 0x6f, 0x6c, 0x6f, 0x67, 0x79, 0x20, 0x43, 0x6f, 0x2e, 0x2c, 0x20, 0x4c, 0x74, 0x64,
    0x2e, 0x00, 0x4f, 0x50, 0x45, 0x58, 0x20, 0x43, 0x6f, 0x72, 0x70, 0x6f, 0x72, 0x61, 0x74, 0x69,
    0x6f, 0x6e, 0x00, 0x4d, 0x6f, 0x74, 0x69, 0x6f, 0x6e, 0x61, 0x6c, 0x79, 0x73, 0x69, 0x73, 0x2c,
    0x20, 0x49, 0x6e, 0x63, 0x2e, 0x00, 0x42, 0x75, 0x73, 0x63, 0x68, 0x20, 0x53, 0x79, 0x73, 0x74,
    0x65, 0x6d, 0x73, 0x20, 0x49, 0x6e, 0x74, 0x65, 0x72, 0x6e, 0x61, 0x74, 0x69, 0x6f, 0x6e, 0x61,
    0x6c, 0x20, 0x49, 0x6e, 0x63, 0x2e, 0x00, 0x4e, 0x6f, 0x76, 0x69, 0x64, 0x61, 0x6e, 0x2c, 0x20,
    0x49, 0x6e, 0x63, 0x2e, 0x00, 0x33, 0x53, 0x49, 0x20, 0x53, 0x65, 0x63, 0x75, 0x72, 0x69, 0x74,
    0x79, 0x20, 0x53, 0x79, 0x73, 0x74, 0x65, 0x6d, 0x73, 0x2c, 0x20, 0x49, 0x6e, 0x63, 0x00, 0x42,
    0x65, 0x69, 0x6a, 0x69, 0x6e, 0x67, 0x20, 0x48, 0x43, 0x2d, 0x49, 0x6e, 0x66, 0x69, 0x6e, 0x69,
    0x74, 0x65, 0x20, 0x54, 0x65, 0x63, 0x68, 0x6e, 0x6f, 0x6c, 0x6f, 0x67, 0x79, 0x20, 0x4c, 0x69,
    0x6d, 0x69, 0x74, 0x65, 0x64, 0x00, 0x54, 0x68, 0x65, 0x20, 0x57, 0x61, 0x6e, 0x64, 0x20, 0x43,
    0x6f, 0x6d, 0x70, 0x61, 0x6e, 0x79, 0x20, 0x4c, 0x74, 0x64, 0x00, 0x4a, 0x52, 0x43, 0x20, 0x4d,
    0x6f, 0x62, 0x69, 0x6c, 0x69, 0x74, 0x79, 0x20, 0x49, 0x6e, 0x63, 0x2e, 0x00, 0x4d, 0x61, 0x70,
    0x20, 0x4c, 0x61, 0x72, 0x67, 0x65, 0x2c, 0x20, 0x49, 0x6e, 0x63, 0x2e, 0x00, 0x4d, 0x69, 0x73,
    0x74, 0x79, 0x57, 0x65, 0x73, 0x74, 0x20, 0x45, 0x6e, 0x65, 0x72, 0x67, 0x79, 0x20, 0x61, 0x6e,
    0x64, 0x20, 0x54, 0x72, 0x61, 0x6e, 0x73, 0x70, 0x6f, 0x72, 0x74, 0x20, 0x4c, 0x74, 0x64, 0x2e,
    0x00, 0x53, 0x69, 0x46, 0x6c, 0x69, 0x20, 0x54, 0x65, 0x63, 0x68, 0x6e, 0x6f, 0x6c, 0x6f, 0x67,
    0x69, 0x65, 0x73, 0x20, 0x28, 0x73, 0x68, 0x61, 0x6e, 0x67, 0x68, 0x61, 0x69, 0x29, 0x20, 0x49,
    0x6e, 0x63, 0x2e, 0x00, 0x4c, 0x6f, 0x63, 0x6b, 0x6e, 0x20, 0x54, 0x65, 0x63, 0x68, 0x6e, 0x6f,
    0x6c, 0x6f, 0x67, 0x69, 0x65, 0x73, 0x20, 0x50, 0x72, 0x69, 0x76, 0x61, 0x74, 0x65, 0x20, 0x4c,
    0x69, 0x6d, 0x69, 0x74, 0x65, 0x64, 0x00, 0x54, 0x6f, 0x79, 0x74, 0x65, 0x63, 0x20, 0x43, 0x6f,
    0x72, 0x70, 0x6f, 0x72, 0x61, 0x74, 0x69, 0x6f, 0x6e, 0x00, 0x56, 0x41, 0x4e, 0x4d, 0x4f, 0x4f,
    0x46, 0x20, 0x47, 0x6c, 0x6f, 0x62, 0x61, 0x6c, 0x20, 0x48, 0x6f, 0x6c, 0x64, 0x69, 0x6e, 0x67,
    0x20, 0x42, 0x2e, 0x56, 0x2e, 0x00, 0x4e, 0x65, 0x78, 0x74, 0x73, 0x63, 0x61, 0x70, 0x65, 0x20,
    0x49, 0x6e, 0x63, 0x2e, 0x00, 0x43, 0x53, 0x49, 0x52, 0x4f, 0x00, 0x46, 0x6f, 0x6c, 0x6c, 0x6f,
    0x77, 0x20, 0x53, 0x65, 0x6e, 0x73, 0x65, 0x20, 0x45, 0x75, 0x72, 0x6f, 0x70, 0x65, 0x20, 0x42,
    0x2e, 0x56, 0x2e, 0x00, 0x4b, 0x4b, 0x4d, 0x20, 0x43, 0x4f, 0x4d, 0x50, 0x41, 0x4e, 0x59, 0x20,
    0x4c, 0x49, 0x4d, 0x49, 0x54, 0x45, 0x44, 0x00, 0x53, 0x51, 0x4c, 0x20, 0x54, 0x65, 0x63, 0x68,
    0x6e, 0x6f, 0x6c, 0x6f, 0x67, 0x69, 0x65, 0x73, 0x20, 0x43, 0x6f, 0x72, 0x70, 0x2e, 0x00, 0x49,
    0x6e, 0x75, 0x67, 0x6f, 0x20, 0x53, 0x79, 0x73, 0x74, 0x65, 0x6d, 0x73, 0x20, 0x4c, 0x69, 0x6d,
    0x69, 0x74, 0x65, 0x64, 0x00, 0x61, 0x6d, 0x62, 0x69, 0x65, 0x00, 0x4d, 0x65, 0x69, 0x7a, 0x68,
    0x6f, 0x75, 0x20, 0x47, 0x75, 0x6f, 0x20, 0x57, 0x65, 0x69, 0x20, 0x45, 0x6c, 0x65, 0x63, 0x74,
    0x72, 0x6f, 0x6e, 0x69, 0x63, 0x73, 0x20, 0x43, 0x6f, 0x2e, 0x2c, 0x20, 0x4c, 0x74, 0x64, 0x00,
    0x49, 0x6e, 0x64, 0x69, 0x67, 0x6f, 0x20, 0x44, 0x69, 0x61, 0x62, 0x65, 0x74, 0x65, 0x73, 0x00,
    0x54, 0x6f, 0x75, 0x72, 0x42, 0x75, 0x69, 0x6c, 0x74, 0x2c, 0x20, 0x4c, 0x4c, 0x43, 0x00, 0x53,
    0x6f, 0x6e, 0x74, 0x68, 0x65, 0x69, 0x6d, 0x20, 0x49, 0x6e, 0x64, 0x75, 0x73, 0x74, 0x72, 0x69,
    0x65, 0x20, 0x45, 0x6c, 0x65, 0x6b, 0x74, 0x72, 0x6f, 0x6e, 0x69, 0x6b, 0x20, 0x47, 0x6d, 0x62,
    0x48, 0x00, 0x4c, 0x45, 0x47, 0x49, 0x43, 0x20, 0x49, 0x64, 0x65, 0x6e, 0x74, 0x73, 0x79, 0x73,
    0x74, 0x65, 0x6d, 0x73, 0x20, 0x41, 0x47, 0x00, 0x49, 0x6e, 0x6e, 0x6f, 0x76, 0x61, 0x74, 0x69,
    0x76, 0x65, 0x20, 0x44, 0x65, 0x73, 0x69, 0x67, 0x6e, 0x20, 0x4c, 0x61, 0x62, 0x73, 0x20, 0x49,
    0x6e, 0x63, 0x2e, 0x00, 0x4d, 0x47, 0x20, 0x45, 0x6e, 0x65, 0x72, 0x67, 0x79, 0x20, 0x53, 0x79,
    0x73, 0x74, 0x65, 0x6d, 0x73, 0x20, 0x42, 0x2e, 0x56, 0x2e, 0x00, 0x73, 0x74, 0x72, 0x79, 0x6b,
    0x65, 0x72, 0x00, 0x44, 0x41, 0x54, 0x41, 0x4e, 0x47, 0x20, 0x53, 0x45, 0x4d, 0x49, 0x43, 0x4f,
    0x4e, 0x44, 0x55, 0x43, 0x54, 0x4f, 0x52, 0x20, 0x54, 0x45, 0x43, 0x48, 0x4e, 0x4f, 0x4c, 0x4f,
    0x47, 0x59, 0x20, 0x43, 0x4f, 0x2e, 0x2c, 0x4c, 0x54, 0x44, 0x00, 0x53, 0x6d, 0x61, 0x72, 0x74,
    0x20, 0x50, 0x61, 0x72, 0x6b, 0x73, 0x20, 0x42, 0x2e, 0x56, 0x2e, 0x00, 0x4d, 0x4f, 0x4b, 0x4f,
    0x20, 0x54, 0x45, 0x43, 0x48, 0x4e, 0x4f, 0x4c, 0x4f, 0x47, 0x59, 0x20, 0x4c, 0x74, 0x64, 0x00,
    0x47, 0x65, 0x6f, 0x70, 0x61, 0x6c, 0x20, 0x73, 0x79, 0x73, 0x74, 0x65, 0x6d, 0x20, 0x41, 0x2f,
    0x53, 0x00, 0x4c, 0x79, 0x74, 0x78, 0x2c, 0x20, 0x49, 0x4e, 0x43, 0x2e, 0x00, 0x42, 0x65, 0x69,
    0x6a, 0x69, 0x6e, 0x67, 0x20, 0x53, 0x75, 0x70, 0x65, 0x72, 0x48, 0x65, 0x78, 0x61, 0x20, 0x43,
    0x65, 0x6e, 0x74, 0x75, 0x72, 0x79, 0x20, 0x54, 0x65, 0x63, 0x68, 0x6e, 0x6f, 0x6c, 0x6f, 0x67,
    0x79, 0x20, 0x43, 0x4f, 0x2e, 0x20, 0x4c, 0x74, 0x64, 0x00, 0x46, 0x6f, 0x63, 0x75, 0x73, 0x20,
    0x49, 0x6e, 0x67, 0x65, 0x6e, 0x69, 0x65, 0x72, 0x69, 0x61, 0x20, 0x53, 0x52, 0x4c, 0x00, 0x48,
    0x41, 0x50, 0x50, 0x49, 0x45, 0x53, 0x54, 0x20, 0x42, 0x41, 0x42, 0x59, 0x2c, 0x20, 0x49, 0x4e,
    0x43, 0x2e, 0x00, 0x53, 0x63, 0x72, 0x69, 0x62, 0x62, 0x6c, 0x65, 0x20, 0x44, 0x65, 0x73, 0x69,
    0x67, 0x6e, 0x20, 0x49, 0x6e, 0x63, 0x2e, 0x00, 0x4f, 0x6c, 0x79, 0x6d, 0x70, 0x69, 0x63, 0x20,
    0x4f, 0x70, 0x68, 0x74, 0x68, 0x61, 0x6c, 0x6d, 0x69, 0x63, 0x73, 0x2c, 0x20, 0x49, 0x6e, 0x63,
    0x2e, 0x00, 0x50, 0x6f, 0x6b, 0x6b, 0x65, 0x6c, 0x73, 0x00, 0x50, 0x61, 0x63, 0x20, 0x53, 0x61,
    0x6e, 0x65, 0x20, 0x4c, 0x69, 0x6d, 0x69, 0x74, 0x65, 0x64, 0x00, 0x57, 0x61, 0x72, 0x6e, 0x65,
    0x72, 0x20, 0x42, 0x72, 0x6f, 0x73, 0x2e, 0x00, 0x4f, 0x6f, 0x6d, 0x61, 0x00, 0x53, 0x65, 0x6e,
    0x71, 0x75, 0x69, 0x70, 0x20, 0x50, 0x74, 0x79, 0x20, 0x4c, 0x74, 0x64, 0x00, 0x4a, 0x75, 0x6d,
    0x6f, 0x20, 0x47, 0x6d, 0x62, 0x48, 0x20, 0x26, 0x20, 0x43, 0x6f, 0x2e, 0x20, 0x4b, 0x47, 0x00,
    0x49, 0x6e, 0x6e, 0x6f, 0x68, 0x6f, 0x6d, 0x65, 0x20, 0x4f, 0x79, 0x00, 0x4d, 0x49, 0x43, 0x52,
    0x4f, 0x53, 0x4f, 0x4e, 0x20, 0x53, 0x2e, 0x41, 0x2e, 0x00, 0x44, 0x65, 0x6c, 0x74, 0x61, 0x20,
    0x43, 0x79, 0x63, 0x6c, 0x65, 0x20, 0x43, 0x6f, 0x72, 0x70, 0x6f, 0x72, 0x61, 0x74, 0x69, 0x6f,
    0x6e, 0x00, 0x53, 0x79, 0x6e, 0x61, 0x70, 0x74, 0x69, 0x63, 0x73, 0x20, 0x49, 0x6e, 0x63, 0x6f,
    0x72, 0x70, 0x6f, 0x72, 0x61, 0x74, 0x65, 0x64, 0x00, 0x41, 0x58, 0x54, 0x52, 0x4f, 0x20, 0x50,
    0x54, 0x45, 0x2e, 0x20, 0x4c, 0x54, 0x44, 0x2e, 0x00, 0x53, 0x68, 0x65, 0x6e, 0x7a, 0x68, 0x65,
    0x6e, 0x20, 0x53, 0x75, 0x6e, 0x72, 0x69, 0x63, 0x68, 0x65, 0x72, 0x20, 0x54, 0x65, 0x63, 0x68,
    0x6e, 0x6f, 0x6c, 0x6f, 0x67, 0x79, 0x20, 0x4c, 0x69, 0x6d, 0x69, 0x74, 0x65, 0x64, 0x00, 0x57,
    0x65, 0x62, 0x61, 0x73, 0x74, 0x6f, 0x20, 0x53, 0x45, 0x00, 0x45, 0x6d, 0x6c, 0x69, 0x64, 0x20,
    0x4c, 0x69, 0x6d, 0x69, 0x74, 0x65, 0x64, 0x00, 0x55, 0x6e, 0x69, 0x71, 0x41, 0x69, 0x72, 0x20,
    0x4f, 0x79, 0x00, 0x57, 0x41, 0x46, 0x45, 0x52, 0x4c, 0x4f, 0x43, 0x4b, 0x00, 0x46, 0x72, 0x65,
    0x65, 0x64, 0x6d, 0x61, 0x6e, 0x20, 0x45, 0x6c, 0x65, 0x63, 0x74, 0x72, 0x6f, 0x6e, 0x69, 0x63,
    0x73, 0x20, 0x50, 0x74, 0x79, 0x20, 0x4c, 0x74, 0x64, 0x00, 0x4b, 0x45, 0x42, 0x41, 0x20, 0x48,
    0x61, 0x6e, 0x64, 0x6f, 0x76, 0x65, 0x72, 0x20, 0x41, 0x75, 0x74, 0x6f, 0x6d, 0x61, 0x74, 0x69,
    0x6f, 0x6e, 0x20, 0x47, 0x6d, 0x62, 0x48, 0x00, 0x49, 0x6e, 0x74, 0x75, 0x69, 0x74, 0x79, 0x20,
    0x4d, 0x65, 0x64, 0x69, 0x63, 0x61, 0x6c, 0x00, 0x43, 0x6c, 0x65, 0x65, 0x72, 0x20, 0x4c, 0x69,
    0x6d, 0x69, 0x74, 0x65, 0x64, 0x00, 0x55, 0x6e, 0x69, 0x76, 0x65, 0x72, 0x73, 0x61, 0x6c, 0x20,
    0x42, 0x69, 0x6f, 0x73, 0x65, 0x6e, 0x73, 0x6f, 0x72, 0x73, 0x20, 0x50, 0x74, 0x79, 0x20, 0x4c,
    0x74, 0x64, 0x00, 0x43, 0x6f, 0x72, 0x73, 0x61, 0x69, 0x72, 0x00, 0x52, 0x69, 0x76, 0x61, 0x74,
    0x61, 0x2c, 0x20, 0x49, 0x6e, 0x63, 0x2e, 0x00, 0x47, 0x72, 0x65, 0x65, 0x6e, 0x6e, 0x6f, 0x74,
    0x65, 0x20, 0x49, 0x6e, 0x63, 0x2c, 0x00, 0x53, 0x6e, 0x6f, 0x77, 0x62, 0x61, 0x6c, 0x6c, 0x20,
    0x54, 0x65, 0x63, 0x68, 0x6e, 0x6f, 0x6c, 0x6f, 0x67, 0x79, 0x20, 0x43, 0x6f, 0x2e, 0x2c, 0x20,
    0x4c, 0x74, 0x64, 0x2e, 0x00, 0x41, 0x4c, 0x49, 0x5a, 0x45, 0x4e, 0x54, 0x20, 0x49, 0x6e, 0x74,
    0x65, 0x72, 0x6e, 0x61, 0x74, 0x69, 0x6f, 0x6e, 0x61, 0x6c, 0x00, 0x53, 0x68, 0x61, 0x6e, 0x67,
    0x68, 0x61, 0x69, 0x20, 0x53, 0x6d, 0x61, 0x72, 0x74, 0x20, 0x53, 0x79, 0x73, 0x74, 0x65, 0x6d,
    0x20, 0x54, 0x65, 0x63, 0x68, 0x6e, 0x6f, 0x6c, 0x6f, 0x67, 0x79, 0x20, 0x43, 0x6f, 0x2e, 0x2c,
    0x20, 0x4c, 0x74, 0x64, 0x00, 0x50, 0x53, 0x41, 0x20, 0x50, 0x65, 0x75, 0x67, 0x65, 0x6f, 0x74,
    0x20, 0x43, 0x69, 0x74, 0x72, 0x6f, 0x65, 0x6e, 0x00, 0x56, 0x75, 0x73, 0x69, 0x6f, 0x6e, 0x47,
    0x72, 0x6f, 0x75, 0x70, 0x00, 0x48, 0x41, 0x49, 0x4e, 0x42, 0x55, 0x43, 0x48, 0x20, 0x47, 0x4d,
    0x42, 0x48, 0x20, 0x53, 0x50, 0x41, 0x4e, 0x4e, 0x45, 0x4e, 0x44, 0x45, 0x20, 0x54, 0x45, 0x43,
    0x48, 0x4e, 0x49, 0x4b, 0x00, 0x53, 0x41, 0x4e, 0x6c, 0x69, 0x67, 0x68, 0x74, 0x20, 0x47, 0x6d,
    0x62, 0x48, 0x00, 0x44, 0x65, 0x6c, 0x70, 0x53, 0x79, 0x73, 0x2c, 0x20, 0x73, 0x2e, 0x72, 0x2e,
    0x6f, 0x2e, 0x00, 0x4a, 0x43, 0x4d, 0x20, 0x54, 0x45, 0x43, 0x48, 0x4e, 0x4f, 0x4c, 0x4f, 0x47,
    0x49, 0x45, 0x53, 0x20, 0x53, 0x2e, 0x41, 0x2e, 0x00, 0x50, 0x65, 0x72, 0x66, 0x65, 0x63, 0x74,
    0x20, 0x43, 0x6f, 0x6d, 0x70, 0x61, 0x6e, 0x79, 0x00, 0x54, 0x4f, 0x54, 0x4f, 0x20, 0x4c, 0x54,
    0x44, 0x2e, 0x00, 0x53, 0x68, 0x65, 0x6e, 0x7a, 0x68, 0x65, 0x6e, 0x20, 0x47, 0x72, 0x61, 0x6e,
    0x64, 0x73, 0x75, 0x6e, 0x20, 0x45, 0x6c, 0x65, 0x63, 0x74, 0x72, 0x6f, 0x6e, 0x69, 0x63, 0x20,
    0x43, 0x6f, 0x2e, 0x2c, 0x4c, 0x74, 0x64, 0x2e, 0x00, 0x4d, 0x6f, 0x6e, 0x61, 0x72, 0x63, 0x68,
    0x20, 0x49, 0x6e, 0x74, 0x65, 0x72, 0x6e, 0x61, 0x74, 0x69, 0x6f, 0x6e, 0x61, 0x6c, 0x20, 0x49,
    0x6e, 0x63, 0x2e, 0x00, 0x43, 0x61, 0x72, 0x65, 0x73, 0x74, 0x72, 0x65, 0x61, 0x6d, 0x20, 0x44,
    0x65, 0x6e, 0x74, 0x61, 0x6c, 0x20, 0x4c, 0x4c, 0x43, 0x00, 0x47, 0x69, 0x50, 0x53, 0x74, 0x65,
    0x63, 0x68, 0x20, 0x53, 0x2e, 0x72, 0x2e, 0x6c, 0x2e, 0x00, 0x4f, 0x4f, 0x42, 0x49, 0x4b, 0x20,
    0x49, 0x6e, 0x63, 0x2e, 0x00, 0x50, 0x61, 0x6d, 0x65, 0x78, 0x20, 0x49, 0x6e, 0x63, 0x2e, 0x00,
    0x46, 0x6f, 0x69, 0x6c, 0x2c, 0x20, 0x49, 0x6e, 0x63, 0x2e, 0x00, 0x53, 0x68, 0x61, 0x6e, 0x67,
    0x68, 0x61, 0x69, 0x20, 0x68, 0x69, 0x67, 0x68, 0x2d, 0x66, 0x6c, 0x79, 0x69, 0x6e, 0x67, 0x20,
    0x65, 0x6c, 0x65, 0x63, 0x74, 0x72, 0x6f, 0x6e, 0x69, 0x63, 0x73, 0x20, 0x74, 0x65, 0x63, 0x68,
    0x6e, 0x6f, 0x6c, 0x6f, 0x67, 0x79, 0x20, 0x43, 0x6f, 0x2e, 0x2c, 0x4c, 0x74, 0x64, 0x00, 0x54,
    0x45, 0x4d, 0x4b, 0x49, 0x4e, 0x20, 0x41, 0x53, 0x53, 0x4f, 0x43, 0x49, 0x41, 0x54, 0x45, 0x53,
    0x2c, 0x20, 0x4c, 0x4c, 0x43, 0x00, 0x45, 0x65, 0x6c, 0x6c, 0x6f, 0x20, 0x4c, 0x4c, 0x43, 0x00,
    0x58, 0x69, 0x27, 0x61, 0x6e, 0x20, 0x46, 0x65, 0x6e, 0x67, 0x79, 0x75, 0x20, 0x49, 0x6e, 0x66,
    0x6f, 0x72, 0x6d, 0x61, 0x74, 0x69, 0x6f, 0x6e, 0x20, 0x54, 0x65, 0x63, 0x68, 0x6e, 0x6f, 0x6c,
    0x6f, 0x67, 0x79, 0x20, 0x43, 0x6f, 0x2e, 0x2c, 0x20, 0x4c, 0x74, 0x64, 0x2e, 0x00, 0x43, 0x61,
    0x6e, 0x6f, 0x6e, 0x20, 0x46, 0x69, 0x6e, 0x65, 0x74, 0x65, 0x63, 0x68, 0x20, 0x4e, 0x69, 0x73,
    0x63, 0x61, 0x20, 0x49, 0x6e, 0x63, 0x2e, 0x00, 0x69, 0x73, 0x74, 0x61, 0x20, 0x49, 0x6e, 0x74,
    0x65, 0x72, 0x6e, 0x61, 0x74, 0x69, 0x6f, 0x6e, 0x61, 0x6c, 0x20, 0x47, 0x6d, 0x62, 0x48, 0x00,
    0x4c, 0x6f, 0x79, 0x20, 0x54, 0x65, 0x63, 0x20, 0x65, 0x6c, 0x65, 0x63, 0x74, 0x72, 0x6f, 0x6e,
    0x69, 0x63, 0x73, 0x20, 0x47, 0x6d, 0x62, 0x48, 0x00, 0x4c, 0x49, 0x4e, 0x43, 0x4f, 0x47, 0x4e,
    0x20, 0x54, 0x45, 0x43, 0x48, 0x4e, 0x4f, 0x4c, 0x4f, 0x47, 0x59, 0x20, 0x43, 0x4f, 0x2e, 0x20,
    0x4c, 0x49, 0x4d, 0x49, 0x54, 0x45, 0x44, 0x00, 0x43, 0x61, 0x72, 0x65, 0x20, 0x42, 0x6c, 0x6f,
    0x6f, 0x6d, 0x2c, 0x20, 0x4c, 0x4c, 0x43, 0x00, 0x44, 0x49, 0x43, 0x20, 0x43, 0x6f, 0x72, 0x70,
    0x6f, 0x72, 0x61, 0x74, 0x69, 0x6f, 0x6e, 0x00, 0x46, 0x41, 0x5a, 0x45, 0x50, 0x52, 0x4f, 0x20,
    0x4c, 0x4c, 0x43, 0x00, 0x53, 0x68, 0x65, 0x6e, 0x7a, 0x68, 0x65, 0x6e, 0x20, 0x55, 0x61, 0x73,
    0x63, 0x65, 0x6e, 0x74, 0x20, 0x54, 0x65, 0x63, 0x68, 0x6e, 0x6f, 0x6c, 0x6f, 0x67, 0x79, 0x20,
    0x43, 0x6f, 0x2e, 0x2c, 0x20, 0x4c, 0x74, 0x64, 0x00, 0x52, 0x65, 0x61, 0x6c, 0x69, 0x74, 0x79,
    0x77, 0x6f, 0x72, 0x6b, 0x73, 0x2c, 0x20, 0x69, 0x6e, 0x63, 0x2e, 0x00, 0x55, 0x72, 0x62, 0x61,
    0x6e, 0x69, 0x73, 0x74, 0x61, 0x20, 0x41, 0x42, 0x00, 0x5a, 0x65, 0x6e, 0x63, 0x6f, 0x6e, 0x74,
    0x72, 0x6f, 0x6c, 0x20, 0x50, 0x74, 0x79, 0x20, 0x4c, 0x74, 0x64, 0x00, 0x53, 0x70, 0x69, 0x6e,
    0x74, 0x6c, 0x79, 0x2c, 0x20, 0x49, 0x6e, 0x63, 0x2e, 0x00, 0x43, 0x6f, 0x6d, 0x70, 0x75, 0x74,
    0x69, 0x6d, 0x65, 0x20, 0x49, 0x6e, 0x74, 0x65, 0x72, 0x6e, 0x61, 0x74, 0x69, 0x6f, 0x6e, 0x61,
    0x6c, 0x20, 0x4c, 0x74, 0x64, 0x00, 0x41, 0x6e, 0x68, 0x75, 0x69, 0x20, 0x4c, 0x69, 0x73, 0x74,
    0x65, 0x6e, 0x61, 0x69, 0x20, 0x43, 0x6f, 0x00, 0x4f, 0x53, 0x4d, 0x20, 0x48, 0x4b, 0x20, 0x4c,
    0x69, 0x6d, 0x69, 0x74, 0x65, 0x64, 0x00, 0x41, 0x64, 0x65, 0x76, 0x6f, 0x20, 0x43, 0x6f, 0x6e,
    0x73, 0x75, 0x6c, 0x74, 0x69, 0x6e, 0x67, 0x20, 0x41, 0x42, 0x00, 0x50, 0x53, 0x20, 0x45, 0x6e,
    0x67, 0x69, 0x6e, 0x65, 0x65, 0x72, 0x69, 0x6e, 0x67, 0x2c, 0x20, 0x49, 0x6e, 0x63, 0x2e, 0x00,
    0x41, 0x49, 0x41, 0x49, 0x41, 0x49, 0x20, 0x41, 0x70, 0x53, 0x00, 0x56, 0x69, 0x73, 0x69, 0x6f,
    0x6e, 0x74, 0x72, 0x6f, 0x6e, 0x69, 0x63, 0x20, 0x73, 0x2e, 0x72, 0x2e, 0x6f, 0x2e, 0x00, 0x49,
    0x6e, 0x56, 0x75, 0x65, 0x20, 0x53, 0x65, 0x63, 0x75, 0x72, 0x69, 0x74, 0x79, 0x20, 0x50, 0x72,
    0x6f, 0x64, 0x75, 0x63, 0x74, 0x73, 0x20, 0x49, 0x6e, 0x63, 0x00, 0x54, 0x6f, 0x75, 0x63, 0x68,
    0x54, 0x72, 0x6f, 0x6e, 0x69, 0x63, 0x73, 0x2c, 0x20, 0x49, 0x6e, 0x63, 0x2e, 0x00, 0x49, 0x4e,
    0x4e, 0x45, 0x52, 0x20, 0x52, 0x41, 0x4e, 0x47, 0x45, 0x20, 0x50, 0x54, 0x59, 0x2e, 0x20, 0x4c,
    0x54, 0x44, 0x2e, 0x00, 0x45, 0x6c, 0x6c, 0x65, 0x6e, 0x62, 0x79, 0x20, 0x54, 0x65, 0x63, 0x68,
    0x6e, 0x6f, 0x6c, 0x6f, 0x67, 0x69, 0x65, 0x73, 0x2c, 0x20, 0x49, 0x6e, 0x63, 0x2e, 0x00, 0x45,
    0x6c, 0x73, 0x74, 0x61, 0x74, 0x20, 0x45, 0x6c, 0x65, 0x63, 0x74, 0x72, 0x6f, 0x6e, 0x69, 0x63,
    0x73, 0x20, 0x4c, 0x74, 0x64, 0x2e, 0x00, 0x58, 0x65, 0x6e, 0x74, 0x65, 0x72, 0x2c, 0x20, 0x49,
    0x6e, 0x63, 0x2e, 0x00, 0x4c, 0x6f, 0x67, 0x54, 0x61, 0x67, 0x20, 0x4e, 0x6f, 0x72, 0x74, 0x68,
    0x20, 0x41, 0x6d, 0x65, 0x72, 0x69, 0x63, 0x61, 0x20, 0x49, 0x6e, 0x63, 0x2e, 0x00, 0x53, 0x65,
    0x6e, 0x73, 0x2e, 0x61, 0x69, 0x20, 0x49, 0x6e, 0x63, 0x6f, 0x72, 0x70, 0x6f, 0x72, 0x61, 0x74,
    0x65, 0x64, 0x00, 0x53, 0x54, 0x4c, 0x00, 0x4f, 0x70, 0x65, 0x6e, 0x20, 0x42, 0x69, 0x6f, 0x6e,
    0x69, 0x63, 0x73, 0x20, 0x4c, 0x74, 0x64, 0x2e, 0x00, 0x52, 0x2d, 0x44, 0x41, 0x53, 0x2c, 0x20,
    0x73, 0x2e, 0x72, 0x2e, 0x6f, 0x2e, 0x00, 0x4b, 0x43, 0x43, 0x53, 0x20, 0x4d, 0x6f, 0x62, 0x69,
    0x6c, 0x65, 0x20, 0x45, 0x6e, 0x67, 0x69, 0x6e, 0x65, 0x65, 0x72, 0x69, 0x6e, 0x67, 0x20, 0x43,
    0x6f, 0x2e, 0x2c, 0x20, 0x4c, 0x74, 0x64, 0x2e, 0x00, 0x49, 0x6e, 0x76, 0x65, 0x6e, 0x74, 0x61,
    0x73, 0x20, 0x41, 0x53, 0x00, 0x52, 0x6f, 0x62, 0x6b, 0x6f, 0x6f, 0x20, 0x49, 0x6e, 0x66, 0x6f,
    0x72, 0x6d, 0x61, 0x74, 0x69, 0x6f, 0x6e, 0x20, 0x26, 0x20, 0x54, 0x65, 0x63, 0x68, 0x6e, 0x6f,
    0x6c, 0x6f, 0x67, 0x69, 0x65, 0x73, 0x20, 0x43, 0x6f, 0x2e, 0x2c, 0x20, 0x4c, 0x74, 0x64, 0x2e,
    0x00, 0x50, 0x41, 0x55, 0x4c, 0x20, 0x48, 0x41, 0x52, 0x54, 0x4d, 0x41, 0x4e, 0x4e, 0x20, 0x41,
    0x47, 0x00, 0x4f, 0x6d, 0x6e, 0x69, 0x2d, 0x49, 0x44, 0x20, 0x55, 0x53, 0x41, 0x2c, 0x20, 0x49,
    0x4e, 0x43, 0x2e, 0x00, 0x53, 0x68, 0x65, 0x6e, 0x7a, 0x68, 0x65, 0x6e, 0x20, 0x4a, 0x69, 0x6e,
    0x67, 0x78, 0x75, 0x6e, 0x20, 0x54, 0x65, 0x63, 0x68, 0x6e, 0x6f, 0x6c, 0x6f, 0x67, 0x79, 0x20,
    0x43, 0x6f, 0x2e, 0x2c, 0x20, 0x4c, 0x74, 0x64, 0x2e, 0x00, 0x52, 0x65, 0x61, 0x6c, 0x4d, 0x65,
    0x67, 0x61, 0x20, 0x4d, 0x69, 0x63, 0x72, 0x6f, 0x65, 0x6c, 0x65, 0x63, 0x74, 0x72, 0x6f, 0x6e,
    0x69, 0x63, 0x73, 0x20, 0x74, 0x65, 0x63, 0x68, 0x6e, 0x6f, 0x6c, 0x6f, 0x67, 0x79, 0x20, 0x28,
    0x53, 0x68, 0x61, 0x6e, 0x67, 0x68, 0x61, 0x69, 0x29, 0x20, 0x43, 0x6f, 0x2e, 0x20, 0x4c, 0x74,
    0x64, 0x2e, 0x00, 0x4b, 0x65, 0x6e, 0x7a, 0x65, 0x6e, 0x2c, 0x20, 0x49, 0x6e, 0x63, 0x2e, 0x00,
    0x43, 0x4f, 0x44, 0x49, 0x55, 0x4d, 0x00, 0x46, 0x6c, 0x65, 0x78, 0x6f, 0x70, 0x74, 0x69, 0x78,
    0x20, 0x47, 0x6d, 0x62, 0x48, 0x00, 0x42, 0x61, 0x72, 0x6e, 0x65, 0x73, 0x20, 0x47, 0x72, 0x6f,
    0x75, 0x70, 0x20, 0x49, 0x6e, 0x63, 0x2e, 0x00, 0x43, 0x68, 0x65, 0x6e, 0x67, 0x64, 0x75, 0x20,
    0x41, 0x69, 0x63, 0x68, 0x20, 0x54, 0x65, 0x63, 0x68, 0x6e, 0x6f, 0x6c, 0x6f, 0x67, 0x79, 0x20,
    0x43, 0x6f, 0x2e, 0x2c, 0x4c, 0x74, 0x64, 0x00, 0x4b, 0x65, 0x65, 0x70, 0x69, 0x6e, 0x20, 0x43,
    0x6f, 0x2e, 0x2c, 0x20, 0x4c, 0x74, 0x64, 0x2e, 0x00, 0x53, 0x77, 0x65, 0x64, 0x6c, 0x6f, 0x63,
    0x6b, 0x20, 0x41, 0x42, 0x00, 0x53, 0x68, 0x65, 0x6e, 0x7a, 0x68, 0x65, 0x6e, 0x20, 0x43, 0x6f,
    0x6f, 0x6c, 0x4b, 0x69, 0x74, 0x20, 0x54, 0x65, 0x63, 0x68, 0x6e, 0x6f, 0x6c, 0x6f, 0x67, 0x79,
    0x20, 0x43, 0x6f, 0x2e, 0x2c, 0x20, 0x4c, 0x74, 0x64, 0x00, 0x69, 0x73, 0x65, 0x20, 0x49, 0x6e,
    0x64, 0x69, 0x76, 0x69, 0x64, 0x75, 0x65, 0x6c, 0x6c, 0x65, 0x20, 0x53, 0x6f, 0x66, 0x74, 0x77,
    0x61, 0x72, 0x65, 0x20, 0x75, 0x6e, 0x64, 0x20, 0x45, 0x6c, 0x65, 0x6b, 0x74, 0x72, 0x6f, 0x6e,
    0x69, 0x6b, 0x20, 0x47, 0x6d, 0x62, 0x48, 0x00, 0x4e, 0x75, 0x76, 0x6f, 0x74, 0x6f, 0x6e, 0x00,
    0x56, 0x69, 0x73, 0x75, 0x61, 0x6c, 0x6c, 0x65, 0x78, 0x20, 0x53, 0x70, 0x6f, 0x72, 0x74, 0x20,
    0x49, 0x6e, 0x74, 0x65, 0x72, 0x6e, 0x61, 0x74, 0x69, 0x6f, 0x6e, 0x61, 0x6c, 0x20, 0x4c, 0x69,
    0x6d, 0x69, 0x74, 0x65, 0x64, 0x00, 0x4b, 0x4f, 0x42, 0x41, 0x54, 0x41, 0x20, 0x47, 0x41, 0x55,
    0x47, 0x45, 0x20, 0x4d, 0x46, 0x47, 0x2e, 0x20, 0x43, 0x4f, 0x2e, 0x2c, 0x20, 0x4c, 0x54, 0x44,
    0x2e, 0x00, 0x43, 0x41, 0x43, 0x49, 0x20, 0x54, 0x65, 0x63, 0x68, 0x6e, 0x6f, 0x6c, 0x6f, 0x67,
    0x69, 0x65, 0x73, 0x00, 0x4e, 0x6f, 0x72, 0x64, 0x69, 0x63, 0x20, 0x53, 0x74, 0x72, 0x6f, 0x6e,
    0x67, 0x20, 0x41, 0x70, 0x53, 0x00, 0x4c, 0x61, 0x75, 0x74, 0x73, 0x70, 0x72, 0x65, 0x63, 0x68,
    0x65, 0x72, 0x20, 0x54, 0x65, 0x75, 0x66, 0x65, 0x6c, 0x20, 0x47, 0x6d, 0x62, 0x48, 0x00, 0x53,
    0x53, 0x56, 0x20, 0x53, 0x6f, 0x66, 0x74, 0x77, 0x61, 0x72, 0x65, 0x20, 0x53, 0x79, 0x73, 0x74,
    0x65, 0x6d, 0x73, 0x20, 0x47, 0x6d, 0x62, 0x48, 0x00, 0x5a, 0x68, 0x75, 0x68, 0x61, 0x69, 0x20,
    0x50, 0x61, 0x6e, 0x74, 0x75, 0x6d, 0x20, 0x45, 0x6c, 0x65, 0x63, 0x74, 0x72, 0x6f, 0x6e, 0x69,
    0x73, 0x63, 0x20, 0x43, 0x6f, 0x2e, 0x2c, 0x20, 0x4c, 0x74, 0x64, 0x00, 0x53, 0x74, 0x72, 0x65,
    0x61, 0x6d, 0x69, 0x74, 0x20, 0x42, 0x2e, 0x56, 0x2e, 0x00, 0x6e, 0x79, 0x6d, 0x65, 0x61, 0x20,
    0x47, 0x6d, 0x62, 0x48, 0x00, 0x41, 0x4c, 0x2d, 0x4b, 0x4f, 0x20, 0x47, 0x65, 0x72, 0x61, 0x65,
    0x74, 0x65, 0x20, 0x47, 0x6d, 0x62, 0x48, 0x00, 0x46, 0x72, 0x61, 0x6e, 0x7a, 0x20, 0x4b, 0x61,
    0x6c, 0x64, 0x65, 0x77, 0x65, 0x69, 0x20, 0x47, 0x6d, 0x62, 0x48, 0x26, 0x43, 0x6f, 0x20, 0x4b,
    0x47, 0x00, 0x43, 0x6f, 0x64, 0x65, 0x66, 0x61, 0x62, 0x72, 0x69, 0x6b, 0x20, 0x47, 0x6d, 0x62,
    0x48, 0x00, 0x52, 0x65, 0x65, 0x6c, 0x61, 0x62, 0x6c, 0x65, 0x73, 0x2c, 0x20, 0x49, 0x6e, 0x63,
    0x2e, 0x00, 0x44, 0x75, 0x72, 0x61, 0x76, 0x69, 0x74, 0x20, 0x41, 0x47, 0x00, 0x42, 0x6f, 0x73,
    0x73, 0x20, 0x41, 0x75, 0x64, 0x69, 0x6f, 0x00, 0x56, 0x6f, 0x63, 0x65, 0x72, 0x61, 0x20, 0x43,
    0x6f, 0x6d, 0x6d, 0x75, 0x6e, 0x69, 0x63, 0x61, 0x74, 0x69, 0x6f, 0x6e, 0x73, 0x2c, 0x20, 0x49,
    0x6e, 0x63, 0x2e, 0x00, 0x44, 0x6f, 0x75, 0x67, 0x6c, 0x61, 0x73, 0x20, 0x44, 0x79, 0x6e, 0x61,
    0x6d, 0x69, 0x63, 0x73, 0x20, 0x4c, 0x2e, 0x4c, 0x2e, 0x43, 0x2e, 0x00, 0x47, 0x6c, 0x6f, 0x62,
    0x61, 0x6c, 0x4d, 0x65, 0x64, 0x00, 0x44, 0x41, 0x4c, 0x49, 0x20, 0x41, 0x6c, 0x6c, 0x69, 0x61,
    0x6e, 0x63, 0x65, 0x00, 0x75, 0x6e, 0x75, 0x20, 0x47, 0x6d, 0x62, 0x48, 0x00, 0x48, 0x65, 0x78,
    0x6f, 0x6c, 0x6f, 0x67, 0x79, 0x00, 0x53, 0x75, 0x6e, 0x70, 0x6c, 0x75, 0x73, 0x20, 0x54, 0x65,
    0x63, 0x68, 0x6e, 0x6f, 0x6c, 0x6f, 0x67, 0x79, 0x20, 0x43, 0x6f, 0x2e, 0x2c, 0x20, 0x4c, 0x74,
    0x64, 0x2e, 0x00, 0x4c, 0x45, 0x56, 0x45, 0x4c, 0x2c, 0x20, 0x73, 0x2e, 0x72, 0x2e, 0x6f, 0x2e,
    0x00, 0x46, 0x4c, 0x49, 0x52, 0x20, 0x53, 0x79, 0x73, 0x74, 0x65, 0x6d, 0x73, 0x20, 0x41, 0x42,
    0x00, 0x42, 0x6f, 0x72, 0x64, 0x61, 0x20, 0x54, 0x65, 0x63, 0x68, 0x6e, 0x6f, 0x6c, 0x6f, 0x67,
    0x79, 0x00, 0x53, 0x71, 0x75, 0x61, 0x72, 0x65, 0x2c, 0x20, 0x49, 0x6e, 0x63, 0x2e, 0x00, 0x46,
    0x55, 0x54, 0x45, 0x4b, 0x20, 0x41, 0x44, 0x56, 0x41, 0x4e, 0x43, 0x45, 0x44, 0x20, 0x53, 0x45,
    0x4e, 0x53, 0x4f, 0x52, 0x20, 0x54, 0x45, 0x43, 0x48, 0x4e, 0x4f, 0x4c, 0x4f, 0x47, 0x59, 0x2c,
    0x20, 0x49, 0x4e, 0x43, 0x00, 0x53, 0x61, 0x78, 0x6f, 0x6e, 0x61, 0x72, 0x20, 0x47, 0x6d, 0x62,
    0x48, 0x00, 0x56, 0x65, 0x6c, 0x65, 0x6e, 0x74, 0x69, 0x75, 0x6d, 0x2c, 0x20, 0x4c, 0x4c, 0x43,
    0x00, 0x47, 0x4c, 0x50, 0x20, 0x47, 0x65, 0x72, 0x6d, 0x61, 0x6e, 0x20, 0x4c, 0x69, 0x67, 0x68,
    0x74, 0x20, 0x50, 0x72, 0x6f, 0x64, 0x75, 0x63, 0x74, 0x73, 0x20, 0x47, 0x6d, 0x62, 0x48, 0x00,
    0x4c, 0x65, 0x75, 0x70, 0x6f, 0x6c, 0x64, 0x20, 0x26, 0x20, 0x53, 0x74, 0x65, 0x76, 0x65, 0x6e,
    0x73, 0x2c, 0x20, 0x49, 0x6e, 0x63, 0x2e, 0x00, 0x43, 0x52, 0x41, 0x44, 0x45, 0x52, 0x53, 0x2c,
    0x43, 0x4f, 0x2e, 0x2c, 0x4c, 0x54, 0x44, 0x00, 0x37, 0x30, 0x31, 0x78, 0x20, 0x49, 0x6e, 0x63,
    0x2e, 0x00, 0x52, 0x61, 0x64, 0x69, 0x6f, 0x77, 0x6f, 0x72, 0x6b, 0x73, 0x20, 0x4d, 0x69, 0x63,
    0x72, 0x6f, 0x65, 0x6c, 0x65, 0x63, 0x74, 0x72, 0x6f, 0x6e, 0x69, 0x63, 0x73, 0x20, 0x50, 0x54,
    0x59, 0x20, 0x4c, 0x54, 0x44, 0x00, 0x55, 0x6e, 0x69, 0x74, 0x65, 0x63, 0x68, 0x20, 0x45, 0x6c,
    0x65, 0x63, 0x74, 0x72, 0x6f, 0x6e, 0x69, 0x63, 0x20, 0x49, 0x6e, 0x63, 0x2e, 0x00, 0x41, 0x4d,
    0x45, 0x54, 0x45, 0x4b, 0x2c, 0x20, 0x49, 0x6e, 0x63, 0x2e, 0x00, 0x49, 0x72, 0x64, 0x65, 0x74,
    0x6f, 0x00, 0x46, 0x69, 0x72, 0x73, 0x74, 0x20, 0x44, 0x65, 0x73, 0x69, 0x67, 0x6e, 0x20, 0x53,
    0x79, 0x73, 0x74, 0x65, 0x6d, 0x20, 0x49, 0x6e, 0x63, 0x2e, 0x00, 0x55, 0x6e, 0x69, 0x73, 0x74,
    0x6f, 0x20, 0x41, 0x47, 0x00, 0x43, 0x68, 0x65, 0x6e, 0x67, 0x64, 0x75, 0x20, 0x41, 0x6d, 0x62,
    0x69, 0x74, 0x20, 0x54, 0x65, 0x63, 0x68, 0x6e, 0x6f, 0x6c, 0x6f, 0x67, 0x79, 0x20, 0x43, 0x6f,
    0x2e, 0x2c, 0x20, 0x4c, 0x74, 0x64, 0x2e, 0x00, 0x53, 0x4d, 0x54, 0x20, 0x45, 0x4c, 0x45, 0x4b,
    0x54, 0x52, 0x4f, 0x4e, 0x49, 0x4b, 0x20, 0x47, 0x6d, 0x62, 0x48, 0x00, 0x43, 0x65, 0x72, 0x65,
    0x62, 0x72, 0x75, 0x6d, 0x20, 0x53, 0x65, 0x6e, 0x73, 0x6f, 0x72, 0x20, 0x54, 0x65, 0x63, 0x68,
    0x6e, 0x6f, 0x6c, 0x6f, 0x67, 0x69, 0x65, 0x73, 0x20, 0x49, 0x6e, 0x63, 0x2e, 0x00, 0x57, 0x65,
    0x62, 0x65, 0x72, 0x20, 0x53, 0x65, 0x6e, 0x73, 0x6f, 0x72, 0x73, 0x2c, 0x20, 0x4c, 0x4c, 0x43,
    0x00, 0x45, 0x61, 0x72, 0x64, 0x61, 0x20, 0x54, 0x65, 0x63, 0x68, 0x6e, 0x6f, 0x6c, 0x6f, 0x67,
    0x69, 0x65, 0x73, 0x20, 0x43, 0x6f, 0x2e, 0x2c, 0x4c, 0x74, 0x64, 0x00, 0x46, 0x55, 0x53, 0x45,
    0x41, 0x57, 0x41, 0x52, 0x45, 0x20, 0x4c, 0x49, 0x4d, 0x49, 0x54, 0x45, 0x44, 0x00, 0x46, 0x6c,
    0x61, 0x69, 0x72, 0x63, 0x6f, 0x6d, 0x6d, 0x20, 0x4d, 0x69, 0x63, 0x72, 0x6f, 0x65, 0x6c, 0x65,
    0x63, 0x74, 0x72, 0x6f, 0x6e, 0x69, 0x63, 0x73, 0x20, 0x49, 0x6e, 0x63, 0x2e, 0x00, 0x52, 0x45,
    0x53, 0x49, 0x44, 0x45, 0x4f, 0x20, 0x54, 0x45, 0x43, 0x48, 0x4e, 0x4f, 0x4c, 0x4f, 0x47, 0x49,
    0x45, 0x53, 0x2c, 0x20, 0x49, 0x4e, 0x43, 0x2e, 0x00, 0x49, 0x4f, 0x52, 0x41, 0x20, 0x54, 0x65,
    0x63, 0x68, 0x6e, 0x6f, 0x6c, 0x6f, 0x67, 0x79, 0x20, 0x44, 0x65, 0x76, 0x65, 0x6c, 0x6f, 0x70,
    0x6d, 0x65, 0x6e, 0x74, 0x20, 0x4c, 0x74, 0x64, 0x2e, 0x20, 0x53, 0x74, 0x69, 0x2e, 0x00, 0x50,
    0x72, 0x65, 0x63, 0x69, 0x73, 0x69, 0x6f, 0x6e, 0x20, 0x54, 0x72, 0x69, 0x61, 0x74, 0x68, 0x6c,
    0x6f, 0x6e, 0x20, 0x53, 0x79, 0x73, 0x74, 0x65, 0x6d, 0x73, 0x20, 0x4c, 0x69, 0x6d, 0x69, 0x74,
    0x65, 0x64, 0x00, 0x4d, 0x61, 0x72, 0x71, 0x75, 0x61, 0x72, 0x64, 0x74, 0x20, 0x47, 0x6d, 0x62,
    0x48, 0x00, 0x46, 0x41, 0x5a, 0x55, 0x41, 0x20, 0x47, 0x6d, 0x62, 0x48, 0x00, 0x57, 0x6f, 0x72,
    0x6b, 0x61, 0x72, 0x6f, 0x75, 0x6e, 0x64, 0x20, 0x47, 0x6d, 0x62, 0x68, 0x00, 0x53, 0x68, 0x65,
    0x6e, 0x7a, 0x68, 0x65, 0x6e, 0x20, 0x51, 0x69, 0x61, 0x6e, 0x66, 0x65, 0x6e, 0x79, 0x69, 0x20,
    0x49, 0x6e, 0x74, 0x65, 0x6c, 0x6c, 0x69, 0x67, 0x65, 0x6e, 0x74, 0x20, 0x54, 0x65, 0x63, 0x68,
    0x6e, 0x6f, 0x6c, 0x6f, 0x67, 0x79, 0x20, 0x43, 0x6f, 0x2e, 0x2c, 0x20, 0x4c, 0x54, 0x44, 0x00,
    0x42, 0x65, 0x6c, 0x75, 0x6e, 0x20, 0x54, 0x65, 0x63, 0x68, 0x6e, 0x6f, 0x6c, 0x6f, 0x67, 0x79,
    0x20, 0x43, 0x6f, 0x6d, 0x70, 0x61, 0x6e, 0x79, 0x20, 0x4c, 0x69, 0x6d, 0x69, 0x74, 0x65, 0x64,
    0x00, 0x53, 0x61, 0x6e, 0x69, 0x73, 0x74, 0x61, 0x61, 0x6c, 0x20, 0x41, 0x2f, 0x53, 0x00, 0x42,
    0x6c, 0x75, 0x50, 0x65, 0x61, 0x6b, 0x00, 0x53, 0x41, 0x4e, 0x59, 0x4f, 0x20, 0x44, 0x45, 0x4e,
    0x4b, 0x4f, 0x20, 0x43, 0x6f, 0x2e, 0x2c, 0x4c, 0x74, 0x64, 0x2e, 0x00, 0x4d, 0x69, 0x6e, 0x65,
    0x62, 0x65, 0x61, 0x20, 0x41, 0x63, 0x63, 0x65, 0x73, 0x73, 0x20, 0x53, 0x6f, 0x6c, 0x75, 0x74,
    0x69, 0x6f, 0x6e, 0x73, 0x20, 0x49, 0x6e, 0x63, 0x2e, 0x00, 0x42, 0x2e, 0x45, 0x2e, 0x41, 0x2e,
    0x20, 0x53, 0x2e, 0x41, 0x2e, 0x00, 0x41, 0x6c, 0x66, 0x61, 0x20, 0x4c, 0x61, 0x76, 0x61, 0x6c,
    0x20, 0x43, 0x6f, 0x72, 0x70, 0x6f, 0x72, 0x61, 0x74, 0x65, 0x20, 0x41, 0x42, 0x00, 0x54, 0x68,
    0x65, 0x72, 0x6d, 0x6f, 0x57, 0x6f, 0x72, 0x6b, 0x73, 0x2c, 0x20, 0x49, 0x6e, 0x63, 0x2e, 0x00,
    0x54, 0x6f, 0x75, 0x67, 0x68, 0x42, 0x75, 0x69, 0x6c, 0x74, 0x20, 0x49, 0x6e, 0x64, 0x75, 0x73,
    0x74, 0x72, 0x69, 0x65, 0x73, 0x20, 0x4c, 0x4c, 0x43, 0x00, 0x49, 0x4f, 0x54, 0x4f, 0x4f, 0x4c,
    0x53, 0x00, 0x4f, 0x6c, 0x75, 0x6d, 0x65, 0x65, 0x00, 0x4e, 0x41, 0x4f, 0x53, 0x20, 0x4a, 0x41,
    0x50, 0x41, 0x4e, 0x20, 0x4b, 0x2e, 0x4b, 0x2e, 0x00, 0x47, 0x75, 0x61, 0x72, 0x64, 0x20, 0x52,
    0x46, 0x49, 0x44, 0x20, 0x53, 0x6f, 0x6c, 0x75, 0x74, 0x69, 0x6f, 0x6e, 0x73, 0x20, 0x49, 0x6e,
    0x63, 0x2e, 0x00, 0x53, 0x49, 0x47, 0x20, 0x53, 0x41, 0x55, 0x45, 0x52, 0x2c, 0x20, 0x49, 0x4e,
    0x43, 0x2e, 0x00, 0x44, 0x45, 0x43, 0x41, 0x54, 0x48, 0x4c, 0x4f, 0x4e, 0x20, 0x53, 0x45, 0x00,
    0x57, 0x42, 0x53, 0x20, 0x50, 0x52, 0x4f, 0x4a, 0x45, 0x43, 0x54, 0x20, 0x48, 0x20, 0x50, 0x54,
    0x59, 0x20, 0x4c, 0x54, 0x44, 0x00, 0x52, 0x6f, 0x63, 0x61, 0x20, 0x53, 0x61, 0x6e, 0x69, 0x74,
    0x61, 0x72, 0x69, 0x6f, 0x2c, 0x20, 0x53, 0x2e, 0x41, 0x2e, 0x00, 0x4e, 0x61, 0x6e, 0x6f, 0x6c,
    0x65, 0x71, 0x20, 0x41, 0x47, 0x00, 0x41, 0x63, 0x63, 0x65, 0x6c, 0x65, 0x72, 0x61, 0x74, 0x65,
    0x64, 0x20, 0x53, 0x79, 0x73, 0x74, 0x65, 0x6d, 0x73, 0x00, 0x50, 0x42, 0x20, 0x49, 0x4e, 0x43,
    0x2e, 0x00, 0x42, 0x65, 0x69, 0x6a, 0x69, 0x6e, 0x67, 0x20, 0x45, 0x53, 0x57, 0x49, 0x4e, 0x20,
    0x43, 0x6f, 0x6d, 0x70, 0x75, 0x74, 0x69, 0x6e, 0x67, 0x20, 0x54, 0x65, 0x63, 0x68, 0x6e, 0x6f,
    0x6c, 0x6f, 0x67, 0x79, 0x20, 0x43, 0x6f, 0x2e, 0x2c, 0x20, 0x4c, 0x74, 0x64, 0x2e, 0x00, 0x54,
    0x4b, 0x48, 0x20, 0x53, 0x65, 0x63, 0x75, 0x72, 0x69, 0x74, 0x79, 0x20, 0x42, 0x2e, 0x56, 0x2e,
    0x00, 0x48, 0x79, 0x67, 0x69, 0x65, 0x6e, 0x65, 0x20, 0x49, 0x51, 0x2c, 0x20, 0x4c, 0x4c, 0x43,
    0x2e, 0x00, 0x69, 0x52, 0x68, 0x79, 0x74, 0x68, 0x6d, 0x20, 0x54, 0x65, 0x63, 0x68, 0x6e, 0x6f,
    0x6c, 0x6f, 0x67, 0x69, 0x65, 0x73, 0x2c, 0x20, 0x49, 0x6e, 0x63, 0x2e, 0x00, 0x42, 0x65, 0x69,
    0x4a, 0x69, 0x6e, 0x67, 0x20, 0x5a, 0x69, 0x4a, 0x69, 0x65, 0x20, 0x54, 0x69, 0x61, 0x6f, 0x44,
    0x6f, 0x6e, 0x67, 0x20, 0x4b, 0x65, 0x4a, 0x69, 0x20, 0x43, 0x6f, 0x2e, 0x2c, 0x4c, 0x74, 0x64,
    0x2e, 0x00, 0x4e, 0x49, 0x42, 0x52, 0x4f, 0x54, 0x45, 0x43, 0x48, 0x20, 0x4c, 0x54, 0x44, 0x00,
    0x42, 0x61, 0x72, 0x61, 0x63, 0x6f, 0x64, 0x61, 0x20, 0x44, 0x61, 0x69, 0x6c, 0x79, 0x20, 0x48,
    0x65, 0x61, 0x6c, 0x74, 0x68, 0x74, 0x65, 0x63, 0x68, 0x2e, 0x00, 0x4c, 0x75, 0x6d, 0x69, 0x20,
    0x55, 0x6e, 0x69, 0x74, 0x65, 0x64, 0x20, 0x54, 0x65, 0x63, 0x68, 0x6e, 0x6f, 0x6c, 0x6f, 0x67,
    0x79, 0x20, 0x43, 0x6f, 0x2e, 0x2c, 0x20, 0x4c, 0x74, 0x64, 0x00, 0x54, 0x65, 0x63, 0x68, 0x2d,
    0x56, 0x65, 0x6e, 0x6f, 0x6d, 0x20, 0x45, 0x6e, 0x74, 0x65, 0x72, 0x74, 0x61, 0x69, 0x6e, 0x6d,
    0x65, 0x6e, 0x74, 0x20, 0x50, 0x72, 0x69, 0x76, 0x61, 0x74, 0x65, 0x20, 0x4c, 0x69, 0x6d, 0x69,
    0x74, 0x65, 0x64, 0x00, 0x4d, 0x41, 0x49, 0x4e, 0x42, 0x4f, 0x54, 0x00, 0x49, 0x4c, 0x4c, 0x55,
    0x4d, 0x41, 0x47, 0x45, 0x41, 0x52, 0x2c, 0x20, 0x49, 0x6e, 0x63, 0x2e, 0x00, 0x52, 0x45, 0x44,
    0x41, 0x52, 0x43, 0x20, 0x45, 0x4c, 0x45, 0x43, 0x54, 0x52, 0x4f, 0x4e, 0x49, 0x43, 0x53, 0x20,
    0x50, 0x54, 0x59, 0x20, 0x4c, 0x54, 0x44, 0x00, 0x4d, 0x4f, 0x43, 0x41, 0x20, 0x53, 0x79, 0x73,
    0x74, 0x65, 0x6d, 0x20, 0x49, 0x6e, 0x63, 0x2e, 0x00, 0x44, 0x75, 0x6b, 0x65, 0x20, 0x4d, 0x61,
    0x6e, 0x75, 0x66, 0x61, 0x63, 0x74, 0x75, 0x72, 0x69, 0x6e, 0x67, 0x20, 0x43, 0x6f, 0x00, 0x41,
    0x52, 0x54, 0x20, 0x53, 0x50, 0x41, 0x00, 0x53, 0x69, 0x6c, 0x76, 0x65, 0x72, 0x20, 0x57, 0x6f,
    0x6c, 0x66, 0x20, 0x56, 0x65, 0x68, 0x69, 0x63, 0x6c, 0x65, 0x73, 0x20, 0x49, 0x6e, 0x63, 0x2e,
    0x00, 0x48, 0x61, 0x6c, 0x61, 0x20, 0x53, 0x79, 0x73, 0x74, 0x65, 0x6d, 0x73, 0x2c, 0x20, 0x49,
    0x6e, 0x63, 0x2e, 0x00, 0x41, 0x52, 0x4d, 0x41, 0x54, 0x55, 0x52, 0x41, 0x20, 0x4c, 0x4c, 0x43,
    0x00, 0x43, 0x4f, 0x4e, 0x5a, 0x55, 0x4d, 0x45, 0x58, 0x20, 0x49, 0x4e, 0x44, 0x55, 0x53, 0x54,
    0x52, 0x49, 0x45, 0x53, 0x20, 0x50, 0x52, 0x49, 0x56, 0x41, 0x54, 0x45, 0x20, 0x4c, 0x49, 0x4d,
    0x49, 0x54, 0x45, 0x44, 0x00, 0x42, 0x48, 0x20, 0x53, 0x45, 0x4e, 0x53, 0x00, 0x53, 0x49, 0x4e,
    0x54, 0x45, 0x46, 0x00, 0x4f, 0x6d, 0x6e, 0x69, 0x76, 0x6f, 0x6c, 0x74, 0x61, 0x69, 0x63, 0x20,
    0x45, 0x6e, 0x65, 0x72, 0x67, 0x79, 0x20, 0x53, 0x6f, 0x6c, 0x75, 0x74, 0x69, 0x6f, 0x6e, 0x73,
    0x20, 0x4c, 0x69, 0x6d, 0x69, 0x74, 0x65, 0x64, 0x20, 0x43, 0x6f, 0x6d, 0x70, 0x61, 0x6e, 0x79,
    0x00, 0x57, 0x49, 0x53, 0x59, 0x43, 0x4f, 0x4d, 0x20, 0x53, 0x2e, 0x52, 0x2e, 0x4c, 0x2e, 0x00,
    0x52, 0x65, 0x64, 0x20, 0x31, 0x30, 0x30, 0x20, 0x4c, 0x69, 0x67, 0x68, 0x74, 0x69, 0x6e, 0x67,
    0x20, 0x43, 0x6f, 0x2e, 0x2c, 0x20, 0x6c, 0x74, 0x64, 0x2e, 0x00, 0x49, 0x6d, 0x70, 0x61, 0x63,
    0x74, 0x20, 0x42, 0x69, 0x6f, 0x73, 0x79, 0x73, 0x74, 0x65, 0x6d, 0x73, 0x2c, 0x20, 0x49, 0x6e,
    0x63, 0x2e, 0x00, 0x41, 0x49, 0x43, 0x20, 0x73, 0x65, 0x6d, 0x69, 0x63, 0x6f, 0x6e, 0x64, 0x75,
    0x63, 0x74, 0x6f, 0x72, 0x20, 0x28, 0x53, 0x68, 0x61, 0x6e, 0x67, 0x68, 0x61, 0x69, 0x29, 0x20,
    0x43, 0x6f, 0x2e, 0x2c, 0x20, 0x4c, 0x74, 0x64, 0x2e, 0x00, 0x44, 0x6f, 0x64, 0x67, 0x65, 0x20,
    0x49, 0x6e, 0x64, 0x75, 0x73, 0x74, 0x72, 0x69, 0x61, 0x6c, 0x2c, 0x20, 0x49, 0x6e, 0x63, 0x2e,
    0x00, 0x52, 0x45, 0x41, 0x4c, 0x54, 0x49, 0x4d, 0x45, 0x49, 0x44, 0x20, 0x41, 0x53, 0x00, 0x49,
    0x53, 0x45, 0x4f, 0x20, 0x53, 0x65, 0x72, 0x72, 0x61, 0x74, 0x75, 0x72, 0x65, 0x20, 0x53, 0x2e,
    0x70, 0x2e, 0x61, 0x2e, 0x00, 0x4d, 0x69, 0x6e, 0x64, 0x52, 0x68, 0x79, 0x74, 0x68, 0x6d, 0x2c,
    0x20, 0x49, 0x6e, 0x63, 0x2e, 0x00, 0x48, 0x61, 0x76, 0x65, 0x6c, 0x6c, 0x73, 0x20, 0x49, 0x6e,
    0x64, 0x69, 0x61, 0x20, 0x4c, 0x69, 0x6d, 0x69, 0x74, 0x65, 0x64, 0x00, 0x53, 0x65, 0x6e, 0x74,
    0x72, 0x61, 0x78, 0x20, 0x47, 0x6d, 0x62, 0x48, 0x00, 0x54, 0x53, 0x49, 0x00, 0x49, 0x4e, 0x43,
    0x49, 0x54, 0x41, 0x54, 0x20, 0x45, 0x4e, 0x56, 0x49, 0x52, 0x4f, 0x4e, 0x4e, 0x45, 0x4d, 0x45,
    0x4e, 0x54, 0x00, 0x6e, 0x46, 0x6f, 0x72, 0x65, 0x20, 0x54, 0x65, 0x63, 0x68, 0x6e, 0x6f, 0x6c,
    0x6f, 0x67, 0x79, 0x20, 0x43, 0x6f, 0x2e, 0x2c, 0x20, 0x4c, 0x74, 0x64, 0x2e, 0x00, 0x45, 0x6c,
    0x65, 0x63, 0x74, 0x72, 0x6f, 0x6e, 0x69, 0x63, 0x20, 0x53, 0x65, 0x6e, 0x73, 0x6f, 0x72, 0x73,
    0x2c, 0x20, 0x49, 0x6e, 0x63, 0x2e, 0x00, 0x47, 0x65, 0x6e, 0x74, 0x65, 0x78, 0x20, 0x43, 0x6f,
    0x72, 0x70, 0x6f, 0x72, 0x61, 0x74, 0x69, 0x6f, 0x6e, 0x00, 0x4e, 0x49, 0x4f, 0x20, 0x55, 0x53,
    0x41, 0x2c, 0x20, 0x49, 0x6e, 0x63, 0x2e, 0x00, 0x53, 0x6b, 0x79, 0x48, 0x61, 0x77, 0x6b, 0x65,
    0x20, 0x54, 0x65, 0x63, 0x68, 0x6e, 0x6f, 0x6c, 0x6f, 0x67, 0x69, 0x65, 0x73, 0x00, 0x4e, 0x6f,
    0x6d, 0x6f, 0x6e, 0x6f, 0x20, 0x41, 0x53, 0x00, 0x45, 0x4d, 0x53, 0x20, 0x49, 0x6e, 0x74, 0x65,
    0x67, 0x72, 0x61, 0x74, 0x6f, 0x72, 0x73, 0x2c, 0x20, 0x4c, 0x4c, 0x43, 0x00, 0x42, 0x69, 0x6f,
    0x73, 0x42, 0x6f, 0x62, 0x2e, 0x42, 0x69, 0x7a, 0x00, 0x41, 0x64, 0x61, 0x6d, 0x20, 0x48, 0x61,
    0x6c, 0x6c, 0x20, 0x47, 0x6d, 0x62, 0x48, 0x00, 0x49, 0x43, 0x50, 0x20, 0x53, 0x79, 0x73, 0x74,
    0x65, 0x6d, 0x73, 0x20, 0x42, 0x2e, 0x56, 0x2e, 0x00, 0x42, 0x72, 0x65, 0x65, 0x7a, 0x69, 0x2e,
    0x69, 0x6f, 0x2c, 0x20, 0x49, 0x6e, 0x63, 0x2e, 0x00, 0x4d, 0x65, 0x73, 0x68, 0x20, 0x53, 0x79,
    0x73, 0x74, 0x65, 0x6d, 0x73, 0x20, 0x4c, 0x4c, 0x43, 0x00, 0x46, 0x55, 0x4e, 0x20, 0x46, 0x41,
    0x43, 0x54, 0x4f, 0x52, 0x59, 0x20, 0x47, 0x6d, 0x62, 0x48, 0x00, 0x5a, 0x49, 0x49, 0x50, 0x20,
    0x49, 0x6e, 0x63, 0x00, 0x53, 0x48, 0x45, 0x4e, 0x5a, 0x48, 0x45, 0x4e, 0x20, 0x4b, 0x41, 0x41,
    0x44, 0x41, 0x53, 0x20, 0x49, 0x4e, 0x54, 0x45, 0x4c, 0x4c, 0x49, 0x47, 0x45, 0x4e, 0x54, 0x20,
    0x54, 0x45, 0x43, 0x48, 0x4e, 0x4f, 0x4c, 0x4f, 0x47, 0x59, 0x20, 0x43, 0x4f, 0x2e, 0x2c, 0x4c,
    0x74, 0x64, 0x00, 0x45, 0x6d, 0x6f, 0x74, 0x69, 0x6f, 0x6e, 0x20, 0x46, 0x69, 0x74, 0x6e, 0x65,
    0x73, 0x73, 0x20, 0x47, 0x6d, 0x62, 0x48, 0x20, 0x26, 0x20, 0x43, 0x6f, 0x2e, 0x20, 0x4b, 0x47,
    0x00, 0x48, 0x20, 0x47, 0x20, 0x4d, 0x20, 0x41, 0x75, 0x74, 0x6f, 0x6d, 0x6f, 0x74, 0x69, 0x76,
    0x65, 0x20, 0x45, 0x6c, 0x65, 0x63, 0x74, 0x72, 0x6f, 0x6e, 0x69, 0x63, 0x73, 0x2c, 0x20, 0x49,
    0x6e, 0x63, 0x2e, 0x00, 0x42, 0x4f, 0x52, 0x41, 0x20, 0x2d, 0x20, 0x56, 0x65, 0x72, 0x74, 0x72,
    0x69, 0x65, 0x62, 0x73, 0x20, 0x47, 0x6d, 0x62, 0x48, 0x20, 0x26, 0x20, 0x43, 0x6f, 0x20, 0x4b,
    0x47, 0x00, 0x43, 0x4f, 0x4e, 0x56, 0x45, 0x52, 0x54, 0x52, 0x4f, 0x4e, 0x49, 0x58, 0x20, 0x54,
    0x45, 0x43, 0x48, 0x4e, 0x4f, 0x4c, 0x4f, 0x47, 0x49, 0x45, 0x53, 0x20, 0x41, 0x4e, 0x44, 0x20,
    0x53, 0x45, 0x52, 0x56, 0x49, 0x43, 0x45, 0x53, 0x20, 0x4c, 0x4c, 0x50, 0x00, 0x54, 0x4f, 0x4b,
    0x41, 0x49, 0x2d, 0x44, 0x45, 0x4e, 0x53, 0x48, 0x49, 0x20, 0x49, 0x4e, 0x43, 0x00, 0x53, 0x68,
    0x65, 0x6e, 0x7a, 0x68, 0x65, 0x6e, 0x20, 0x49, 0x6d, 0x61, 0x67, 0x69, 0x6e, 0x65, 0x56, 0x69,
    0x73, 0x69, 0x6f, 0x6e, 0x20, 0x54, 0x65, 0x63, 0x68, 0x6e, 0x6f, 0x6c, 0x6f, 0x67, 0x79, 0x20,
    0x4c, 0x69, 0x6d, 0x69, 0x74, 0x65, 0x64, 0x00, 0x46, 0x75, 0x6a, 0x69, 0x61, 0x6e, 0x20, 0x4e,
    0x65, 0x77, 0x6c, 0x61, 0x6e, 0x64, 0x20, 0x41, 0x75, 0x74, 0x6f, 0x2d, 0x49, 0x44, 0x20, 0x54,
    0x65, 0x63, 0x68, 0x2e, 0x20, 0x43, 0x6f, 0x2e, 0x2c, 0x20, 0x4c, 0x74, 0x64, 0x2e, 0x00, 0x43,
    0x45, 0x4c, 0x4c, 0x43, 0x4f, 0x4e, 0x54, 0x52, 0x4f, 0x4c, 0x2c, 0x20, 0x49, 0x4e, 0x43, 0x2e,
    0x00, 0x52, 0x69, 0x76, 0x69, 0x65, 0x68, 0x2c, 0x20, 0x49, 0x6e, 0x63, 0x2e, 0x00, 0x52, 0x41,
    0x54, 0x4f, 0x43, 0x20, 0x53, 0x79, 0x73, 0x74, 0x65, 0x6d, 0x73, 0x2c, 0x20, 0x49, 0x6e, 0x63,
    0x2e, 0x00, 0x53, 0x65, 0x6e, 0x74, 0x65, 0x6b, 0x20, 0x50, 0x74, 0x79, 0x20, 0x4c, 0x74, 0x64,
    0x00, 0x4e, 0x4f, 0x56, 0x45, 0x41, 0x20, 0x45, 0x4e, 0x45, 0x52, 0x47, 0x49, 0x45, 0x53, 0x00,
    0x49, 0x6e, 0x6e, 0x6f, 0x6c, 0x75, 0x78, 0x20, 0x43, 0x6f, 0x72, 0x70, 0x6f, 0x72, 0x61, 0x74,
    0x69, 0x6f, 0x6e, 0x00, 0x4e, 0x69, 0x6e, 0x67, 0x42, 0x6f, 0x20, 0x6b, 0x6c, 0x69, 0x74, 0x65,
    0x20, 0x45, 0x6c, 0x65, 0x63, 0x74, 0x72, 0x69, 0x63, 0x20, 0x4d, 0x61, 0x6e, 0x75, 0x66, 0x61,
    0x63, 0x74, 0x75, 0x72, 0x65, 0x20, 0x43, 0x6f, 0x2e, 0x2c, 0x4c, 0x54, 0x44, 0x00, 0x54, 0x68,
    0x65, 0x20, 0x41, 0x70, 0x61, 0x63, 0x68, 0x65, 0x20, 0x53, 0x6f, 0x66, 0x74, 0x77, 0x61, 0x72,
    0x65, 0x20, 0x46, 0x6f, 0x75, 0x6e, 0x64, 0x61, 0x74, 0x69, 0x6f, 0x6e, 0x00, 0x4d, 0x49, 0x54,
    0x53, 0x55, 0x42, 0x49, 0x53, 0x48, 0x49, 0x20, 0x45, 0x4c, 0x45, 0x43, 0x54, 0x52, 0x49, 0x43,
    0x20, 0x41, 0x55, 0x54, 0x4f, 0x4d, 0x41, 0x54, 0x49, 0x4f, 0x4e, 0x20, 0x28, 0x54, 0x48, 0x41,
    0x49, 0x4c, 0x41, 0x4e, 0x44, 0x29, 0x20, 0x43, 0x4f, 0x4d, 0x50, 0x41, 0x4e, 0x59, 0x20, 0x4c,
    0x49, 0x4d, 0x49, 0x54, 0x45, 0x44, 0x00, 0x51, 0x75, 0x68, 0x61, 0x20, 0x6f, 0x79, 0x00, 0x41,
    0x64, 0x64, 0x61, 0x64, 0x61, 0x79, 0x00, 0x44, 0x79, 0x6d, 0x6f, 0x00, 0x53, 0x61, 0x6d, 0x73,
    0x61, 0x72, 0x61, 0x20, 0x4e, 0x65, 0x74, 0x77, 0x6f, 0x72, 0x6b, 0x73, 0x2c, 0x20, 0x49, 0x6e,
    0x63, 0x00, 0x53, 0x65, 0x6e, 0x73, 0x69, 0x74, 0x65, 0x63, 0x68, 0x2c, 0x20, 0x49, 0x6e, 0x63,
    0x2e, 0x00, 0x53, 0x4f, 0x4c, 0x55, 0x4d, 0x20, 0x43, 0x4f, 0x2e, 0x2c, 0x20, 0x4c, 0x54, 0x44,
    0x00, 0x52, 0x65, 0x61, 0x63, 0x74, 0x20, 0x4d, 0x6f, 0x62, 0x69, 0x6c, 0x65, 0x00, 0x4a, 0x44,
    0x52, 0x46, 0x20, 0x45, 0x6c, 0x65, 0x63, 0x74, 0x72, 0x6f, 0x6d, 0x61, 0x67, 0x20, 0x45, 0x6e,
    0x67, 0x69, 0x6e, 0x65, 0x65, 0x72, 0x69, 0x6e, 0x67, 0x20, 0x49, 0x6e, 0x63, 0x00, 0x6c, 0x69,
    0x6c, 0x62, 0x69, 0x74, 0x20, 0x4f, 0x44, 0x4d, 0x20, 0x41, 0x53, 0x00, 0x47, 0x65, 0x65, 0x6b,
    0x6e, 0x65, 0x74, 0x2c, 0x20, 0x49, 0x6e, 0x63, 0x2e, 0x00, 0x48, 0x41, 0x52, 0x41, 0x44, 0x41,
    0x20, 0x49, 0x4e, 0x44, 0x55, 0x53, 0x54, 0x52, 0x59, 0x20, 0x43, 0x4f, 0x2e, 0x2c, 0x20, 0x4c,
    0x54, 0x44, 0x2e, 0x00, 0x42, 0x51, 0x4e, 0x00, 0x54, 0x72, 0x69, 0x70, 0x6c, 0x65, 0x20, 0x57,
    0x20, 0x4a, 0x61, 0x70, 0x61, 0x6e, 0x20, 0x49, 0x6e, 0x63, 0x2e, 0x00, 0x4d, 0x41, 0x58, 0x2d,
    0x63, 0x6f, 0x2e, 0x2c, 0x20, 0x6c, 0x74, 0x64, 0x00, 0x41, 0x69, 0x78, 0x6c, 0x69, 0x6e, 0x6b,
    0x28, 0x43, 0x68, 0x65, 0x6e, 0x67, 0x64, 0x75, 0x29, 0x20, 0x43, 0x6f, 0x2e, 0x2c, 0x20, 0x4c,
    0x74, 0x64, 0x2e, 0x00, 0x46, 0x49, 0x45, 0x4c, 0x44, 0x20, 0x44, 0x45, 0x53, 0x49, 0x47, 0x4e,
    0x20, 0x49, 0x4e, 0x43, 0x2e, 0x00, 0x53, 0x61, 0x6e, 0x6b, 0x79, 0x6f, 0x20, 0x41, 0x69, 0x72,
    0x20, 0x54, 0x65, 0x63, 0x68, 0x20, 0x43, 0x6f, 0x2e, 0x2c, 0x4c, 0x74, 0x64, 0x2e, 0x00, 0x53,
    0x68, 0x65, 0x6e, 0x7a, 0x68, 0x65, 0x6e, 0x20, 0x4b, 0x54, 0x43, 0x20, 0x54, 0x65, 0x63, 0x68,
    0x6e, 0x6f, 0x6c, 0x6f, 0x67, 0x79, 0x20, 0x43, 0x6f, 0x2e, 0x2c, 0x4c, 0x74, 0x64, 0x2e, 0x00,
    0x48, 0x61, 0x72, 0x64, 0x63, 0x6f, 0x64, 0x65, 0x72, 0x20, 0x4f, 0x79, 0x00, 0x53, 0x63, 0x61,
    0x6e, 0x67, 0x72, 0x69, 0x70, 0x20, 0x41, 0x2f, 0x53, 0x00, 0x46, 0x6f, 0x75, 0x6e, 0x64, 0x65,
    0x72, 0x73, 0x4c, 0x61, 0x6e, 0x65, 0x20, 0x47, 0x6d, 0x62, 0x48, 0x00, 0x4f, 0x66, 0x66, 0x63,
    0x6f, 0x64, 0x65, 0x20, 0x4f, 0x79, 0x00, 0x49, 0x43, 0x55, 0x20, 0x74, 0x65, 0x63, 0x68, 0x20,
    0x47, 0x6d, 0x62, 0x48, 0x00, 0x41, 0x58, 0x45, 0x4c, 0x49, 0x46, 0x45, 0x00, 0x53, 0x43, 0x4d,
    0x20, 0x47, 0x72, 0x6f, 0x75, 0x70, 0x00, 0x4d, 0x61, 0x6d, 0x6d, 0x75, 0x74, 0x20, 0x53, 0x70,
    0x6f, 0x72, 0x74, 0x73, 0x20, 0x47, 0x72, 0x6f, 0x75, 0x70, 0x20, 0x41, 0x47, 0x00, 0x54, 0x61,
    0x69, 0x67, 0x61, 0x20, 0x4d, 0x6f, 0x74, 0x6f, 0x72, 0x73, 0x20, 0x49, 0x6e, 0x63, 0x2e, 0x00,
    0x50, 0x72, 0x65, 0x73, 0x69, 0x64, 0x69, 0x6f, 0x20, 0x4d, 0x65, 0x64, 0x69, 0x63, 0x61, 0x6c,
    0x2c, 0x20, 0x49, 0x6e, 0x63, 0x2e, 0x00, 0x56, 0x49, 0x4d, 0x41, 0x4e, 0x41, 0x20, 0x54, 0x45,
    0x43, 0x48, 0x20, 0x50, 0x54, 0x59, 0x20, 0x4c, 0x54, 0x44, 0x00, 0x54, 0x72, 0x65, 0x6b, 0x20,
    0x42, 0x69, 0x63, 0x79, 0x63, 0x6c, 0x65, 0x00, 0x41, 0x6d, 0x70, 0x65, 0x74, 0x72, 0x6f, 0x6e,
    0x69, 0x63, 0x20, 0x4c, 0x74, 0x64, 0x00, 0x4d, 0x75, 0x67, 0x75, 0x61, 0x6e, 0x67, 0x20, 0x28,
    0x47, 0x75, 0x61, 0x6e, 0x67, 0x64, 0x6f, 0x6e, 0x67, 0x29, 0x20, 0x49, 0x6e, 0x74, 0x65, 0x6c,
    0x6c, 0x69, 0x67, 0x65, 0x6e, 0x74, 0x20, 0x4c, 0x69, 0x67, 0x68, 0x74, 0x69, 0x6e, 0x67, 0x20,
    0x54, 0x65, 0x63, 0x68, 0x6e, 0x6f, 0x6c, 0x6f, 0x67, 0x79, 0x20, 0x43, 0x6f, 0x2e, 0x2c, 0x20,
    0x4c, 0x74, 0x64, 0x00, 0x52, 0x6f, 0x74, 0x72, 0x6f, 0x6e, 0x69, 0x63, 0x20, 0x41, 0x47, 0x00,
    0x53, 0x65, 0x69, 0x6b, 0x6f, 0x20, 0x49, 0x6e, 0x73, 0x74, 0x72, 0x75, 0x6d, 0x65, 0x6e, 0x74,
    0x73, 0x20, 0x49, 0x6e, 0x63, 0x2e, 0x00, 0x41, 0x6d, 0x65, 0x72, 0x69, 0x63, 0x61, 0x6e, 0x20,
    0x54, 0x65, 0x63, 0x68, 0x6e, 0x6f, 0x6c, 0x6f, 0x67, 0x79, 0x20, 0x43, 0x6f, 0x6d, 0x70, 0x6f,
    0x6e, 0x65, 0x6e, 0x74, 0x73, 0x2c, 0x20, 0x49, 0x6e, 0x63, 0x6f, 0x72, 0x70, 0x6f, 0x72, 0x61,
    0x74, 0x65, 0x64, 0x00, 0x4d, 0x4f, 0x54, 0x52, 0x45, 0x58, 0x00, 0x50, 0x65, 0x72, 0x74, 0x65,
    0x63, 0x68, 0x20, 0x49, 0x6e, 0x64, 0x75, 0x73, 0x74, 0x72, 0x69, 0x65, 0x73, 0x20, 0x49, 0x6e,
    0x63, 0x00, 0x47, 0x65, 0x6e, 0x74, 0x6c, 0x65, 0x20, 0x45, 0x6e, 0x65, 0x72, 0x67, 0x79, 0x20,
    0x43, 0x6f, 0x72, 0x70, 0x2e, 0x00, 0x53, 0x65, 0x6e, 0x73, 0x63, 0x6f, 0x6d, 0x6d, 0x20, 0x53,
    0x65, 0x6d, 0x69, 0x63, 0x6f, 0x6e, 0x64, 0x75, 0x63, 0x74, 0x6f, 0x72, 0x20, 0x43, 0x6f, 0x2e,
    0x2c, 0x20, 0x4c, 0x74, 0x64, 0x2e, 0x00, 0x41, 0x6c, 0x66, 0x65, 0x6e, 0x20, 0x49, 0x43, 0x55,
    0x20, 0x42, 0x2e, 0x56, 0x2e, 0x00, 0x48, 0x61, 0x6e, 0x67, 0x7a, 0x68, 0x6f, 0x75, 0x20, 0x42,
    0x72, 0x6f, 0x61, 0x64, 0x4c, 0x69, 0x6e, 0x6b, 0x20, 0x54, 0x65, 0x63, 0x68, 0x6e, 0x6f, 0x6c,
    0x6f, 0x67, 0x79, 0x20, 0x43, 0x6f, 0x2e, 0x2c, 0x20, 0x4c, 0x74, 0x64, 0x2e, 0x00, 0x44, 0x72,
    0x65, 0x65, 0x6d, 0x20, 0x53, 0x41, 0x53, 0x00, 0x54, 0x65, 0x6c, 0x65, 0x63, 0x6f, 0x6d, 0x20,
    0x44, 0x65, 0x73, 0x69, 0x67, 0x6e, 0x00, 0x53, 0x49, 0x4c, 0x56, 0x45, 0x52, 0x20, 0x54, 0x52,
    0x45, 0x45, 0x20, 0x4c, 0x41, 0x42, 0x53, 0x2c, 0x20, 0x49, 0x4e, 0x43, 0x2e, 0x00, 0x47, 0x79,
    0x6d, 0x73, 0x74, 0x6f, 0x72, 0x79, 0x20, 0x42, 0x2e, 0x56, 0x2e, 0x00, 0x54, 0x68, 0x65, 0x20,
    0x47, 0x6f, 0x6f, 0x64, 0x79, 0x65, 0x61, 0x72, 0x20, 0x54, 0x69, 0x72, 0x65, 0x20, 0x26, 0x20,
    0x52, 0x75, 0x62, 0x62, 0x65, 0x72, 0x20, 0x43, 0x6f, 0x6d, 0x70, 0x61, 0x6e, 0x79, 0x00, 0x42,
    0x65, 0x69, 0x6a, 0x69, 0x6e, 0x67, 0x20, 0x57, 0x69, 0x73, 0x65, 0x70, 0x6f, 0x6f, 0x6c, 0x20,
    0x49, 0x6e, 0x66, 0x69, 0x6e, 0x69, 0x74, 0x65, 0x20, 0x49, 0x6e, 0x74, 0x65, 0x6c, 0x6c, 0x69,
    0x67, 0x65, 0x6e, 0x63, 0x65, 0x20, 0x54, 0x65, 0x63, 0x68, 0x6e, 0x6f, 0x6c, 0x6f, 0x67, 0x79,
    0x20, 0x43, 0x6f, 0x2e, 0x2c, 0x4c, 0x74, 0x64, 0x00, 0x4b, 0x6f, 0x6d, 0x61, 0x74, 0x73, 0x75,
    0x20, 0x4c, 0x74, 0x64, 0x2e, 0x00, 0x53, 0x65, 0x6e, 0x73, 0x6f, 0x72, 0x69, 0x61, 0x20, 0x48,
    0x6f, 0x6c, 0x64, 0x69, 0x6e, 0x67, 0x73, 0x20, 0x4c, 0x54, 0x44, 0x00, 0x41, 0x75, 0x64, 0x69,
    0x6f, 0x20, 0x50, 0x61, 0x72, 0x74, 0x6e, 0x65, 0x72, 0x73, 0x68, 0x69, 0x70, 0x20, 0x50, 0x6c,
    0x63, 0x00, 0x47, 0x72, 0x6f, 0x75, 0x70, 0x20, 0x4c, 0x6f, 0x74, 0x75, 0x73, 0x20, 0x4c, 0x69,
    0x6d, 0x69, 0x74, 0x65, 0x64, 0x00, 0x44, 0x61, 0x74, 0x61, 0x20, 0x53, 0x63, 0x69, 0x65, 0x6e,
    0x63, 0x65, 0x73, 0x20, 0x49, 0x6e, 0x74, 0x65, 0x72, 0x6e, 0x61, 0x74, 0x69, 0x6f, 0x6e, 0x61,
    0x6c, 0x00, 0x42, 0x75, 0x6e, 0x6e, 0x2d, 0x4f, 0x2d, 0x4d, 0x61, 0x74, 0x69, 0x63, 0x20, 0x43,
    0x6f, 0x72, 0x70, 0x6f, 0x72, 0x61, 0x74, 0x69, 0x6f, 0x6e, 0x00, 0x54, 0x69, 0x72, 0x65, 0x43,
    0x68, 0x65, 0x63, 0x6b, 0x20, 0x47, 0x6d, 0x62, 0x48, 0x00, 0x53, 0x6f, 0x6e, 0x6f, 0x76, 0x61,
    0x20, 0x43, 0x6f, 0x6e, 0x73, 0x75, 0x6d, 0x65, 0x72, 0x20, 0x48, 0x65, 0x61, 0x72, 0x69, 0x6e,
    0x67, 0x20, 0x47, 0x6d, 0x62, 0x48, 0x00, 0x56, 0x65, 0x72, 0x76, 0x65, 0x6e, 0x74, 0x20, 0x41,
    0x75, 0x64, 0x69, 0x6f, 0x20, 0x47, 0x72, 0x6f, 0x75, 0x70, 0x00, 0x53, 0x4f, 0x4e, 0x49, 0x43,
    0x4f, 0x53, 0x20, 0x45, 0x4e, 0x54, 0x45, 0x52, 0x50, 0x52, 0x49, 0x53, 0x45, 0x53, 0x2c, 0x20,
    0x4c, 0x4c, 0x43, 0x00, 0x4e, 0x69, 0x73, 0x73, 0x61, 0x6e, 0x20, 0x4d, 0x6f, 0x74, 0x6f, 0x72,
    0x20, 0x43, 0x6f, 0x2e, 0x2c, 0x20, 0x4c, 0x74, 0x64, 0x2e, 0x00, 0x68, 0x65, 0x61, 0x72, 0x58,
    0x20, 0x47, 0x72, 0x6f, 0x75, 0x70, 0x20, 0x28, 0x50, 0x74, 0x79, 0x29, 0x20, 0x4c, 0x74, 0x64,
    0x00, 0x47, 0x4c, 0x4f, 0x57, 0x46, 0x4f, 0x52, 0x47, 0x45, 0x20, 0x49, 0x4e, 0x43, 0x2e, 0x00,
    0x41, 0x6c, 0x6c, 0x74, 0x65, 0x72, 0x63, 0x6f, 0x20, 0x52, 0x6f, 0x62, 0x6f, 0x74, 0x69, 0x63,
    0x73, 0x20, 0x6c, 0x74, 0x64, 0x00, 0x49, 0x6e, 0x66, 0x69, 0x6e, 0x69, 0x74, 0x65, 0x67, 0x72,
    0x61, 0x2c, 0x20, 0x49, 0x6e, 0x63, 0x2e, 0x00, 0x47, 0x72, 0x61, 0x6e, 0x64, 0x65, 0x78, 0x20,
    0x49, 0x6e, 0x74, 0x65, 0x72, 0x6e, 0x61, 0x74, 0x69, 0x6f, 0x6e, 0x61, 0x6c, 0x20, 0x43, 0x6f,
    0x72, 0x70, 0x6f, 0x72, 0x61, 0x74, 0x69, 0x6f, 0x6e, 0x00, 0x4d, 0x61, 0x63, 0x68, 0x66, 0x75,
    0x20, 0x49, 0x6e, 0x63, 0x2e, 0x00, 0x52, 0x6f, 0x61, 0x6d, 0x62, 0x6f, 0x74, 0x69, 0x63, 0x73,
    0x2c, 0x20, 0x49, 0x6e, 0x63, 0x2e, 0x00, 0x53, 0x6f, 0x6d, 0x61, 0x20, 0x4c, 0x61, 0x62, 0x73,
    0x20, 0x4c, 0x4c, 0x43, 0x00, 0x4e, 0x49, 0x54, 0x54, 0x4f, 0x20, 0x4b, 0x4f, 0x47, 0x59, 0x4f,
    0x20, 0x43, 0x4f, 0x52, 0x50, 0x4f, 0x52, 0x41, 0x54, 0x49, 0x4f, 0x4e, 0x00, 0x45, 0x63, 0x6f,
    0x6c, 0x61, 0x62, 0x20, 0x49, 0x6e, 0x63, 0x2e, 0x00, 0x42, 0x65, 0x69, 0x6a, 0x69, 0x6e, 0x67,
    0x20, 0x72, 0x61, 0x6e, 0x78, 0x69, 0x6e, 0x20, 0x69, 0x6e, 0x74, 0x65, 0x6c, 0x6c, 0x69, 0x67,
    0x65, 0x6e, 0x63, 0x65, 0x20, 0x74, 0x65, 0x63, 0x68, 0x6e, 0x6f, 0x6c, 0x6f, 0x67, 0x79, 0x20,
    0x43, 0x6f, 0x2e, 0x2c, 0x4c, 0x54, 0x44, 0x00, 0x46, 0x6a, 0x6f, 0x72, 0x64, 0x65, 0x6e, 0x20,
    0x45, 0x6c, 0x65, 0x63, 0x74, 0x72, 0x61, 0x20, 0x41, 0x53, 0x00, 0x46, 0x6c, 0x65, 0x6e, 0x64,
    0x65, 0x72, 0x20, 0x47, 0x6d, 0x62, 0x48, 0x00, 0x4e, 0x65, 0x77, 0x20, 0x43, 0x6f, 0x73, 0x6d,
    0x6f, 0x73, 0x20, 0x55, 0x53, 0x41, 0x2c, 0x20, 0x49, 0x6e, 0x63, 0x2e, 0x00, 0x58, 0x69, 0x72,
    0x67, 0x6f, 0x20, 0x54, 0x65, 0x63, 0x68, 0x6e, 0x6f, 0x6c, 0x6f, 0x67, 0x69, 0x65, 0x73, 0x2c,
    0x20, 0x4c, 0x4c, 0x43, 0x00, 0x42, 0x75, 0x69, 0x6c, 0x64, 0x20, 0x57, 0x69, 0x74, 0x68, 0x20,
    0x52, 0x6f, 0x62, 0x6f, 0x74, 0x73, 0x20, 0x49, 0x6e, 0x63, 0x2e, 0x00, 0x49, 0x4f, 0x4e, 0x41,
    0x20, 0x54, 0x65, 0x63, 0x68, 0x20, 0x4c, 0x4c, 0x43, 0x00, 0x49, 0x4e, 0x4e, 0x4f, 0x56, 0x41,
    0x47, 0x20, 0x50, 0x54, 0x59, 0x2e, 0x20, 0x4c, 0x54, 0x44, 0x2e, 0x00, 0x53, 0x61, 0x6c, 0x75,
    0x53, 0x74, 0x69, 0x6d, 0x20, 0x47, 0x72, 0x6f, 0x75, 0x70, 0x20, 0x4f, 0x79, 0x00, 0x48, 0x75,
    0x73, 0x6f, 0x2c, 0x20, 0x49, 0x4e, 0x43, 0x00, 0x53, 0x57, 0x49, 0x53, 0x53, 0x49, 0x4e, 0x4e,
    0x4f, 0x20, 0x53, 0x4f, 0x4c, 0x55, 0x54, 0x49, 0x4f, 0x4e, 0x53, 0x20, 0x41, 0x47, 0x00, 0x54,
    0x32, 0x52, 0x45, 0x41, 0x4c, 0x49, 0x54, 0x59, 0x20, 0x53, 0x4f, 0x4c, 0x55, 0x54, 0x49, 0x4f,
    0x4e, 0x53, 0x20, 0x50, 0x52, 0x49, 0x56, 0x41, 0x54, 0x45, 0x20, 0x4c, 0x49, 0x4d, 0x49, 0x54,
    0x45, 0x44, 0x00, 0x53, 0x41, 0x41, 0x42, 0x20, 0x41, 0x6b, 0x74, 0x69, 0x65, 0x62, 0x6f, 0x6c,
    0x61, 0x67, 0x00, 0x48, 0x49, 0x4d, 0x53, 0x41, 0x20, 0x49, 0x49, 0x20, 0x4b, 0x2f, 0x53, 0x00,
    0x52, 0x45, 0x41, 0x44, 0x59, 0x20, 0x46, 0x4f, 0x52, 0x20, 0x53, 0x4b, 0x59, 0x20, 0x4c, 0x4c,
    0x50, 0x00, 0x4d, 0x69, 0x65, 0x6c, 0x65, 0x20, 0x26, 0x20, 0x43, 0x69, 0x65, 0x2e, 0x20, 0x4b,
    0x47, 0x00, 0x45, 0x6e, 0x74, 0x57, 0x69, 0x63, 0x6b, 0x20, 0x43, 0x6f, 0x2e, 0x00, 0x4d, 0x43,
    0x4f, 0x54, 0x20, 0x49, 0x4e, 0x43, 0x2e, 0x00, 0x54, 0x45, 0x43, 0x48, 0x54, 0x49, 0x43, 0x53,
    0x20, 0x45, 0x4e, 0x47, 0x49, 0x4e, 0x45, 0x45, 0x52, 0x49, 0x4e, 0x47, 0x20, 0x42, 0x2e, 0x56,
    0x2e, 0x00, 0x41, 0x70, 0x65, 0x72, 0x69, 0x61, 0x20, 0x54, 0x65, 0x63, 0x68, 0x6e, 0x6f, 0x6c,
    0x6f, 0x67, 0x69, 0x65, 0x73, 0x2c, 0x20, 0x49, 0x6e, 0x63, 0x2e, 0x00, 0x54, 0x43, 0x4c, 0x20,
    0x43, 0x4f, 0x4d, 0x4d, 0x55, 0x4e, 0x49, 0x43, 0x41, 0x54, 0x49, 0x4f, 0x4e, 0x20, 0x45, 0x51,
    0x55, 0x49, 0x50, 0x4d, 0x45, 0x4e, 0x54, 0x20, 0x43, 0x4f, 0x2e, 0x2c, 0x4c, 0x54, 0x44, 0x2e,
    0x00, 0x53, 0x69, 0x67, 0x6e, 0x74, 0x6c, 0x65, 0x20, 0x49, 0x6e, 0x63, 0x2e, 0x00, 0x4f, 0x54,
    0x46, 0x20, 0x44, 0x69, 0x73, 0x74, 0x72, 0x69, 0x62, 0x75, 0x74, 0x69, 0x6f, 0x6e, 0x2c, 0x20,
    0x4c, 0x4c, 0x43, 0x00, 0x4e, 0x65, 0x75, 0x76, 0x61, 0x74, 0x65, 0x6b, 0x20, 0x49, 0x6e, 0x63,
    0x2e, 0x00, 0x50, 0x65, 0x72, 0x69, 0x6d, 0x65, 0x74, 0x65, 0x72, 0x20, 0x54, 0x65, 0x63, 0x68,
    0x6e, 0x6f, 0x6c, 0x6f, 0x67, 0x69, 0x65, 0x73, 0x2c, 0x20, 0x49, 0x6e, 0x63, 0x2e, 0x00, 0x44,
    0x69, 0x76, 0x65, 0x73, 0x6f, 0x66, 0x74, 0x20, 0x73, 0x2e, 0x72, 0x2e, 0x6f, 0x2e, 0x00, 0x53,
    0x79, 0x6c, 0x76, 0x61, 0x63, 0x20, 0x73, 0x61, 0x00, 0x41, 0x6d, 0x69, 0x6b, 0x6f, 0x20, 0x73,
    0x72, 0x6c, 0x00, 0x4e, 0x65, 0x75, 0x72, 0x6f, 0x73, 0x69, 0x74, 0x79, 0x2c, 0x20, 0x49, 0x6e,
    0x63, 0x2e, 0x00, 0x4c, 0x4c, 0x20, 0x54, 0x65, 0x63, 0x20, 0x47, 0x72, 0x6f, 0x75, 0x70, 0x20,
    0x4c, 0x4c, 0x43, 0x00, 0x44, 0x75, 0x72, 0x61, 0x67, 0x20, 0x47, 0x6d, 0x62, 0x48, 0x00, 0x48,
    0x75, 0x62, 0x65, 0x69, 0x20, 0x59, 0x75, 0x61, 0x6e, 0x20, 0x54, 0x69, 0x6d, 0x65, 0x73, 0x20,
    0x54, 0x65, 0x63, 0x68, 0x6e, 0x6f, 0x6c, 0x6f, 0x67, 0x79, 0x20, 0x43, 0x6f, 0x2e, 0x2c, 0x20,
    0x4c, 0x74, 0x64, 0x2e, 0x00, 0x49, 0x44, 0x45, 0x43, 0x00, 0x50, 0x72, 0x6f, 0x63, 0x6f, 0x6e,
    0x20, 0x41, 0x6e, 0x61, 0x6c, 0x79, 0x74, 0x69, 0x63, 0x73, 0x2c, 0x20, 0x4c, 0x4c, 0x43, 0x00,
    0x6e, 0x64, 0x64, 0x20, 0x4d, 0x65, 0x64, 0x69, 0x7a, 0x69, 0x6e, 0x74, 0x65, 0x63, 0x68, 0x6e,
    0x69, 0x6b, 0x20, 0x41, 0x47, 0x00, 0x53, 0x75, 0x70, 0x65, 0x72, 0x20, 0x42, 0x20, 0x4c, 0x69,
    0x74, 0x68, 0x69, 0x75, 0x6d, 0x20, 0x50, 0x6f, 0x77, 0x65, 0x72, 0x20, 0x42, 0x2e, 0x56, 0x2e,
    0x00, 0x53, 0x68, 0x65, 0x6e, 0x7a, 0x68, 0x65, 0x6e, 0x20, 0x49, 0x6e, 0x6a, 0x6f, 0x69, 0x6e,
    0x69, 0x63, 0x20, 0x54, 0x65, 0x63, 0x68, 0x6e, 0x6f, 0x6c, 0x6f, 0x67, 0x79, 0x20, 0x43, 0x6f,
    0x2e, 0x2c, 0x20, 0x4c, 0x74, 0x64, 0x2e, 0x00, 0x50, 0x55, 0x52, 0x41, 0x20, 0x53, 0x43, 0x45,
    0x4e, 0x54, 0x53, 0x2c, 0x20, 0x49, 0x4e, 0x43, 0x2e, 0x00, 0x41, 0x61, 0x72, 0x64, 0x65, 0x78,
    0x20, 0x4c, 0x74, 0x64, 0x2e, 0x00, 0x43, 0x48, 0x41, 0x52, 0x2d, 0x42, 0x52, 0x4f, 0x49, 0x4c,
    0x2c, 0x20, 0x4c, 0x4c, 0x43, 0x00, 0x54, 0x57, 0x49, 0x4e, 0x4b, 0x4c, 0x59, 0x20, 0x53, 0x52,
    0x4c, 0x00, 0x43, 0x6f, 0x72, 0x6f, 0x66, 0x6c, 0x6f, 0x20, 0x4c, 0x69, 0x6d, 0x69, 0x74, 0x65,
    0x64, 0x00, 0x59, 0x61, 0x6c, 0x65, 0x00, 0x57, 0x49, 0x4e, 0x4b, 0x45, 0x59, 0x20, 0x45, 0x4e,
    0x54, 0x45, 0x52, 0x50, 0x52, 0x49, 0x53, 0x45, 0x20, 0x28, 0x48, 0x4f, 0x4e, 0x47, 0x20, 0x4b,
    0x4f, 0x4e, 0x47, 0x29, 0x20, 0x4c, 0x49, 0x4d, 0x49, 0x54, 0x45, 0x44, 0x00, 0x4b, 0x6f, 0x69,
    0x7a, 0x75, 0x6d, 0x69, 0x20, 0x4c, 0x69, 0x67, 0x68, 0x74, 0x69, 0x6e, 0x67, 0x20, 0x54, 0x65,
    0x63, 0x68, 0x6e, 0x6f, 0x6c, 0x6f, 0x67, 0x79, 0x20, 0x63, 0x6f, 0x72, 0x70, 0x2e, 0x00, 0x4f,
    0x54, 0x43, 0x20, 0x65, 0x6e, 0x67, 0x69, 0x6e, 0x65, 0x65, 0x72, 0x69, 0x6e, 0x67, 0x00, 0x43,
    0x6f, 0x6d, 0x74, 0x65, 0x6c, 0x20, 0x53, 0x79, 0x73, 0x74, 0x65, 0x6d, 0x73, 0x20, 0x4c, 0x74,
    0x64, 0x2e, 0x00, 0x44, 0x65, 0x65, 0x70, 0x66, 0x69, 0x65, 0x6c, 0x64, 0x20, 0x43, 0x6f, 0x6e,
    0x6e, 0x65, 0x63, 0x74, 0x20, 0x47, 0x6d, 0x62, 0x48, 0x00, 0x5a, 0x57, 0x49, 0x4c, 0x4c, 0x49,
    0x4e, 0x47, 0x20, 0x4a, 0x2e, 0x41, 0x2e, 0x20, 0x48, 0x65, 0x6e, 0x63, 0x6b, 0x65, 0x6c, 0x73,
    0x20, 0x41, 0x6b, 0x74, 0x69, 0x65, 0x6e, 0x67, 0x65, 0x73, 0x65, 0x6c, 0x6c, 0x73, 0x63, 0x68,
    0x61, 0x66, 0x74, 0x00, 0x50, 0x75, 0x72, 0x61, 0x74, 0x61, 0x70, 0x20, 0x50, 0x74, 0x79, 0x20,
    0x4c, 0x74, 0x64, 0x00, 0x46, 0x72, 0x65, 0x73, 0x6e, 0x65, 0x6c, 0x20, 0x54, 0x65, 0x63, 0x68,
    0x6e, 0x6f, 0x6c, 0x6f, 0x67, 0x69, 0x65, 0x73, 0x2c, 0x20, 0x49, 0x6e, 0x63, 0x2e, 0x00, 0x53,
    0x65, 0x6e, 0x73, 0x6f, 0x72, 0x6d, 0x61, 0x74, 0x65, 0x20, 0x41, 0x47, 0x00, 0x53, 0x68, 0x69,
    0x6e, 0x64, 0x65, 0x6e, 0x67, 0x65, 0x6e, 0x20, 0x45, 0x6c, 0x65, 0x63, 0x74, 0x72, 0x69, 0x63,
    0x20, 0x4d, 0x61, 0x6e, 0x75, 0x66, 0x61, 0x63, 0x74, 0x75, 0x72, 0x69, 0x6e, 0x67, 0x20, 0x43,
    0x6f, 0x2e, 0x2c, 0x20, 0x4c, 0x74, 0x64, 0x2e, 0x00, 0x54, 0x77, 0x65, 0x6e, 0x74, 0x79, 0x20,
    0x46, 0x69, 0x76, 0x65, 0x20, 0x53, 0x65, 0x76, 0x65, 0x6e, 0x2c, 0x20, 0x70, 0x72, 0x6f, 0x64,
    0x61, 0x6a, 0x61, 0x20, 0x69, 0x6e, 0x20, 0x73, 0x74, 0x6f, 0x72, 0x69, 0x74, 0x76, 0x65, 0x2c,
    0x20, 0x64, 0x2e, 0x6f, 0x2e, 0x6f, 0x2e, 0x00, 0x4c, 0x75, 0x6e, 0x61, 0x20, 0x48, 0x65, 0x61,
    0x6c, 0x74, 0x68, 0x2c, 0x20, 0x49, 0x6e, 0x63, 0x2e, 0x00, 0x43, 0x4f, 0x52, 0x41, 0x4c, 0x2d,
    0x54, 0x41, 0x49, 0x59, 0x49, 0x20, 0x43, 0x6f, 0x2e, 0x20, 0x4c, 0x74, 0x64, 0x2e, 0x00, 0x4c,
    0x49, 0x4e, 0x4b, 0x53, 0x59, 0x53, 0x20, 0x55, 0x53, 0x41, 0x2c, 0x20, 0x49, 0x4e, 0x43, 0x2e,
    0x00, 0x53, 0x61, 0x66, 0x65, 0x74, 0x79, 0x74, 0x65, 0x73, 0x74, 0x20, 0x47, 0x6d, 0x62, 0x48,
    0x00, 0x4b, 0x49, 0x44, 0x4f, 0x20, 0x53, 0x50, 0x4f, 0x52, 0x54, 0x53, 0x20, 0x43, 0x4f, 0x2e,
    0x2c, 0x20, 0x4c, 0x54, 0x44, 0x2e, 0x00, 0x53, 0x69, 0x74, 0x65, 0x20, 0x49, 0x51, 0x20, 0x4c,
    0x4c, 0x43, 0x00, 0x41, 0x6e, 0x67, 0x65, 0x6c, 0x20, 0x4d, 0x65, 0x64, 0x69, 0x63, 0x61, 0x6c,
    0x20, 0x53, 0x79, 0x73, 0x74, 0x65, 0x6d, 0x73, 0x2c, 0x20, 0x49, 0x6e, 0x63, 0x2e, 0x00, 0x50,
    0x4f, 0x4e, 0x45, 0x20, 0x42, 0x49, 0x4f, 0x4d, 0x45, 0x54, 0x52, 0x49, 0x43, 0x53, 0x20, 0x41,
    0x53, 0x00, 0x54, 0x35, 0x20, 0x74, 0x65, 0x6b, 0x2c, 0x20, 0x49, 0x6e, 0x63, 0x2e, 0x00, 0x67,
    0x72, 0x65, 0x65, 0x6e, 0x54, 0x45, 0x47, 0x20, 0x41, 0x47, 0x00, 0x57, 0x61, 0x63, 0x6b, 0x65,
    0x72, 0x20, 0x4e, 0x65, 0x75, 0x73, 0x6f, 0x6e, 0x20, 0x53, 0x45, 0x00, 0x49, 0x6e, 0x6e, 0x6f,
    0x76, 0x61, 0x63, 0x69, 0x6f, 0x6e, 0x6e, 0x79, 0x65, 0x20, 0x52, 0x65, 0x73, 0x68, 0x65, 0x6e,
    0x69, 0x79, 0x61, 0x00, 0x43, 0x6c, 0x65, 0x61, 0x6e, 0x42, 0x61, 0x6e, 0x64, 0x73, 0x20, 0x53,
    0x79, 0x73, 0x74, 0x65, 0x6d, 0x73, 0x20, 0x4c, 0x74, 0x64, 0x2e, 0x00, 0x44, 0x6f, 0x64, 0x61,
    0x6d, 0x20, 0x45, 0x6e, 0x65, 0x72, 0x73, 0x79, 0x73, 0x20, 0x43, 0x6f, 0x2e, 0x2c, 0x20, 0x4c,
    0x74, 0x64, 0x00, 0x54, 0x2b, 0x41, 0x20, 0x65, 0x6c, 0x65, 0x6b, 0x74, 0x72, 0x6f, 0x61, 0x6b,
    0x75, 0x73, 0x74, 0x69, 0x6b, 0x20, 0x47, 0x6d, 0x62, 0x48, 0x20, 0x26, 0x20, 0x43, 0x6f, 0x2e,
    0x4b, 0x47, 0x00, 0x45, 0x73, 0x6d, 0xc3, 0xa9, 0x20, 0x53, 0x6f, 0x6c, 0x75, 0x74, 0x69, 0x6f,
    0x6e, 0x73, 0x00, 0x4d, 0x65, 0x64, 0x69, 0x61, 0x2d, 0x43, 0x61, 0x72, 0x74, 0x65, 0x63, 0x20,
    0x47, 0x6d, 0x62, 0x48, 0x00, 0x52, 0x61, 0x74, 0x69, 0x6f, 0x20, 0x45, 0x6c, 0x65, 0x63, 0x74,
    0x72, 0x69, 0x63, 0x20, 0x42, 0x56, 0x00, 0x4d, 0x51, 0x41, 0x20, 0x4c, 0x69, 0x6d, 0x69, 0x74,
    0x65, 0x64, 0x00, 0x4e, 0x45, 0x4f, 0x57, 0x52, 0x4b, 0x20, 0x53, 0x49, 0x53, 0x54, 0x45, 0x4d,
    0x41, 0x53, 0x20, 0x49, 0x4e, 0x54, 0x45, 0x4c, 0x49, 0x47, 0x45, 0x4e, 0x54, 0x45, 0x53, 0x20,
    0x53, 0x2e, 0x41, 0x2e, 0x00, 0x4c, 0x6f, 0x6f, 0x6d, 0x61, 0x6e, 0x65, 0x74, 0x2c, 0x20, 0x49,
    0x6e, 0x63, 0x2e, 0x00, 0x50, 0x75, 0x66, 0x66, 0x20, 0x43, 0x6f, 0x72, 0x70, 0x00, 0x48, 0x61,
    0x70, 0x70, 0x79, 0x20, 0x48, 0x65, 0x61, 0x6c, 0x74, 0x68, 0x2c, 0x20, 0x49, 0x6e, 0x63, 0x2e,
    0x00, 0x4d, 0x6f, 0x6e, 0x74, 0x61, 0x67, 0x65, 0x20, 0x43, 0x6f, 0x6e, 0x6e, 0x65, 0x63, 0x74,
    0x2c, 0x20, 0x49, 0x6e, 0x63, 0x2e, 0x00, 0x4c, 0x45, 0x44, 0x20, 0x53, 0x6d, 0x61, 0x72, 0x74,
    0x20, 0x49, 0x6e, 0x63, 0x2e, 0x00, 0x43, 0x4f, 0x4e, 0x53, 0x54, 0x52, 0x55, 0x4b, 0x54, 0x53,
    0x2c, 0x20, 0x49, 0x4e, 0x43, 0x2e, 0x00, 0x6c, 0x69, 0x6d, 0x69, 0x74, 0x65, 0x64, 0x20, 0x6c,
    0x69, 0x61, 0x62, 0x69, 0x6c, 0x69, 0x74, 0x79, 0x20, 0x63, 0x6f, 0x6d, 0x70, 0x61, 0x6e, 0x79,
    0x20, 0x22, 0x52, 0x65, 0x64, 0x22, 0x00, 0x53, 0x65, 0x6e, 0x69, 0x63, 0x20, 0x49, 0x6e, 0x63,
    0x2e, 0x00, 0x41, 0x75, 0x74, 0x6f, 0x6d, 0x61, 0x74, 0x65, 0x64, 0x20, 0x50, 0x65, 0x74, 0x20,
    0x43, 0x61, 0x72, 0x65, 0x20, 0x50, 0x72, 0x6f, 0x64, 0x75, 0x63, 0x74, 0x73, 0x2c, 0x20, 0x4c,
    0x4c, 0x43, 0x00, 0x61, 0x63, 0x6f, 0x6e, 0x6e, 0x6f, 0x20, 0x47, 0x6d, 0x62, 0x48, 0x00, 0x4d,
    0x65, 0x6e, 0x64, 0x65, 0x6c, 0x74, 0x72, 0x6f, 0x6e, 0x2c, 0x20, 0x49, 0x6e, 0x63, 0x2e, 0x00,
    0x4d, 0x65, 0x72, 0x65, 0x6c, 0x74, 0x72, 0x6f, 0x6e, 0x20, 0x62, 0x76, 0x00, 0x41, 0x4c, 0x45,
    0x58, 0x20, 0x44, 0x45, 0x4e, 0x4b, 0x4f, 0x20, 0x43, 0x4f, 0x2e, 0x2c, 0x4c, 0x54, 0x44, 0x2e,
    0x00, 0x41, 0x45, 0x54, 0x45, 0x52, 0x4c, 0x49, 0x4e, 0x4b, 0x00, 0x43, 0x6f, 0x73, 0x6d, 0x65,
    0x64, 0x20, 0x73, 0x2e, 0x72, 0x2e, 0x6c, 0x2e, 0x00, 0x47, 0x6f, 0x72, 0x64, 0x6f, 0x6e, 0x20,
    0x4d, 0x75, 0x72, 0x72, 0x61, 0x79, 0x20, 0x44, 0x65, 0x73, 0x69, 0x67, 0x6e, 0x20, 0x4c, 0x69,
    0x6d, 0x69, 0x74, 0x65, 0x64, 0x00, 0x49, 0x6f, 0x53, 0x41, 0x00, 0x53, 0x63, 0x61, 0x6e, 0x64,
    0x69, 0x6e, 0x61, 0x76, 0x69, 0x61, 0x6e, 0x20, 0x48, 0x65, 0x61, 0x6c, 0x74, 0x68, 0x20, 0x4c,
    0x69, 0x6d, 0x69, 0x74, 0x65, 0x64, 0x00, 0x46, 0x61, 0x73, 0x65, 0x74, 0x74, 0x6f, 0x2c, 0x20,
    0x49, 0x6e, 0x63, 0x2e, 0x00, 0x47, 0x65, 0x76, 0x61, 0x20, 0x53, 0x6f, 0x6c, 0x20, 0x42, 0x2e,
    0x56, 0x2e, 0x00, 0x54, 0x59, 0x4b, 0x45, 0x45, 0x20, 0x50, 0x54, 0x59, 0x2e, 0x20, 0x4c, 0x54,
    0x44, 0x2e, 0x00, 0x53, 0x6f, 0x6d, 0x6e, 0x6f, 0x4d, 0x65, 0x64, 0x20, 0x4c, 0x69, 0x6d, 0x69,
    0x74, 0x65, 0x64, 0x00, 0x43, 0x4f, 0x52, 0x52, 0x4f, 0x48, 0x4d, 0x00, 0x41, 0x72, 0x6c, 0x6f,
    0x20, 0x54, 0x65, 0x63, 0x68, 0x6e, 0x6f, 0x6c, 0x6f, 0x67, 0x69, 0x65, 0x73, 0x2c, 0x20, 0x49,
    0x6e, 0x63, 0x2e, 0x00, 0x43, 0x61, 0x74, 0x61, 0x70, 0x75, 0x6c, 0x74, 0x20, 0x47, 0x72, 0x6f,
    0x75, 0x70, 0x20, 0x49, 0x6e, 0x74, 0x65, 0x72, 0x6e, 0x61, 0x74, 0x69, 0x6f, 0x6e, 0x61, 0x6c,
    0x20, 0x4c, 0x74, 0x64, 0x00, 0x52, 0x6f, 0x63, 0x6b, 0x63, 0x68, 0x69, 0x70, 0x20, 0x45, 0x6c,
    0x65, 0x63, 0x74, 0x72, 0x6f, 0x6e, 0x69, 0x63, 0x73, 0x20, 0x43, 0x6f, 0x2e, 0x2c, 0x20, 0x4c,
    0x74, 0x64, 0x2e, 0x00, 0x47, 0x45, 0x4d, 0x55, 0x00, 0x4f, 0x46, 0x46, 0x20, 0x4c, 0x69, 0x6e,
    0x65, 0x20, 0x4a, 0x61, 0x70, 0x61, 0x6e, 0x20, 0x43, 0x6f, 0x2e, 0x2c, 0x20, 0x4c, 0x74, 0x64,
    0x2e, 0x00, 0x45, 0x43, 0x20, 0x73, 0x65, 0x6e, 0x73, 0x65, 0x20, 0x63, 0x6f, 0x2e, 0x2c, 0x20,
    0x4c, 0x74, 0x64, 0x00, 0x4c, 0x56, 0x49, 0x20, 0x43, 0x6f, 0x2e, 0x00, 0x43, 0x4f, 0x4d, 0x45,
    0x4c, 0x49, 0x54, 0x20, 0x47, 0x52, 0x4f, 0x55, 0x50, 0x20, 0x53, 0x2e, 0x50, 0x2e, 0x41, 0x2e,
    0x00, 0x46, 0x6f, 0x73, 0x68, 0x61, 0x6e, 0x20, 0x56, 0x69, 0x6f, 0x6d, 0x69, 0x20, 0x45, 0x6c,
    0x65, 0x63, 0x74, 0x72, 0x69, 0x63, 0x61, 0x6c, 0x20, 0x54, 0x65, 0x63, 0x68, 0x6e, 0x6f, 0x6c,
    0x6f, 0x67, 0x79, 0x20, 0x43, 0x6f, 0x2e, 0x2c, 0x20, 0x4c, 0x74, 0x64, 0x00, 0x47, 0x6c, 0x61,
    0x6d, 0x6f, 0x20, 0x49, 0x6e, 0x63, 0x2e, 0x00, 0x4b, 0x45, 0x59, 0x54, 0x45, 0x43, 0x2c, 0x49,
    0x6e, 0x63, 0x2e, 0x00, 0x53, 0x4d, 0x41, 0x52, 0x54, 0x44, 0x20, 0x54, 0x45, 0x43, 0x48, 0x4e,
    0x4f, 0x4c, 0x4f, 0x47, 0x49, 0x45, 0x53, 0x20, 0x49, 0x4e, 0x43, 0x2e, 0x00, 0x4a, 0x55, 0x52,
    0x41, 0x20, 0x45, 0x6c, 0x65, 0x6b, 0x74, 0x72, 0x6f, 0x61, 0x70, 0x70, 0x61, 0x72, 0x61, 0x74,
    0x65, 0x20, 0x41, 0x47, 0x00, 0x50, 0x65, 0x72, 0x66, 0x6f, 0x72, 0x6d, 0x61, 0x6e, 0x63, 0x65,
    0x20, 0x45, 0x6c, 0x65, 0x63, 0x74, 0x72, 0x6f, 0x6e, 0x69, 0x63, 0x73, 0x2c, 0x20, 0x4c, 0x74,
    0x64, 0x2e, 0x00, 0x50, 0x61, 0x6c, 0x20, 0x45, 0x6c, 0x65, 0x63, 0x74, 0x72, 0x6f, 0x6e, 0x69,
    0x63, 0x73, 0x00, 0x45, 0x6d, 0x62, 0x65, 0x63, 0x74, 0x61, 0x20, 0x43, 0x6f, 0x72, 0x70, 0x2e,
    0x00, 0x44, 0x45, 0x4e, 0x53, 0x4f, 0x20, 0x41, 0x49, 0x52, 0x43, 0x4f, 0x4f, 0x4c, 0x20, 0x43,
    0x4f, 0x52, 0x50, 0x4f, 0x52, 0x41, 0x54, 0x49, 0x4f, 0x4e, 0x00, 0x43, 0x61, 0x72, 0x65, 0x73,
    0x69, 0x78, 0x20, 0x49, 0x6e, 0x63, 0x2e, 0x00, 0x47, 0x69, 0x67, 0x61, 0x44, 0x65, 0x76, 0x69,
    0x63, 0x65, 0x20, 0x53, 0x65, 0x6d, 0x69, 0x63, 0x6f, 0x6e, 0x64, 0x75, 0x63, 0x74, 0x6f, 0x72,
    0x20, 0x49, 0x6e, 0x63, 0x2e, 0x00, 0x5a, 0x65, 0x6b, 0x75, 0x20, 0x54, 0x65, 0x63, 0x68, 0x6e,
    0x6f, 0x6c, 0x6f, 0x67, 0x79, 0x20, 0x28, 0x53, 0x68, 0x61, 0x6e, 0x67, 0x68, 0x61, 0x69, 0x29,
    0x20, 0x43, 0x6f, 0x72, 0x70, 0x2e, 0x2c, 0x20, 0x4c, 0x74, 0x64, 0x2e, 0x00, 0x4f, 0x54, 0x46,
    0x20, 0x50, 0x72, 0x6f, 0x64, 0x75, 0x63, 0x74, 0x20, 0x53, 0x6f, 0x75, 0x72, 0x63, 0x69, 0x6e,
    0x67, 0x2c, 0x20, 0x4c, 0x4c, 0x43, 0x00, 0x45, 0x61, 0x73, 0x65, 0x65, 0x20, 0x41, 0x53, 0x00,
    0x42, 0x45, 0x45, 0x48, 0x45, 0x52, 0x4f, 0x2c, 0x20, 0x49, 0x4e, 0x43, 0x2e, 0x00, 0x4d, 0x63,
    0x49, 0x6e, 0x74, 0x6f, 0x73, 0x68, 0x20, 0x47, 0x72, 0x6f, 0x75, 0x70, 0x20, 0x49, 0x6e, 0x63,
    0x00, 0x4b, 0x49, 0x4e, 0x44, 0x4f, 0x4f, 0x20, 0x4c, 0x4c, 0x50, 0x00, 0x58, 0x69, 0x61, 0x6e,
    0x20, 0x59, 0x69, 0x73, 0x75, 0x6f, 0x62, 0x61, 0x6f, 0x20, 0x45, 0x6c, 0x65, 0x63, 0x74, 0x72,
    0x6f, 0x6e, 0x69, 0x63, 0x20, 0x54, 0x65, 0x63, 0x68, 0x6e, 0x6f, 0x6c, 0x6f, 0x67, 0x79, 0x20,
    0x43, 0x6f, 0x2e, 0x2c, 0x20, 0x4c, 0x74, 0x64, 0x2e, 0x00, 0x45, 0x78, 0x65, 0x67, 0x65, 0x72,
    0x20, 0x4f, 0x70, 0x65, 0x72, 0x61, 0x74, 0x69, 0x6f, 0x6e, 0x73, 0x20, 0x41, 0x42, 0x00, 0x42,
    0x59, 0x44, 0x20, 0x43, 0x6f, 0x6d, 0x70, 0x61, 0x6e, 0x79, 0x20, 0x4c, 0x69, 0x6d, 0x69, 0x74,
    0x65, 0x64, 0x00, 0x54, 0x68, 0x65, 0x72, 0x6d, 0x6f, 0x6b, 0x6f, 0x6e, 0x2d, 0x53, 0x65, 0x6e,
    0x73, 0x6f, 0x72, 0x74, 0x65, 0x63, 0x68, 0x6e, 0x69, 0x6b, 0x20, 0x47, 0x6d, 0x62, 0x48, 0x00,
    0x53, 0x69, 0x67, 0x6e, 0x61, 0x6c, 0x51, 0x75, 0x65, 0x73, 0x74, 0x2c, 0x20, 0x4c, 0x4c, 0x43,
    0x00, 0x4e, 0x6f, 0x72, 0x69, 0x74, 0x7a, 0x20, 0x43, 0x6f, 0x72, 0x70, 0x6f, 0x72, 0x61, 0x74,
    0x69, 0x6f, 0x6e, 0x2e, 0x00, 0x54, 0x49, 0x47, 0x45, 0x52, 0x20, 0x43, 0x4f, 0x52, 0x50, 0x4f,
    0x52, 0x41, 0x54, 0x49, 0x4f, 0x4e, 0x00, 0x4f, 0x52, 0x42, 0x20, 0x49, 0x6e, 0x6e, 0x6f, 0x76,
    0x61, 0x74, 0x69, 0x6f, 0x6e, 0x73, 0x20, 0x4c, 0x74, 0x64, 0x00, 0x43, 0x6c, 0x61, 0x73, 0x73,
    0x69, 0x66, 0x69, 0x65, 0x64, 0x20, 0x43, 0x79, 0x63, 0x6c, 0x69, 0x6e, 0x67, 0x00, 0x57, 0x72,
    0x6d, 0x74, 0x68, 0x20, 0x43, 0x6f, 0x72, 0x70, 0x2e, 0x00, 0x42, 0x45, 0x4c, 0x4c, 0x44, 0x45,
    0x53, 0x49, 0x47, 0x4e, 0x20, 0x49, 0x6e, 0x63, 0x2e, 0x00, 0x53, 0x74, 0x69, 0x6e, 0x67, 0x65,
    0x72, 0x20, 0x45, 0x71, 0x75, 0x69, 0x70, 0x6d, 0x65, 0x6e, 0x74, 0x2c, 0x20, 0x49, 0x6e, 0x63,
    0x2e, 0x00, 0x48, 0x4f, 0x52, 0x49, 0x42, 0x41, 0x2c, 0x20, 0x4c, 0x74, 0x64, 0x2e, 0x00, 0x43,
    0x6f, 0x6e, 0x74, 0x72, 0x6f, 0x6c, 0x20, 0x53, 0x6f, 0x6c, 0x75, 0x74, 0x69, 0x6f, 0x6e, 0x73,
    0x20, 0x4c, 0x4c, 0x43, 0x00, 0x48, 0x65, 0x61, 0x74, 0x68, 0x20, 0x43, 0x6f, 0x6e, 0x73, 0x75,
    0x6c, 0x74, 0x61, 0x6e, 0x74, 0x73, 0x20, 0x49, 0x6e, 0x63, 0x2e, 0x00, 0x42, 0x65, 0x72, 0x6c,
    0x69, 0x6e, 0x67, 0x65, 0x72, 0x20, 0x26, 0x20, 0x43, 0x6f, 0x2e, 0x20, 0x41, 0x47, 0x00, 0x4f,
    0x4e, 0x43, 0x45, 0x4c, 0x41, 0x42, 0x53, 0x20, 0x4c, 0x4c, 0x43, 0x00, 0x42, 0x72, 0x6f, 0x73,
    0x65, 0x20, 0x56, 0x65, 0x72, 0x77, 0x61, 0x6c, 0x74, 0x75, 0x6e, 0x67, 0x20, 0x53, 0x45, 0x2c,
    0x20, 0x42, 0x61, 0x6d, 0x62, 0x65, 0x72, 0x67, 0x00, 0x45, 0x70, 0x73, 0x69, 0x6c, 0x6f, 0x6e,
    0x20, 0x45, 0x6c, 0x65, 0x63, 0x74, 0x72, 0x6f, 0x6e, 0x69, 0x63, 0x73, 0x2c, 0x6c, 0x6e, 0x63,
    0x00, 0x56, 0x41, 0x4c, 0x45, 0x4f, 0x20, 0x4d, 0x41, 0x4e, 0x41, 0x47, 0x45, 0x4d, 0x45, 0x4e,
    0x54, 0x20, 0x53, 0x45, 0x52, 0x56, 0x49, 0x43, 0x45, 0x53, 0x00, 0x74, 0x77, 0x6f, 0x70, 0x6f,
    0x75, 0x6e, 0x64, 0x73, 0x20, 0x67, 0x6d, 0x62, 0x68, 0x00, 0x61, 0x74, 0x53, 0x70, 0x69, 0x72,
    0x6f, 0x20, 0x41, 0x70, 0x53, 0x00, 0x41, 0x44, 0x54, 0x52, 0x41, 0x4e, 0x2c, 0x20, 0x49, 0x6e,
    0x63, 0x2e, 0x00, 0x4f, 0x72, 0x70, 0x79, 0x78, 0x20, 0x4d, 0x65, 0x64, 0x69, 0x63, 0x61, 0x6c,
    0x20, 0x54, 0x65, 0x63, 0x68, 0x6e, 0x6f, 0x6c, 0x6f, 0x67, 0x69, 0x65, 0x73, 0x20, 0x49, 0x6e,
    0x63, 0x2e, 0x00, 0x53, 0x65, 0x65, 0x6b, 0x77, 0x61, 0x76, 0x65, 0x20, 0x54, 0x65, 0x63, 0x68,
    0x6e, 0x6f, 0x6c, 0x6f, 0x67, 0x79, 0x20, 0x43, 0x6f, 0x2e, 0x2c, 0x6c, 0x74, 0x64, 0x2e, 0x00,
    0x54, 0x61, 0x63, 0x74, 0x69, 0x6c, 0x65, 0x20, 0x45, 0x6e, 0x67, 0x69, 0x6e, 0x65, 0x65, 0x72,
    0x69, 0x6e, 0x67, 0x2c, 0x20, 0x49, 0x6e, 0x63, 0x2e, 0x00, 0x53, 0x68, 0x61, 0x72, 0x6b, 0x4e,
    0x69, 0x6e, 0x6a, 0x61, 0x20, 0x4f, 0x70, 0x65, 0x72, 0x61, 0x74, 0x69, 0x6e, 0x67, 0x20, 0x4c,
    0x4c, 0x43, 0x00, 0x49, 0x6d, 0x6f, 0x73, 0x74, 0x61, 0x72, 0x20, 0x54, 0x65, 0x63, 0x68, 0x6e,
    0x6f, 0x6c, 0x6f, 0x67, 0x69, 0x65, 0x73, 0x20, 0x49, 0x6e, 0x63, 0x2e, 0x00, 0x49, 0x4e, 0x4e,
    0x4f, 0x56, 0x41, 0x20, 0x53, 0x2e, 0x52, 0x2e, 0x4c, 0x2e, 0x00, 0x45, 0x53, 0x43, 0x45, 0x41,
    0x20, 0x4c, 0x49, 0x4d, 0x49, 0x54, 0x45, 0x44, 0x00, 0x54, 0x61, 0x63, 0x6f, 0x2c, 0x20, 0x49,
    0x6e, 0x63, 0x2e, 0x00, 0x48, 0x69, 0x56, 0x69, 0x7a, 0x20, 0x4c, 0x69, 0x67, 0x68, 0x74, 0x69,
    0x6e, 0x67, 0x2c, 0x20, 0x49, 0x6e, 0x63, 0x2e, 0x00, 0x5a, 0x69, 0x6e, 0x74, 0x6f, 0x75, 0x63,
    0x68, 0x20, 0x42, 0x2e, 0x56, 0x2e, 0x00, 0x52, 0x68, 0x65, 0x65, 0x6d, 0x20, 0x53, 0x61, 0x6c,
    0x65, 0x73, 0x20, 0x43, 0x6f, 0x6d, 0x70, 0x61, 0x6e, 0x79, 0x2c, 0x20, 0x49, 0x6e, 0x63, 0x2e,
    0x00, 0x55, 0x4e, 0x45, 0x45, 0x47, 0x20, 0x6d, 0x65, 0x64, 0x69, 0x63, 0x61, 0x6c, 0x20, 0x41,
    0x2f, 0x53, 0x00, 0x48, 0x79, 0x6b, 0x73, 0x6f, 0x20, 0x49, 0x6e, 0x63, 0x2e, 0x00, 0x43, 0x59,
    0x42, 0x45, 0x52, 0x44, 0x59, 0x4e, 0x45, 0x20, 0x49, 0x6e, 0x63, 0x2e, 0x00, 0x4c, 0x6f, 0x63,
    0x6b, 0x73, 0x77, 0x69, 0x74, 0x63, 0x68, 0x20, 0x53, 0x64, 0x6e, 0x20, 0x42, 0x68, 0x64, 0x00,
    0x41, 0x6c, 0x62, 0x61, 0x6e, 0x20, 0x47, 0x69, 0x61, 0x63, 0x6f, 0x6d, 0x6f, 0x20, 0x53, 0x2e,
    0x50, 0x2e, 0x41, 0x2e, 0x00, 0x4d, 0x47, 0x4d, 0x20, 0x57, 0x49, 0x52, 0x45, 0x4c, 0x45, 0x53,
    0x53, 0x53, 0x20, 0x48, 0x4f, 0x4c, 0x44, 0x49, 0x4e, 0x47, 0x53, 0x20, 0x50, 0x54, 0x59, 0x20,
    0x4c, 0x54, 0x44, 0x00, 0x53, 0x74, 0x65, 0x70, 0x55, 0x70, 0x20, 0x53, 0x6f, 0x6c, 0x75, 0x74,
    0x69, 0x6f, 0x6e, 0x73, 0x20, 0x41, 0x70, 0x53, 0x00, 0x42, 0x6c, 0x75, 0x65, 0x49, 0x44, 0x20,
    0x47, 0x6d, 0x62, 0x48, 0x00, 0x57, 0x75, 0x78, 0x69, 0x20, 0x4c, 0x69, 0x6e, 0x6b, 0x70, 0x6f,
    0x77, 0x65, 0x72, 0x20, 0x4d, 0x69, 0x63, 0x72, 0x6f, 0x65, 0x6c, 0x65, 0x63, 0x74, 0x72, 0x6f,
    0x6e, 0x69, 0x63, 0x73, 0x20, 0x43, 0x6f, 0x2e, 0x2c, 0x4c, 0x74, 0x64, 0x00, 0x4b, 0x45, 0x42,
    0x41, 0x20, 0x45, 0x6e, 0x65, 0x72, 0x67, 0x79, 0x20, 0x41, 0x75, 0x74, 0x6f, 0x6d, 0x61, 0x74,
    0x69, 0x6f, 0x6e, 0x20, 0x47, 0x6d, 0x62, 0x48, 0x00, 0x4e, 0x4e, 0x4f, 0x58, 0x58, 0x2c, 0x20,
    0x49, 0x6e, 0x63, 0x00, 0x50, 0x68, 0x69, 0x61, 0x74, 0x6f, 0x6e, 0x20, 0x43, 0x6f, 0x72, 0x70,
    0x6f, 0x72, 0x61, 0x74, 0x69, 0x6f, 0x6e, 0x00, 0x70, 0x68, 0x67, 0x20, 0x50, 0x65, 0x74, 0x65,
    0x72, 0x20, 0x48, 0x65, 0x6e, 0x67, 0x73, 0x74, 0x6c, 0x65, 0x72, 0x20, 0x47, 0x6d, 0x62, 0x48,
    0x20, 0x2b, 0x20, 0x43, 0x6f, 0x2e, 0x20, 0x4b, 0x47, 0x00, 0x64, 0x6f, 0x72, 0x6d, 0x61, 0x6b,
    0x61, 0x62, 0x61, 0x20, 0x48, 0x6f, 0x6c, 0x64, 0x69, 0x6e, 0x67, 0x20, 0x41, 0x47, 0x00, 0x57,
    0x41, 0x4b, 0x4f, 0x20, 0x43, 0x4f, 0x2c, 0x2e, 0x4c, 0x54, 0x44, 0x00, 0x54, 0x52, 0x41, 0x43,
    0x4b, 0x54, 0x49, 0x4e, 0x47, 0x20, 0x53, 0x2e, 0x52, 0x2e, 0x4c, 0x2e, 0x00, 0x45, 0x6d, 0x65,
    0x72, 0x6a, 0x61, 0x20, 0x43, 0x6f, 0x72, 0x70, 0x6f, 0x72, 0x61, 0x74, 0x69, 0x6f, 0x6e, 0x00,
    0x43, 0x4f, 0x4e, 0x53, 0x4f, 0x52, 0x43, 0x49, 0x4f, 0x20, 0x54, 0x52, 0x55, 0x53, 0x54, 0x20,
    0x43, 0x4f, 0x4e, 0x54, 0x52, 0x4f, 0x4c, 0x20, 0x2d, 0x20, 0x4e, 0x45, 0x54, 0x54, 0x45, 0x4c,
    0x00, 0x47, 0x49, 0x4c, 0x53, 0x4f, 0x4e, 0x20, 0x53, 0x41, 0x53, 0x00, 0x53, 0x4e, 0x49, 0x46,
    0x46, 0x20, 0x4c, 0x4f, 0x47, 0x49, 0x43, 0x20, 0x4c, 0x54, 0x44, 0x00, 0x46, 0x69, 0x64, 0x75,
    0x72, 0x65, 0x20, 0x43, 0x6f, 0x72, 0x70, 0x2e, 0x00, 0x53, 0x65, 0x6e, 0x73, 0x61, 0x20, 0x4c,
    0x4c, 0x43, 0x00, 0x50, 0x61, 0x72, 0x61, 0x6b, 0x65, 0x79, 0x20, 0x41, 0x42, 0x00, 0x53, 0x43,
    0x41, 0x52, 0x41, 0x42, 0x20, 0x53, 0x4f, 0x4c, 0x55, 0x54, 0x49, 0x4f, 0x4e, 0x53, 0x20, 0x4c,
    0x54, 0x44, 0x00, 0x42, 0x69, 0x74, 0x47, 0x72, 0x65, 0x65, 0x6e, 0x20, 0x54, 0x65, 0x63, 0x68,
    0x6e, 0x6f, 0x6c, 0x61, 0x62, 0x7a, 0x20, 0x28, 0x4f, 0x50, 0x43, 0x29, 0x20, 0x50, 0x72, 0x69,
    0x76, 0x61, 0x74, 0x65, 0x20, 0x4c, 0x69, 0x6d, 0x69, 0x74, 0x65, 0x64, 0x00, 0x53, 0x74, 0x72,
    0x65, 0x65, 0x74, 0x43, 0x61, 0x72, 0x20, 0x4f, 0x52, 0x56, 0x2c, 0x20, 0x4c, 0x4c, 0x43, 0x00,
    0x54, 0x72, 0x75, 0x6d, 0x61, 0x20, 0x47, 0x65, 0x72, 0xc3, 0xa4, 0x74, 0x65, 0x74, 0x65, 0x63,
    0x68, 0x6e, 0x69, 0x6b, 0x20, 0x47, 0x6d, 0x62, 0x48, 0x20, 0x26, 0x20, 0x43, 0x6f, 0x2e, 0x20,
    0x4b, 0x47, 0x00, 0x79, 0x75, 0x70, 0x69, 0x74, 0x65, 0x72, 0x75, 0x00, 0x45, 0x6d, 0x62, 0x65,
    0x64, 0x64, 0x65, 0x64, 0x20, 0x45, 0x6e, 0x67, 0x69, 0x6e, 0x65, 0x65, 0x72, 0x69, 0x6e, 0x67,
    0x20, 0x53, 0x6f, 0x6c, 0x75, 0x74, 0x69, 0x6f, 0x6e, 0x73, 0x20, 0x4c, 0x4c, 0x43, 0x00, 0x54,
    0x45, 0x41, 0x43, 0x20, 0x43, 0x6f, 0x72, 0x70, 0x6f, 0x72, 0x61, 0x74, 0x69, 0x6f, 0x6e, 0x00,
    0x43, 0x48, 0x41, 0x52, 0x47, 0x54, 0x52, 0x4f, 0x4e, 0x20, 0x49, 0x4f, 0x54, 0x20, 0x50, 0x52,
    0x49, 0x56, 0x41, 0x54, 0x45, 0x20, 0x4c, 0x49, 0x4d, 0x49, 0x54, 0x45, 0x44, 0x00, 0x5a, 0x68,
    0x75, 0x68, 0x61, 0x69, 0x20, 0x53, 0x6d, 0x61, 0x72, 0x74, 0x6c, 0x69, 0x6e, 0x6b, 0x20, 0x54,
    0x65, 0x63, 0x68, 0x6e, 0x6f, 0x6c, 0x6f, 0x67, 0x79, 0x20, 0x43, 0x6f, 0x2e, 0x2c, 0x20, 0x4c,
    0x74, 0x64, 0x00, 0x54, 0x72, 0x69, 0x64, 0x75, 0x63, 0x74, 0x6f, 0x72, 0x20, 0x54, 0x65, 0x63,
    0x68, 0x6e, 0x6f, 0x6c, 0x6f, 0x67, 0x79, 0x20, 0x28, 0x53, 0x75, 0x7a, 0x68, 0x6f, 0x75, 0x29,
    0x2c, 0x20, 0x49, 0x6e, 0x63, 0x2e, 0x00, 0x50, 0x54, 0x20, 0x53, 0x41, 0x44, 0x41, 0x4d, 0x41,
    0x59, 0x41, 0x20, 0x47, 0x52, 0x41, 0x48, 0x41, 0x20, 0x54, 0x45, 0x4b, 0x4e, 0x4f, 0x4c, 0x4f,
    0x47, 0x49, 0x00, 0x4d, 0x6f, 0x70, 0x65, 0x6b, 0x61, 0x20, 0x50, 0x72, 0x6f, 0x64, 0x75, 0x63,
    0x74, 0x73, 0x20, 0x4c, 0x4c, 0x43, 0x00, 0x33, 0x41, 0x4c, 0x6f, 0x67, 0x69, 0x63, 0x73, 0x2c,
    0x20, 0x49, 0x6e, 0x63, 0x2e, 0x00, 0x52, 0x6f, 0x63, 0x68, 0x65, 0x73, 0x74, 0x65, 0x72, 0x20,
    0x53, 0x65, 0x6e, 0x73, 0x6f, 0x72, 0x73, 0x2c, 0x20, 0x4c, 0x4c, 0x43, 0x00, 0x43, 0x41, 0x52,
    0x44, 0x49, 0x4f, 0x49, 0x44, 0x20, 0x2d, 0x20, 0x54, 0x45, 0x43, 0x48, 0x4e, 0x4f, 0x4c, 0x4f,
    0x47, 0x49, 0x45, 0x53, 0x2c, 0x20, 0x4c, 0x44, 0x41, 0x00, 0x43, 0x61, 0x72, 0x72, 0x69, 0x65,
    0x72, 0x20, 0x43, 0x6f, 0x72, 0x70, 0x6f, 0x72, 0x61, 0x74, 0x69, 0x6f, 0x6e, 0x00, 0x4e, 0x41,
    0x43, 0x4f, 0x4e, 0x00, 0x57, 0x61, 0x74, 0x63, 0x68, 0x64, 0x6f, 0x67, 0x20, 0x53, 0x79, 0x73,
    0x74, 0x65, 0x6d, 0x73, 0x20, 0x4c, 0x4c, 0x43, 0x00, 0x4d, 0x41, 0x58, 0x4f, 0x4e, 0x20, 0x49,
    0x4e, 0x44, 0x55, 0x53, 0x54, 0x52, 0x49, 0x45, 0x53, 0x2c, 0x20, 0x49, 0x4e, 0x43, 0x2e, 0x00,
    0x41, 0x6d, 0x6c, 0x6f, 0x67, 0x69, 0x63, 0x2c, 0x20, 0x49, 0x6e, 0x63, 0x2e, 0x00, 0x51, 0x69,
    0x6e, 0x67, 0x64, 0x61, 0x6f, 0x20, 0x45, 0x61, 0x73, 0x74, 0x73, 0x6f, 0x66, 0x74, 0x20, 0x43,
    0x6f, 0x6d, 0x6d, 0x75, 0x6e, 0x69, 0x63, 0x61, 0x74, 0x69, 0x6f, 0x6e, 0x20, 0x54, 0x65, 0x63,
    0x68, 0x6e, 0x6f, 0x6c, 0x6f, 0x67, 0x79, 0x20, 0x43, 0x6f, 0x2e, 0x2c, 0x4c, 0x74, 0x64, 0x00,
    0x57, 0x65, 0x6c, 0x74, 0x65, 0x6b, 0x20, 0x54, 0x65, 0x63, 0x68, 0x6e, 0x6f, 0x6c, 0x6f, 0x67,
    0x69, 0x65, 0x73, 0x20, 0x43, 0x6f, 0x6d, 0x70, 0x61, 0x6e, 0x79, 0x20, 0x4c, 0x69, 0x6d, 0x69,
    0x74, 0x65, 0x64, 0x00, 0x4e, 0x65, 0x78, 0x74, 0x69, 0x76, 0x69, 0x74, 0x79, 0x20, 0x49, 0x6e,
    0x63, 0x2e, 0x00, 0x41, 0x47, 0x5a, 0x5a, 0x58, 0x20, 0x4f, 0x50, 0x54, 0x4f, 0x45, 0x4c, 0x45,
    0x43, 0x54, 0x52, 0x4f, 0x4e, 0x49, 0x43, 0x53, 0x20, 0x54, 0x45, 0x43, 0x48, 0x4e, 0x4f, 0x4c,
    0x4f, 0x47, 0x59, 0x20, 0x43, 0x4f, 0x2e, 0x2c, 0x20, 0x4c, 0x54, 0x44, 0x00, 0x41, 0x2e, 0x47,
    0x4c, 0x4f, 0x42, 0x41, 0x4c, 0x20, 0x63, 0x6f, 0x2e, 0x2c, 0x4c, 0x74, 0x64, 0x2e, 0x00, 0x48,
    0x65, 0x61, 0x76, 0x79, 0x73, 0x20, 0x49, 0x6e, 0x63, 0x00, 0x54, 0x2d, 0x4d, 0x6f, 0x62, 0x69,
    0x6c, 0x65, 0x20, 0x55, 0x53, 0x41, 0x00, 0x74, 0x6f, 0x6e, 0x69, 0x65, 0x73, 0x20, 0x47, 0x6d,
    0x62, 0x48, 0x00, 0x54, 0x65, 0x63, 0x68, 0x6e, 0x6f, 0x63, 0x6f, 0x6e, 0x20, 0x45, 0x6e, 0x67,
    0x69, 0x6e, 0x65, 0x65, 0x72, 0x69, 0x6e, 0x67, 0x20, 0x4c, 0x74, 0x64, 0x2e, 0x00, 0x52, 0x61,
    0x64, 0x61, 0x72, 0x20, 0x41, 0x75, 0x74, 0x6f, 0x6d, 0x6f, 0x62, 0x69, 0x6c, 0x65, 0x20, 0x53,
    0x61, 0x6c, 0x65, 0x73, 0x28, 0x53, 0x68, 0x61, 0x6e, 0x64, 0x6f, 0x6e, 0x67, 0x29, 0x43, 0x6f,
    0x2e, 0x2c, 0x4c, 0x74, 0x64, 0x2e, 0x00, 0x57, 0x45, 0x53, 0x43, 0x4f, 0x20, 0x41, 0x47, 0x00,
    0x59, 0x61, 0x73, 0x68, 0x75, 0x20, 0x53, 0x79, 0x73, 0x74, 0x65, 0x6d, 0x73, 0x00, 0x4b, 0x65,
    0x73, 0x73, 0x65, 0x62, 0xc3, 0xb6, 0x68, 0x6d, 0x65, 0x72, 0x20, 0x45, 0x72, 0x67, 0x6f, 0x6e,
    0x6f, 0x6d, 0x69, 0x65, 0x74, 0x65, 0x63, 0x68, 0x6e, 0x69, 0x6b, 0x20, 0x47, 0x6d, 0x62, 0x48,
    0x00, 0x4d, 0x6f, 0x76, 0x65, 0x73, 0x65, 0x6e, 0x73, 0x65, 0x20, 0x4f, 0x79, 0x00, 0x42, 0x61,
    0x78, 0x74, 0x65, 0x72, 0x20, 0x48, 0x65, 0x61, 0x6c, 0x74, 0x68, 0x63, 0x61, 0x72, 0x65, 0x20,
    0x43, 0x6f, 0x72, 0x70, 0x6f, 0x72, 0x61, 0x74, 0x69, 0x6f, 0x6e, 0x00, 0x47, 0x65, 0x6d, 0x73,
    0x74, 0x6f, 0x6e, 0x65, 0x20, 0x4c, 0x69, 0x67, 0x68, 0x74, 0x73, 0x20, 0x43, 0x61, 0x6e, 0x61,
    0x64, 0x61, 0x20, 0x4c, 0x74, 0x64, 0x2e, 0x00, 0x48, 0x2b, 0x42, 0x20, 0x48, 0x69, 0x67, 0x68,
    0x74, 0x65, 0x63, 0x68, 0x20, 0x47, 0x6d, 0x62, 0x48, 0x00, 0x44, 0x65, 0x61, 0x6b, 0x6f, 0x00,
    0x56, 0x69, 0x72, 0x65, 0x20, 0x48, 0x65, 0x61, 0x6c, 0x74, 0x68, 0x20, 0x4f, 0x79, 0x00, 0x41,
    0x4c, 0x46, 0x20, 0x49, 0x6e, 0x63, 0x2e, 0x00, 0x4e, 0x54, 0x54, 0x20, 0x73, 0x6f, 0x6e, 0x6f,
    0x72, 0x69, 0x74, 0x79, 0x2c, 0x20, 0x49, 0x6e, 0x63, 0x2e, 0x00, 0x53, 0x75, 0x6e, 0x73, 0x74,
    0x6f, 0x6e, 0x65, 0x2d, 0x52, 0x54, 0x4c, 0x53, 0x20, 0x49, 0x70, 0x61, 0x72, 0x69, 0x20, 0x53,
    0x7a, 0x6f, 0x6c, 0x67, 0x61, 0x6c, 0x74, 0x61, 0x74, 0x6f, 0x20, 0x4b, 0x6f, 0x72, 0x6c, 0x61,
    0x74, 0x6f, 0x6c, 0x74, 0x20, 0x46, 0x65, 0x6c, 0x65, 0x6c, 0x6f, 0x73, 0x73, 0x65, 0x67, 0x75,
    0x20, 0x54, 0x61, 0x72, 0x73, 0x61, 0x73, 0x61, 0x67, 0x00, 0x52, 0x69, 0x62, 0x62, 0x69, 0x6f,
    0x74, 0x2c, 0x20, 0x49, 0x4e, 0x43, 0x2e, 0x00, 0x44, 0x72, 0x61, 0x67, 0x6f, 0x6e, 0x66, 0x6c,
    0x79, 0x20, 0x45, 0x6e, 0x65, 0x72, 0x67, 0x79, 0x20, 0x43, 0x6f, 0x72, 0x70, 0x2e, 0x00, 0x42,
    0x49, 0x47, 0x42, 0x45, 0x4e, 0x00, 0x59, 0x41, 0x4d, 0x41, 0x48, 0x41, 0x20, 0x4d, 0x4f, 0x54,
    0x4f, 0x52, 0x20, 0x43, 0x4f, 0x2e, 0x2c, 0x4c, 0x54, 0x44, 0x2e, 0x00, 0x58, 0x53, 0x45, 0x4e,
    0x53, 0x45, 0x20, 0x4c, 0x54, 0x44, 0x00, 0x4d, 0x41, 0x51, 0x55, 0x45, 0x54, 0x20, 0x47, 0x6d,
    0x62, 0x48, 0x00, 0x4d, 0x49, 0x54, 0x53, 0x55, 0x42, 0x49, 0x53, 0x48, 0x49, 0x20, 0x45, 0x4c,
    0x45, 0x43, 0x54, 0x52, 0x49, 0x43, 0x20, 0x4c, 0x49, 0x47, 0x48, 0x54, 0x49, 0x4e, 0x47, 0x20,
    0x43, 0x4f, 0x2c, 0x20, 0x4c, 0x54, 0x44, 0x00, 0x50, 0x72, 0x69, 0x6e, 0x63, 0x65, 0x73, 0x73,
    0x20, 0x43, 0x72, 0x75, 0x69, 0x73, 0x65, 0x20, 0x4c, 0x69, 0x6e, 0x65, 0x73, 0x2c, 0x20, 0x4c,
    0x74, 0x64, 0x2e, 0x00, 0x4d, 0x65, 0x67, 0x67, 0x65, 0x72, 0x20, 0x4c, 0x74, 0x64, 0x00, 0x56,
    0x65, 0x72, 0x76, 0x65, 0x20, 0x49, 0x6e, 0x66, 0x6f, 0x54, 0x65, 0x63, 0x20, 0x50, 0x74, 0x79,
    0x20, 0x4c, 0x74, 0x64, 0x00, 0x53, 0x6f, 0x6e, 0x61, 0x73, 0x2c, 0x20, 0x49, 0x6e, 0x63, 0x2e,
    0x00, 0x4d, 0x69, 0x65, 0x76, 0x6f, 0x20, 0x54, 0x65, 0x63, 0x68, 0x6e, 0x6f, 0x6c, 0x6f, 0x67,
    0x69, 0x65, 0x73, 0x20, 0x50, 0x72, 0x69, 0x76, 0x61, 0x74, 0x65, 0x20, 0x4c, 0x69, 0x6d, 0x69,
    0x74, 0x65, 0x64, 0x00, 0x53, 0x68, 0x65, 0x6e, 0x7a, 0x68, 0x65, 0x6e, 0x20, 0x50, 0x6f, 0x73,
    0x65, 0x69, 0x64, 0x6f, 0x6e, 0x20, 0x4e, 0x65, 0x74, 0x77, 0x6f, 0x72, 0x6b, 0x20, 0x54, 0x65,
    0x63, 0x68, 0x6e, 0x6f, 0x6c, 0x6f, 0x67, 0x79, 0x20, 0x43, 0x6f, 0x2e, 0x2c, 0x20, 0x4c, 0x74,
    0x64, 0x00, 0x48, 0x45, 0x52, 0x55, 0x54, 0x55, 0x20, 0x45, 0x4c, 0x45, 0x43, 0x54, 0x52, 0x4f,
    0x4e, 0x49, 0x43, 0x53, 0x20, 0x43, 0x4f, 0x52, 0x50, 0x4f, 0x52, 0x41, 0x54, 0x49, 0x4f, 0x4e,
    0x00, 0x53, 0x68, 0x65, 0x6e, 0x7a, 0x68, 0x65, 0x6e, 0x20, 0x53, 0x68, 0x6f, 0x6b, 0x7a, 0x20,
    0x43, 0x6f, 0x2e, 0x2c, 0x4c, 0x74, 0x64, 0x2e, 0x00, 0x53, 0x68, 0x65, 0x6e, 0x7a, 0x68, 0x65,
    0x6e, 0x20, 0x4f, 0x70, 0x65, 0x6e, 0x68, 0x65, 0x61, 0x72, 0x69, 0x6e, 0x67, 0x20, 0x54, 0x65,
    0x63, 0x68, 0x20, 0x43, 0x4f, 0x2e, 0x2c, 0x20, 0x4c, 0x54, 0x44, 0x20, 0x2e, 0x00, 0x45, 0x76,
    0x69, 0x64, 0x65, 0x6e, 0x74, 0x20, 0x43, 0x6f, 0x72, 0x70, 0x6f, 0x72, 0x61, 0x74, 0x69, 0x6f,
    0x6e, 0x00, 0x4e, 0x45, 0x55, 0x52, 0x49, 0x4e, 0x4e, 0x4f, 0x56, 0x00, 0x53, 0x77, 0x69, 0x70,
    0x65, 0x53, 0x65, 0x6e, 0x73, 0x65, 0x2c, 0x20, 0x49, 0x6e, 0x63, 0x2e, 0x00, 0x52, 0x46, 0x20,
    0x43, 0x72, 0x65, 0x61, 0x74, 0x69, 0x6f, 0x6e, 0x73, 0x00, 0x53, 0x48, 0x49, 0x4e, 0x4b, 0x41,
    0x57, 0x41, 0x20, 0x53, 0x65, 0x6e, 0x73, 0x6f, 0x72, 0x20, 0x54, 0x65, 0x63, 0x68, 0x6e, 0x6f,
    0x6c, 0x6f, 0x67, 0x79, 0x2c, 0x20, 0x49, 0x6e, 0x63, 0x2e, 0x00, 0x6a, 0x61, 0x6e, 0x6f, 0x76,
    0x61, 0x20, 0x47, 0x6d, 0x62, 0x48, 0x00, 0x45, 0x62, 0x65, 0x72, 0x73, 0x70, 0x61, 0x65, 0x63,
    0x68, 0x65, 0x72, 0x20, 0x43, 0x6c, 0x69, 0x6d, 0x61, 0x74, 0x65, 0x20, 0x43, 0x6f, 0x6e, 0x74,
    0x72, 0x6f, 0x6c, 0x20, 0x53, 0x79, 0x73, 0x74, 0x65, 0x6d, 0x73, 0x20, 0x47, 0x6d, 0x62, 0x48,
    0x00, 0x52, 0x61, 0x63, 0x6b, 0x65, 0x74, 0x72, 0x79, 0x2c, 0x20, 0x64, 0x2e, 0x20, 0x6f, 0x2e,
    0x20, 0x6f, 0x2e, 0x00, 0x54, 0x48, 0x45, 0x20, 0x45, 0x45, 0x4c, 0x45, 0x43, 0x54, 0x52, 0x49,
    0x43, 0x20, 0x4d, 0x41, 0x43, 0x41, 0x52, 0x4f, 0x4e, 0x20, 0x4c, 0x4c, 0x43, 0x00, 0x43, 0x75,
    0x63, 0x75, 0x6d, 0x62, 0x65, 0x72, 0x20, 0x4c, 0x69, 0x67, 0x68, 0x74, 0x69, 0x6e, 0x67, 0x20,
    0x43, 0x6f, 0x6e, 0x74, 0x72, 0x6f, 0x6c, 0x73, 0x20, 0x4c, 0x69, 0x6d, 0x69, 0x74, 0x65, 0x64,
    0x00, 0x73, 0x65, 0x63, 0x61, 0x20, 0x47, 0x6d, 0x62, 0x48, 0x20, 0x26, 0x20, 0x43, 0x6f, 0x2e,
    0x20, 0x4b, 0x47, 0x00, 0x41, 0x6d, 0x65, 0x73, 0x6f, 0x20, 0x54, 0x65, 0x63, 0x68, 0x20, 0x28,
    0x4f, 0x50, 0x43, 0x29, 0x20, 0x50, 0x72, 0x69, 0x76, 0x61, 0x74, 0x65, 0x20, 0x4c, 0x69, 0x6d,
    0x69, 0x74, 0x65, 0x64, 0x00, 0x45, 0x6d, 0x6c, 0x69, 0x64, 0x20, 0x54, 0x65, 0x63, 0x68, 0x20,
    0x4b, 0x66, 0x74, 0x2e, 0x00, 0x50, 0x72, 0x69, 0x63, 0x65, 0x72, 0x20, 0x41, 0x42, 0x00, 0x46,
    0x6f, 0x72, 0x77, 0x61, 0x72, 0x64, 0x20, 0x54, 0x68, 0x69, 0x6e, 0x6b, 0x69, 0x6e, 0x67, 0x20,
    0x53, 0x79, 0x73, 0x74, 0x65, 0x6d, 0x73, 0x20, 0x4c, 0x4c, 0x43, 0x2e, 0x00, 0x47, 0x61, 0x72,
    0x6e, 0x65, 0x74, 0x20, 0x49, 0x6e, 0x73, 0x74, 0x72, 0x75, 0x6d, 0x65, 0x6e, 0x74, 0x73, 0x20,
    0x4c, 0x74, 0x64, 0x2e, 0x00, 0x43, 0x4c, 0x45, 0x49, 0x4f, 0x20, 0x49, 0x6e, 0x63, 0x2e, 0x00,
    0x41, 0x6e, 0x6b, 0x65, 0x72, 0x20, 0x49, 0x6e, 0x6e, 0x6f, 0x76, 0x61, 0x74, 0x69, 0x6f, 0x6e,
    0x73, 0x20, 0x4c, 0x69, 0x6d, 0x69, 0x74, 0x65, 0x64, 0x00, 0x48, 0x4d, 0x44, 0x20, 0x47, 0x6c,
    0x6f, 0x62, 0x61, 0x6c, 0x20, 0x4f, 0x79, 0x00, 0x41, 0x42, 0x55, 0x53, 0x20, 0x41, 0x75, 0x67,
    0x75, 0x73, 0x74, 0x20, 0x42, 0x72, 0x65, 0x6d, 0x69, 0x63, 0x6b, 0x65, 0x72, 0x20, 0x53, 0x6f,
    0x65, 0x68, 0x6e, 0x65, 0x20, 0x4b, 0x6f, 0x6d, 0x6d, 0x61, 0x6e, 0x64, 0x69, 0x74, 0x67, 0x65,
    0x73, 0x65, 0x6c, 0x6c, 0x73, 0x63, 0x68, 0x61, 0x66, 0x74, 0x00, 0x4f, 0x70, 0x65, 0x6e, 0x20,
    0x52, 0x6f, 0x61, 0x64, 0x20, 0x53, 0x6f, 0x6c, 0x75, 0x74, 0x69, 0x6f, 0x6e, 0x73, 0x2c, 0x20,
    0x49, 0x6e, 0x63, 0x2e, 0x00, 0x53, 0x65, 0x72, 0x69, 0x61, 0x6c, 0x20, 0x54, 0x65, 0x63, 0x68,
    0x6e, 0x6f, 0x6c, 0x6f, 0x67, 0x79, 0x20, 0x43, 0x6f, 0x72, 0x70, 0x6f, 0x72, 0x61, 0x74, 0x69,
    0x6f, 0x6e, 0x00, 0x53, 0x42, 0x20, 0x43, 0x26, 0x53, 0x20, 0x43, 0x6f, 0x72, 0x70, 0x2e, 0x00,
    0x54, 0x72, 0x69, 0x6b, 0x54, 0x68, 0x6f, 0x6d, 0x00, 0x49, 0x6e, 0x6e, 0x6f, 0x63, 0x65, 0x6e,
    0x74, 0x20, 0x54, 0x65, 0x63, 0x68, 0x6e, 0x6f, 0x6c, 0x6f, 0x67, 0x79, 0x20, 0x43, 0x6f, 0x2e,
    0x2c, 0x20, 0x4c, 0x74, 0x64, 0x2e, 0x00, 0x43, 0x79, 0x63, 0x6c, 0x6f, 0x70, 0x73, 0x20, 0x4d,
    0x61, 0x72, 0x69, 0x6e, 0x65, 0x20, 0x4c, 0x74, 0x64, 0x00, 0x4e, 0x4f, 0x54, 0x48, 0x49, 0x4e,
    0x47, 0x20, 0x54, 0x45, 0x43, 0x48, 0x4e, 0x4f, 0x4c, 0x4f, 0x47, 0x59, 0x20, 0x4c, 0x49, 0x4d,
    0x49, 0x54, 0x45, 0x44, 0x00, 0x4b, 0x6f, 0x72, 0x64, 0x20, 0x44, 0x65, 0x66, 0x65, 0x6e, 0x63,
    0x65, 0x20, 0x50, 0x74, 0x79, 0x20, 0x4c, 0x74, 0x64, 0x00, 0x59, 0x61, 0x6e, 0x46, 0x65, 0x6e,
    0x67, 0x20, 0x56, 0x69, 0x73, 0x74, 0x65, 0x6f, 0x6e, 0x28, 0x43, 0x68, 0x6f, 0x6e, 0x67, 0x71,
    0x69, 0x6e, 0x67, 0x29, 0x20, 0x41, 0x75, 0x74, 0x6f, 0x6d, 0x6f, 0x74, 0x69, 0x76, 0x65, 0x20,
    0x45, 0x6c, 0x65, 0x63, 0x74, 0x72, 0x6f, 0x6e, 0x69, 0x63, 0x20, 0x43, 0x6f, 0x2e, 0x2c, 0x4c,
    0x74, 0x64, 0x00, 0x53, 0x45, 0x4e, 0x4f, 0x53, 0x50, 0x41, 0x43, 0x45, 0x20, 0x4c, 0x4c, 0x43,
    0x00, 0x53, 0x68, 0x65, 0x6e, 0x7a, 0x68, 0x65, 0x6e, 0x20, 0x43, 0x45, 0x53, 0x49, 0x20, 0x49,
    0x6e, 0x66, 0x6f, 0x72, 0x6d, 0x61, 0x74, 0x69, 0x6f, 0x6e, 0x20, 0x54, 0x65, 0x63, 0x68, 0x6e,
    0x6f, 0x6c, 0x6f, 0x67, 0x79, 0x20, 0x43, 0x6f, 0x2e, 0x2c, 0x20, 0x4c, 0x74, 0x64, 0x2e, 0x00,
    0x4d, 0x6f, 0x6f, 0x72, 0x65, 0x53, 0x69, 0x6c, 0x69, 0x63, 0x6f, 0x6e, 0x20, 0x53, 0x65, 0x6d,
    0x69, 0x63, 0x6f, 0x6e, 0x64, 0x75, 0x63, 0x74, 0x6f, 0x72, 0x20, 0x54, 0x65, 0x63, 0x68, 0x6e,
    0x6f, 0x6c, 0x6f, 0x67, 0x79, 0x20, 0x28, 0x53, 0x68, 0x61, 0x6e, 0x67, 0x68, 0x61, 0x69, 0x29,
    0x20, 0x43, 0x6f, 0x2e, 0x2c, 0x20, 0x4c, 0x54, 0x44, 0x2e, 0x00, 0x49, 0x6d, 0x61, 0x67, 0x69,
    0x6e, 0x65, 0x20, 0x4d, 0x61, 0x72, 0x6b, 0x65, 0x74, 0x69, 0x6e, 0x67, 0x20, 0x4c, 0x69, 0x6d,
    0x69, 0x74, 0x65, 0x64, 0x00, 0x45, 0x51, 0x4f, 0x4d, 0x20, 0x53, 0x53, 0x43, 0x20, 0x42, 0x2e,
    0x56, 0x2e, 0x00, 0x54, 0x65, 0x63, 0x68, 0x53, 0x77, 0x69, 0x70, 0x65, 0x00, 0x52, 0x65, 0x6f,
    0x71, 0x6f, 0x6f, 0x20, 0x49, 0x6f, 0x54, 0x20, 0x54, 0x65, 0x63, 0x68, 0x6e, 0x6f, 0x6c, 0x6f,
    0x67, 0x79, 0x20, 0x43, 0x6f, 0x2e, 0x2c, 0x20, 0x4c, 0x74, 0x64, 0x2e, 0x00, 0x4e, 0x75, 0x6d,
    0x61, 0x20, 0x50, 0x72, 0x6f, 0x64, 0x75, 0x63, 0x74, 0x73, 0x2c, 0x20, 0x4c, 0x4c, 0x43, 0x00,
    0x48, 0x48, 0x4f, 0x20, 0x28, 0x48, 0x61, 0x6e, 0x67, 0x7a, 0x68, 0x6f, 0x75, 0x29, 0x20, 0x44,
    0x69, 0x67, 0x69, 0x74, 0x61, 0x6c, 0x20, 0x54, 0x65, 0x63, 0x68, 0x6e, 0x6f, 0x6c, 0x6f, 0x67,
    0x79, 0x20, 0x43, 0x6f, 0x2e, 0x2c, 0x20, 0x4c, 0x74, 0x64, 0x2e, 0x00, 0x4d, 0x61, 0x7a, 0x74,
    0x65, 0x63, 0x68, 0x20, 0x49, 0x6e, 0x64, 0x75, 0x73, 0x74, 0x72, 0x69, 0x65, 0x73, 0x2c, 0x20,
    0x4c, 0x4c, 0x43, 0x00, 0x53, 0x49, 0x41, 0x20, 0x4d, 0x65, 0x73, 0x68, 0x20, 0x47, 0x72, 0x6f,
    0x75, 0x70, 0x00, 0x4d, 0x69, 0x6e, 0x61, 0x6d, 0x69, 0x20, 0x61, 0x63, 0x6f, 0x75, 0x73, 0x74,
    0x69, 0x63, 0x73, 0x20, 0x4c, 0x69, 0x6d, 0x69, 0x74, 0x65, 0x64, 0x00, 0x57, 0x6f, 0x6c, 0x66,
    0x20, 0x53, 0x74, 0x65, 0x65, 0x6c, 0x20, 0x6c, 0x74, 0x64, 0x00, 0x43, 0x69, 0x72, 0x63, 0x75,
    0x73, 0x20, 0x57, 0x6f, 0x72, 0x6c, 0x64, 0x20, 0x44, 0x69, 0x73, 0x70, 0x6c, 0x61, 0x79, 0x73,
    0x20, 0x4c, 0x69, 0x6d, 0x69, 0x74, 0x65, 0x64, 0x00, 0x59, 0x70, 0x73, 0x6f, 0x6d, 0x65, 0x64,
    0x20, 0x41, 0x47, 0x00, 0x41, 0x6c, 0x69, 0x66, 0x20, 0x53, 0x65, 0x6d, 0x69, 0x63, 0x6f, 0x6e,
    0x64, 0x75, 0x63, 0x74, 0x6f, 0x72, 0x2c, 0x20, 0x49, 0x6e, 0x63, 0x2e, 0x00, 0x53, 0x48, 0x45,
    0x4e, 0x5a, 0x48, 0x45, 0x4e, 0x20, 0x43, 0x48, 0x45, 0x4e, 0x59, 0x55, 0x4e, 0x20, 0x45, 0x4c,
    0x45, 0x43, 0x54, 0x52, 0x4f, 0x4e, 0x49, 0x43, 0x53, 0x20, 0x20, 0x43, 0x4f, 0x2e, 0x2c, 0x20,
    0x4c, 0x54, 0x44, 0x00, 0x56, 0x4f, 0x44, 0x41, 0x4c, 0x4f, 0x47, 0x49, 0x43, 0x20, 0x50, 0x54,
    0x59, 0x20, 0x4c, 0x54, 0x44, 0x00, 0x52, 0x65, 0x67, 0x61, 0x6c, 0x20, 0x42, 0x65, 0x6c, 0x6f,
    0x69, 0x74, 0x20, 0x41, 0x6d, 0x65, 0x72, 0x69, 0x63, 0x61, 0x2c, 0x20, 0x49, 0x6e, 0x63, 0x2e,
    0x00, 0x43, 0x4f, 0x52, 0x56, 0x45, 0x4e, 0x54, 0x20, 0x4d, 0x45, 0x44, 0x49, 0x43, 0x41, 0x4c,
    0x2c, 0x20, 0x49, 0x4e, 0x43, 0x2e, 0x00, 0x54, 0x61, 0x69, 0x77, 0x61, 0x6e, 0x20, 0x46, 0x75,
    0x68, 0x73, 0x69, 0x6e, 0x67, 0x00, 0x4f, 0x66, 0x66, 0x2d, 0x48, 0x69, 0x67, 0x68, 0x77, 0x61,
    0x79, 0x20, 0x50, 0x6f, 0x77, 0x65, 0x72, 0x74, 0x72, 0x61, 0x69, 0x6e, 0x20, 0x53, 0x65, 0x72,
    0x76, 0x69, 0x63, 0x65, 0x73, 0x20, 0x47, 0x65, 0x72, 0x6d, 0x61, 0x6e, 0x79, 0x20, 0x47, 0x6d,
    0x62, 0x48, 0x00, 0x41, 0x6d, 0x69, 0x6e, 0x61, 0x20, 0x44, 0x69, 0x73, 0x74, 0x72, 0x69, 0x62,
    0x75, 0x74, 0x69, 0x6f, 0x6e, 0x20, 0x41, 0x53, 0x00, 0x6d, 0x77, 0x43, 0x6f, 0x6e, 0x6e, 0x65,
    0x63, 0x74, 0x00, 0x54, 0x41, 0x47, 0x20, 0x48, 0x45, 0x55, 0x45, 0x52, 0x20, 0x53, 0x41, 0x00,
    0x44, 0x6f, 0x6e, 0x67, 0x67, 0x75, 0x61, 0x6e, 0x20, 0x59, 0x6f, 0x75, 0x67, 0x6f, 0x20, 0x45,
    0x6c, 0x65, 0x63, 0x74, 0x72, 0x6f, 0x6e, 0x69, 0x63, 0x73, 0x20, 0x43, 0x6f, 0x2e, 0x2c, 0x4c,
    0x74, 0x64, 0x2e, 0x00, 0x50, 0x45, 0x41, 0x47, 0x2c, 0x20, 0x4c, 0x4c, 0x43, 0x20, 0x64, 0x62,
    0x61, 0x20, 0x4a, 0x4c, 0x61, 0x62, 0x20, 0x41, 0x75, 0x64, 0x69, 0x6f, 0x00, 0x48, 0x41, 0x59,
    0x57, 0x41, 0x52, 0x44, 0x20, 0x49, 0x4e, 0x44, 0x55, 0x53, 0x54, 0x52, 0x49, 0x45, 0x53, 0x2c,
    0x20, 0x49, 0x4e, 0x43, 0x2e, 0x00, 0x53, 0x68, 0x65, 0x6e, 0x7a, 0x68, 0x65, 0x6e, 0x20, 0x54,
    0x69, 0x6e, 0x67, 0x74, 0x69, 0x6e, 0x67, 0x20, 0x54, 0x65, 0x63, 0x68, 0x6e, 0x6f, 0x6c, 0x6f,
    0x67, 0x79, 0x20, 0x43, 0x6f, 0x2e, 0x20, 0x4c, 0x54, 0x44, 0x00, 0x50, 0x61, 0x63, 0x69, 0x66,
    0x69, 0x63, 0x20, 0x43, 0x6f, 0x61, 0x73, 0x74, 0x20, 0x46, 0x69, 0x73, 0x68, 0x65, 0x72, 0x79,
    0x20, 0x53, 0x65, 0x72, 0x76, 0x69, 0x63, 0x65, 0x73, 0x20, 0x28, 0x32, 0x30, 0x30, 0x33, 0x29,
    0x20, 0x49, 0x6e, 0x63, 0x2e, 0x00, 0x43, 0x56, 0x2e, 0x20, 0x4e, 0x55, 0x52, 0x49, 0x20, 0x54,
    0x45, 0x4b, 0x4e, 0x49, 0x4b, 0x00, 0x4d, 0x61, 0x64, 0x67, 0x65, 0x54, 0x65, 0x63, 0x68, 0x2c,
    0x20, 0x49, 0x6e, 0x63, 0x00, 0x50, 0x4f, 0x47, 0x53, 0x20, 0x42, 0x2e, 0x56, 0x2e, 0x00, 0x54,
    0x48, 0x4f, 0x54, 0x41, 0x4b, 0x41, 0x20, 0x54, 0x45, 0x4b, 0x48, 0x4e, 0x4f, 0x4c, 0x4f, 0x47,
    0x49, 0x45, 0x53, 0x20, 0x49, 0x4e, 0x44, 0x49, 0x41, 0x20, 0x50, 0x52, 0x49, 0x56, 0x41, 0x54,
    0x45, 0x20, 0x4c, 0x49, 0x4d, 0x49, 0x54, 0x45, 0x44, 0x00, 0x4d, 0x69, 0x64, 0x6d, 0x61, 0x72,
    0x6b, 0x00, 0x52, 0x61, 0x64, 0x69, 0x6f, 0x20, 0x53, 0x6f, 0x75, 0x6e, 0x64, 0x00, 0x53, 0x4f,
    0x4c, 0x55, 0x58, 0x20, 0x50, 0x54, 0x59, 0x20, 0x4c, 0x54, 0x44, 0x00, 0x42, 0x4f, 0x53, 0x20,
    0x42, 0x61, 0x6c, 0x61, 0x6e, 0x63, 0x65, 0x20, 0x6f, 0x66, 0x20, 0x53, 0x74, 0x6f, 0x72, 0x61,
    0x67, 0x65, 0x20, 0x53, 0x79, 0x73, 0x74, 0x65, 0x6d, 0x73, 0x20, 0x41, 0x47, 0x00, 0x4f, 0x4a,
    0x20, 0x45, 0x6c, 0x65, 0x63, 0x74, 0x72, 0x6f, 0x6e, 0x69, 0x63, 0x73, 0x20, 0x41, 0x2f, 0x53,
    0x00, 0x54, 0x56, 0x53, 0x20, 0x4d, 0x6f, 0x74, 0x6f, 0x72, 0x20, 0x43, 0x6f, 0x6d, 0x70, 0x61,
    0x6e, 0x79, 0x20, 0x4c, 0x74, 0x64, 0x2e, 0x00, 0x63, 0x6f, 0x72, 0x65, 0x20, 0x73, 0x65, 0x6e,
    0x73, 0x69, 0x6e, 0x67, 0x20, 0x47, 0x6d, 0x62, 0x48, 0x00, 0x54, 0x61, 0x6d, 0x62, 0x6c, 0x75,
    0x65, 0x20, 0x4f, 0x79, 0x00, 0x50, 0x72, 0x6f, 0x74, 0x65, 0x63, 0x74, 0x20, 0x41, 0x6e, 0x69,
    0x6d, 0x61, 0x6c, 0x73, 0x20, 0x57, 0x69, 0x74, 0x68, 0x20, 0x53, 0x61, 0x74, 0x65, 0x6c, 0x6c,
    0x69, 0x74, 0x65, 0x73, 0x20, 0x4c, 0x4c, 0x43, 0x00, 0x54, 0x79, 0x72, 0x6f, 0x6d, 0x6f, 0x74,
    0x69, 0x6f, 0x6e, 0x20, 0x47, 0x6d, 0x62, 0x48, 0x00, 0x45, 0x6c, 0x65, 0x63, 0x74, 0x72, 0x6f,
    0x6e, 0x58, 0x20, 0x64, 0x65, 0x73, 0x69, 0x67, 0x6e, 0x00, 0x54, 0x68, 0x75, 0x6c, 0x65, 0x20,
    0x47, 0x72, 0x6f, 0x75, 0x70, 0x20, 0x41, 0x42, 0x00, 0x4b, 0x45, 0x45, 0x50, 0x45, 0x4e, 0x00,
    0x52, 0x6f, 0x63, 0x6b, 0x79, 0x20, 0x4d, 0x6f, 0x75, 0x6e, 0x74, 0x61, 0x69, 0x6e, 0x20, 0x41,
    0x54, 0x56, 0x2f, 0x4d, 0x43, 0x20, 0x4a, 0x61, 0x6b, 0x65, 0x20, 0x57, 0x69, 0x6c, 0x73, 0x6f,
    0x6e, 0x00, 0x4d, 0x61, 0x6b, 0x75, 0x53, 0x61, 0x66, 0x65, 0x20, 0x43, 0x6f, 0x72, 0x70, 0x00,
    0x42, 0x61, 0x72, 0x74, 0x65, 0x63, 0x20, 0x41, 0x75, 0x74, 0x6f, 0x20, 0x49, 0x64, 0x20, 0x4c,
    0x74, 0x64, 0x00, 0x45, 0x6e, 0x65, 0x72, 0x67, 0x79, 0x20, 0x54, 0x65, 0x63, 0x68, 0x6e, 0x6f,
    0x6c, 0x6f, 0x67, 0x79, 0x20, 0x61, 0x6e, 0x64, 0x20, 0x43, 0x6f, 0x6e, 0x74, 0x72, 0x6f, 0x6c,
    0x20, 0x4c, 0x69, 0x6d, 0x69, 0x74, 0x65, 0x64, 0x00, 0x64, 0x6f, 0x75, 0x62, 0x6c, 0x65, 0x4f,
    0x20, 0x43, 0x6f, 0x2e, 0x2c, 0x20, 0x4c, 0x74, 0x64, 0x2e, 0x00, 0x44, 0x61, 0x74, 0x61, 0x6c,
    0x6f, 0x67, 0x69, 0x63, 0x20, 0x53, 0x2e, 0x72, 0x2e, 0x6c, 0x2e, 0x00, 0x44, 0x61, 0x74, 0x61,
    0x6c, 0x6f, 0x67, 0x69, 0x63, 0x20, 0x55, 0x53, 0x41, 0x2c, 0x20, 0x49, 0x6e, 0x63, 0x2e, 0x00,
    0x4c, 0x65, 0x69, 0x63, 0x61, 0x20, 0x47, 0x65, 0x6f, 0x73, 0x79, 0x73, 0x74, 0x65, 0x6d, 0x73,
    0x20, 0x41, 0x47, 0x00, 0x43, 0x41, 0x54, 0x45, 0x59, 0x45, 0x20, 0x43, 0x6f, 0x2e, 0x2c, 0x20,
    0x4c, 0x74, 0x64, 0x2e, 0x00, 0x52, 0x65, 0x73, 0x65, 0x61, 0x72, 0x63, 0x68, 0x20, 0x50, 0x72,
    0x6f, 0x64, 0x75, 0x63, 0x74, 0x73, 0x20, 0x43, 0x6f, 0x72, 0x70, 0x6f, 0x72, 0x61, 0x74, 0x69,
    0x6f, 0x6e, 0x00, 0x50, 0x6c, 0x61, 0x6e, 0x6d, 0x65, 0x63, 0x61, 0x20, 0x4f, 0x79, 0x00, 0x43,
    0x2e, 0x45, 0x64, 0x2e, 0x20, 0x53, 0x63, 0x68, 0x75, 0x6c, 0x74, 0x65, 0x20, 0x47, 0x6d, 0x62,
    0x48, 0x20, 0x5a, 0x79, 0x6c, 0x69, 0x6e, 0x64, 0x65, 0x72, 0x73, 0x63, 0x68, 0x6c, 0x6f, 0x73,
    0x73, 0x66, 0x61, 0x62, 0x72, 0x69, 0x6b, 0x00, 0x50, 0x65, 0x74, 0x56, 0x6f, 0x69, 0x63, 0x65,
    0x20, 0x43, 0x6f, 0x2e, 0x2c, 0x20, 0x4c, 0x74, 0x64, 0x2e, 0x00, 0x54, 0x69, 0x6d, 0x65, 0x62,
    0x69, 0x72, 0x64, 0x73, 0x20, 0x41, 0x75, 0x73, 0x74, 0x72, 0x61, 0x6c, 0x69, 0x61, 0x20, 0x50,
    0x74, 0x79, 0x20, 0x4c, 0x74, 0x64, 0x00, 0x4a, 0x56, 0x43, 0x20, 0x4b, 0x45, 0x4e, 0x57, 0x4f,
    0x4f, 0x44, 0x20, 0x43, 0x6f, 0x72, 0x70, 0x6f, 0x72, 0x61, 0x74, 0x69, 0x6f, 0x6e, 0x00, 0x53,
    0x70, 0x61, 0x72, 0x74, 0x65, 0x6b, 0x20, 0x53, 0x79, 0x73, 0x74, 0x65, 0x6d, 0x73, 0x20, 0x49,
    0x6e, 0x63, 0x2e, 0x00, 0x4d, 0x45, 0x52, 0x52, 0x59, 0x20, 0x45, 0x4c, 0x45, 0x43, 0x54, 0x52,
    0x4f, 0x4e, 0x49, 0x43, 0x53, 0x20, 0x43, 0x4f, 0x2e, 0x2c, 0x20, 0x4c, 0x54, 0x44, 0x2e, 0x00,
    0x4d, 0x65, 0x72, 0x72, 0x79, 0x20, 0x45, 0x6c, 0x65, 0x63, 0x74, 0x72, 0x6f, 0x6e, 0x69, 0x63,
    0x73, 0x20, 0x28, 0x53, 0x29, 0x20, 0x50, 0x74, 0x65, 0x20, 0x4c, 0x74, 0x64, 0x00, 0x53, 0x70,
    0x61, 0x72, 0x6b, 0x00, 0x4e, 0x61, 0x74, 0x69, 0x6f, 0x6e, 0x73, 0x20, 0x54, 0x65, 0x63, 0x68,
    0x6e, 0x6f, 0x6c, 0x6f, 0x67, 0x69, 0x65, 0x73, 0x20, 0x49, 0x6e, 0x63, 0x2e, 0x00, 0x41, 0x6b,
    0x69, 0x78, 0x20, 0x53, 0x2e, 0x72, 0x2e, 0x6c, 0x2e, 0x00, 0x42, 0x69, 0x6f, 0x6c, 0x69, 0x62,
    0x65, 0x72, 0x74, 0x79, 0x20, 0x4c, 0x74, 0x64, 0x00, 0x43, 0x2e, 0x47, 0x2e, 0x20, 0x41, 0x69,
    0x72, 0x20, 0x53, 0x79, 0x73, 0x74, 0x65, 0x6d, 0x65, 0x73, 0x20, 0x49, 0x6e, 0x63, 0x2e, 0x00,
    0x4d, 0x61, 0x74, 0x75, 0x72, 0x69, 0x78, 0x20, 0x41, 0x70, 0x53, 0x00, 0x52, 0x41, 0x43, 0x48,
    0x49, 0x4f, 0x2c, 0x20, 0x49, 0x4e, 0x43, 0x2e, 0x00, 0x4c, 0x49, 0x4d, 0x42, 0x4f, 0x49, 0x44,
    0x20, 0x4c, 0x4c, 0x43, 0x00, 0x45, 0x6c, 0x65, 0x63, 0x74, 0x72, 0x6f, 0x6e, 0x69, 0x63, 0x73,
    0x34, 0x41, 0x6c, 0x6c, 0x20, 0x49, 0x6e, 0x63, 0x2e, 0x00, 0x46, 0x45, 0x53, 0x54, 0x49, 0x4e,
    0x41, 0x20, 0x4c, 0x4f, 0x54, 0x55, 0x53, 0x20, 0x53, 0x41, 0x00, 0x53, 0x79, 0x6e, 0x6b, 0x6f,
    0x70, 0x69, 0x2c, 0x20, 0x49, 0x6e, 0x63, 0x2e, 0x00, 0x53, 0x43, 0x49, 0x45, 0x4e, 0x54, 0x45,
    0x52, 0x52, 0x41, 0x20, 0x4c, 0x49, 0x4d, 0x49, 0x54, 0x45, 0x44, 0x00, 0x43, 0x65, 0x6e, 0x6e,
    0x6f, 0x78, 0x20, 0x47, 0x72, 0x6f, 0x75, 0x70, 0x20, 0x4c, 0x69, 0x6d, 0x69, 0x74, 0x65, 0x64,
    0x00, 0x43, 0x65, 0x64, 0x61, 0x72, 0x77, 0x61, 0x72, 0x65, 0x2c, 0x20, 0x43, 0x6f, 0x72, 0x70,
    0x2e, 0x00, 0x47, 0x52, 0x45, 0x45, 0x20, 0x45, 0x6c, 0x65, 0x63, 0x74, 0x72, 0x69, 0x63, 0x20,
    0x41, 0x70, 0x70, 0x6c, 0x69, 0x61, 0x6e, 0x63, 0x65, 0x73, 0x2c, 0x20, 0x49, 0x6e, 0x63, 0x2e,
    0x20, 0x6f, 0x66, 0x20, 0x5a, 0x68, 0x75, 0x68, 0x61, 0x69, 0x00, 0x4a, 0x61, 0x70, 0x61, 0x6e,
    0x20, 0x44, 0x69, 0x73, 0x70, 0x6c, 0x61, 0x79, 0x20, 0x49, 0x6e, 0x63, 0x2e, 0x00, 0x53, 0x79,
    0x73, 0x74, 0x65, 0x6d, 0x20, 0x45, 0x6c, 0x69, 0x74, 0x65, 0x20, 0x48, 0x6f, 0x6c, 0x64, 0x69,
    0x6e, 0x67, 0x73, 0x20, 0x47, 0x72, 0x6f, 0x75, 0x70, 0x20, 0x4c, 0x69, 0x6d, 0x69, 0x74, 0x65,
    0x64, 0x00, 0x42, 0x75, 0x72, 0x6b, 0x65, 0x72, 0x74, 0x20, 0x57, 0x65, 0x72, 0x6b, 0x65, 0x20,
    0x47, 0x6d, 0x62, 0x48, 0x20, 0x26, 0x20, 0x43, 0x6f, 0x2e, 0x20, 0x4b, 0x47, 0x00, 0x76, 0x65,
    0x6c, 0x6f, 0x63, 0x69, 0x74, 0x75, 0x78, 0x00, 0x46, 0x55, 0x4a, 0x49, 0x54, 0x53, 0x55, 0x20,
    0x43, 0x4f, 0x4d, 0x50, 0x4f, 0x4e, 0x45, 0x4e, 0x54, 0x20, 0x4c, 0x49, 0x4d, 0x49, 0x54, 0x45,
    0x44, 0x00, 0x4d, 0x49, 0x59, 0x41, 0x4b, 0x41, 0x57, 0x41, 0x20, 0x45, 0x4c, 0x45, 0x43, 0x54,
    0x52, 0x49, 0x43, 0x20, 0x57, 0x4f, 0x52, 0x4b, 0x53, 0x20, 0x4c, 0x54, 0x44, 0x2e, 0x00, 0x50,
    0x68, 0x79, 0x73, 0x69, 0x6f, 0x4c, 0x6f, 0x67, 0x69, 0x63, 0x20, 0x44, 0x65, 0x76, 0x69, 0x63,
    0x65, 0x73, 0x2c, 0x20, 0x49, 0x6e, 0x63, 0x2e, 0x00, 0x53, 0x65, 0x6e, 0x73, 0x6f, 0x72, 0x79,
    0x78, 0x20, 0x41, 0x47, 0x00, 0x53, 0x49, 0x4c, 0x20, 0x53, 0x79, 0x73, 0x74, 0x65, 0x6d, 0x20,
    0x49, 0x6e, 0x74, 0x65, 0x67, 0x72, 0x61, 0x74, 0x69, 0x6f, 0x6e, 0x20, 0x4c, 0x61, 0x62, 0x6f,
    0x72, 0x61, 0x74, 0x6f, 0x72, 0x79, 0x20, 0x47, 0x6d, 0x62, 0x48, 0x00, 0x43, 0x6f, 0x6f, 0x6c,
    0x65, 0x72, 0x20, 0x50, 0x72, 0x6f, 0x2c, 0x20, 0x4c, 0x4c, 0x43, 0x00, 0x41, 0x64, 0x76, 0x61,
    0x6e, 0x63, 0x65, 0x64, 0x20, 0x45, 0x6c, 0x65, 0x63, 0x74, 0x72, 0x6f, 0x6e, 0x69, 0x63, 0x20,
    0x41, 0x70, 0x70, 0x6c, 0x69, 0x63, 0x61, 0x74, 0x69, 0x6f, 0x6e, 0x73, 0x2c, 0x20, 0x49, 0x6e,
    0x63, 0x00, 0x44, 0x65, 0x6c, 0x74, 0x61, 0x20, 0x44, 0x65, 0x76, 0x65, 0x6c, 0x6f, 0x70, 0x6d,
    0x65, 0x6e, 0x74, 0x20, 0x54, 0x65, 0x61, 0x6d, 0x2c, 0x20, 0x49, 0x6e, 0x63, 0x00, 0x4c, 0x61,
    0x78, 0x6d, 0x69, 0x20, 0x54, 0x68, 0x65, 0x72, 0x61, 0x70, 0x65, 0x75, 0x74, 0x69, 0x63, 0x20,
    0x44, 0x65, 0x76, 0x69, 0x63, 0x65, 0x73, 0x2c, 0x20, 0x49, 0x6e, 0x63, 0x2e, 0x00, 0x53, 0x59,
    0x4e, 0x43, 0x48, 0x52, 0x4f, 0x4e, 0x2c, 0x20, 0x49, 0x4e, 0x43, 0x2e, 0x00, 0x42, 0x61, 0x64,
    0x67, 0x65, 0x72, 0x20, 0x4d, 0x65, 0x74, 0x65, 0x72, 0x00, 0x4d, 0x69, 0x63, 0x72, 0x6f, 0x70,
    0x6f, 0x77, 0x65, 0x72, 0x20, 0x47, 0x72, 0x6f, 0x75, 0x70, 0x20, 0x41, 0x42, 0x00, 0x5a, 0x49,
    0x4c, 0x4c, 0x49, 0x4f, 0x54, 0x20, 0x54, 0x45, 0x43, 0x48, 0x4e, 0x4f, 0x4c, 0x4f, 0x47, 0x49,
    0x45, 0x53, 0x20, 0x50, 0x52, 0x49, 0x56, 0x41, 0x54, 0x45, 0x20, 0x4c, 0x49, 0x4d, 0x49, 0x54,
    0x45, 0x44, 0x00, 0x55, 0x6e, 0x69, 0x76, 0x65, 0x72, 0x73, 0x69, 0x64, 0x61, 0x64, 0x20, 0x50,
    0x6f, 0x6c, 0x69, 0x74, 0x65, 0x63, 0x6e, 0x69, 0x63, 0x61, 0x20, 0x64, 0x65, 0x20, 0x4d, 0x61,
    0x64, 0x72, 0x69, 0x64, 0x00, 0x58, 0x49, 0x48, 0x41, 0x4f, 0x20, 0x49, 0x4e, 0x54, 0x45, 0x4c,
    0x4c, 0x49, 0x47, 0x45, 0x4e, 0x47, 0x54, 0x20, 0x54, 0x45, 0x43, 0x48, 0x4e, 0x4f, 0x4c, 0x4f,
    0x47, 0x59, 0x20, 0x43, 0x4f, 0x2e, 0x2c, 0x20, 0x4c, 0x54, 0x44, 0x00, 0x5a, 0x65, 0x72, 0x65,
    0x6e, 0x65, 0x20, 0x49, 0x6e, 0x63, 0x2e, 0x00, 0x43, 0x79, 0x63, 0x4c, 0x6f, 0x63, 0x6b, 0x00,
    0x46, 0x72, 0x6f, 0x73, 0x74, 0x20, 0x53, 0x6f, 0x6c, 0x75, 0x74, 0x69, 0x6f, 0x6e, 0x73, 0x2c,
    0x20, 0x4c, 0x4c, 0x43, 0x00, 0x4c, 0x6f, 0x6e, 0x65, 0x20, 0x53, 0x74, 0x61, 0x72, 0x20, 0x4d,
    0x61, 0x72, 0x69, 0x6e, 0x65, 0x20, 0x50, 0x74, 0x79, 0x20, 0x4c, 0x74, 0x64, 0x00, 0x53, 0x49,
    0x52, 0x4f, 0x4e, 0x41, 0x20, 0x44, 0x65, 0x6e, 0x74, 0x61, 0x6c, 0x20, 0x53, 0x79, 0x73, 0x74,
    0x65, 0x6d, 0x73, 0x20, 0x47, 0x6d, 0x62, 0x48, 0x00, 0x62, 0x48, 0x61, 0x70, 0x74, 0x69, 0x63,
    0x73, 0x20, 0x49, 0x6e, 0x63, 0x2e, 0x00, 0x4c, 0x55, 0x4d, 0x49, 0x4e, 0x4f, 0x41, 0x48, 0x2c,
    0x20, 0x49, 0x4e, 0x43, 0x2e, 0x00, 0x56, 0x6f, 0x67, 0x65, 0x6c, 0x73, 0x20, 0x50, 0x72, 0x6f,
    0x64, 0x75, 0x63, 0x74, 0x73, 0x20, 0x42, 0x2e, 0x56, 0x2e, 0x00, 0x53, 0x69, 0x67, 0x6e, 0x61,
    0x6c, 0x46, 0x69, 0x72, 0x65, 0x20, 0x54, 0x65, 0x6c, 0x65, 0x6d, 0x65, 0x74, 0x72, 0x79, 0x2c,
    0x20, 0x49, 0x6e, 0x63, 0x2e, 0x00, 0x43, 0x50, 0x41, 0x43, 0x20, 0x53, 0x79, 0x73, 0x74, 0x65,
    0x6d, 0x73, 0x20, 0x41, 0x42, 0x00, 0x54, 0x45, 0x4b, 0x54, 0x52, 0x4f, 0x20, 0x54, 0x45, 0x43,
    0x48, 0x4e, 0x4f, 0x4c, 0x4f, 0x47, 0x59, 0x20, 0x43, 0x4f, 0x52, 0x50, 0x4f, 0x52, 0x41, 0x54,
    0x49, 0x4f, 0x4e, 0x00, 0x47, 0x6f, 0x73, 0x75, 0x6e, 0x63, 0x6e, 0x20, 0x54, 0x65, 0x63, 0x68,
    0x6e, 0x6f, 0x6c, 0x6f, 0x67, 0x79, 0x20, 0x47, 0x72, 0x6f, 0x75, 0x70, 0x20, 0x43, 0x6f, 0x2e,
    0x2c, 0x20, 0x4c, 0x74, 0x64, 0x2e, 0x00, 0x45, 0x78, 0x20, 0x4d, 0x61, 0x6b, 0x68, 0x69, 0x6e,
    0x61, 0x20, 0x49, 0x6e, 0x63, 0x2e, 0x00, 0x4f, 0x64, 0x65, 0x6f, 0x6e, 0x2c, 0x20, 0x49, 0x6e,
    0x63, 0x2e, 0x00, 0x54, 0x68, 0x61, 0x6c, 0x65, 0x73, 0x20, 0x53, 0x69, 0x6d, 0x75, 0x6c, 0x61,
    0x74, 0x69, 0x6f, 0x6e, 0x20, 0x26, 0x20, 0x54, 0x72, 0x61, 0x69, 0x6e, 0x69, 0x6e, 0x67, 0x20,
    0x41, 0x47, 0x00, 0x53, 0x68, 0x65, 0x6e, 0x7a, 0x68, 0x65, 0x6e, 0x20, 0x44, 0x4f, 0x4b, 0x45,
    0x20, 0x45, 0x6c, 0x65, 0x63, 0x74, 0x72, 0x6f, 0x6e, 0x69, 0x63, 0x20, 0x43, 0x6f, 0x2e, 0x2c,
    0x20, 0x4c, 0x74, 0x64, 0x00, 0x56, 0x65, 0x6d, 0x63, 0x6f, 0x6e, 0x20, 0x47, 0x6d, 0x62, 0x48,
    0x00, 0x52, 0x65, 0x66, 0x72, 0x69, 0x67, 0x65, 0x72, 0x61, 0x74, 0x65, 0x64, 0x20, 0x54, 0x72,
    0x61, 0x6e, 0x73, 0x70, 0x6f, 0x72, 0x74, 0x20, 0x45, 0x6c, 0x65, 0x63, 0x74, 0x72, 0x6f, 0x6e,
    0x69, 0x63, 0x73, 0x2c, 0x20, 0x49, 0x6e, 0x63, 0x2e, 0x00, 0x52, 0x6f, 0x63, 0x6b, 0x70, 0x69,
    0x6c, 0x65, 0x20, 0x53, 0x6f, 0x6c, 0x75, 0x74, 0x69, 0x6f, 0x6e, 0x73, 0x2c, 0x20, 0x4c, 0x4c,
    0x43, 0x00, 0x53, 0x6f, 0x75, 0x6e, 0x64, 0x77, 0x61, 0x76, 0x65, 0x20, 0x48, 0x65, 0x61, 0x72,
    0x69, 0x6e, 0x67, 0x2c, 0x20, 0x4c, 0x4c, 0x43, 0x00, 0x4f, 0x70, 0x74, 0x65, 0x63, 0x2c, 0x20,
    0x4c, 0x4c, 0x43, 0x00, 0x4e, 0x49, 0x4b, 0x41, 0x54, 0x20, 0x53, 0x4f, 0x4c, 0x55, 0x54, 0x49,
    0x4f, 0x4e, 0x53, 0x20, 0x50, 0x52, 0x49, 0x56, 0x41, 0x54, 0x45, 0x20, 0x4c, 0x49, 0x4d, 0x49,
    0x54, 0x45, 0x44, 0x00, 0x4d, 0x6f, 0x76, 0x61, 0x6e, 0x6f, 0x20, 0x49, 0x6e, 0x63, 0x2e, 0x00,
    0x4e, 0x49, 0x4e, 0x47, 0x42, 0x4f, 0x20, 0x46, 0x4f, 0x54, 0x49, 0x4c, 0x45, 0x20, 0x4b, 0x49,
    0x54, 0x43, 0x48, 0x45, 0x4e, 0x57, 0x41, 0x52, 0x45, 0x20, 0x43, 0x4f, 0x2e, 0x2c, 0x20, 0x4c,
    0x54, 0x44, 0x2e, 0x00, 0x47, 0x65, 0x6e, 0x65, 0x74, 0x75, 0x73, 0x20, 0x69, 0x6e, 0x63, 0x2e,
    0x00, 0x44, 0x49, 0x56, 0x41, 0x4e, 0x20, 0x54, 0x52, 0x41, 0x44, 0x49, 0x4e, 0x47, 0x20, 0x43,
    0x4f, 0x2e, 0x2c, 0x20, 0x4c, 0x54, 0x44, 0x2e, 0x00, 0x4c, 0x75, 0x78, 0x6f, 0x74, 0x74, 0x69,
    0x63, 0x61, 0x20, 0x47, 0x72, 0x6f, 0x75, 0x70, 0x20, 0x53, 0x2e, 0x70, 0x2e, 0x41, 0x00, 0x49,
    0x53, 0x45, 0x4b, 0x49, 0x20, 0x46, 0x52, 0x41, 0x4e, 0x43, 0x45, 0x20, 0x53, 0x2e, 0x41, 0x2e,
    0x53, 0x00, 0x4e, 0x4f, 0x20, 0x43, 0x4c, 0x49, 0x4d, 0x42, 0x20, 0x50, 0x52, 0x4f, 0x44, 0x55,
    0x43, 0x54, 0x53, 0x20, 0x4c, 0x54, 0x44, 0x00, 0x57, 0x65, 0x6c, 0x6c, 0x61, 0x6e, 0x67, 0x2e,
    0x43, 0x6f, 0x2c, 0x2e, 0x4c, 0x74, 0x64, 0x00, 0x4e, 0x61, 0x6e, 0x6a, 0x69, 0x6e, 0x67, 0x20,
    0x58, 0x69, 0x6e, 0x78, 0x69, 0x61, 0x6e, 0x67, 0x79, 0x75, 0x61, 0x6e, 0x20, 0x4d, 0x69, 0x63,
    0x72, 0x6f, 0x65, 0x6c, 0x65, 0x63, 0x74, 0x72, 0x6f, 0x6e, 0x69, 0x63, 0x73, 0x20, 0x43, 0x6f,
    0x2e, 0x2c, 0x20, 0x4c, 0x74, 0x64, 0x2e, 0x00, 0x69, 0x66, 0x6d, 0x20, 0x65, 0x6c, 0x65, 0x63,
    0x74, 0x72, 0x6f, 0x6e, 0x69, 0x63, 0x20, 0x67, 0x6d, 0x62, 0x68, 0x00, 0x48, 0x59, 0x55, 0x50,
    0x53, 0x55, 0x4e, 0x47, 0x20, 0x4d, 0x41, 0x43, 0x48, 0x49, 0x4e, 0x45, 0x52, 0x59, 0x20, 0x45,
    0x4c, 0x45, 0x43, 0x54, 0x52, 0x49, 0x43, 0x20, 0x43, 0x4f, 0x2e, 0x2c, 0x20, 0x4c, 0x54, 0x44,
    0x2e, 0x00, 0x47, 0x75, 0x6e, 0x6e, 0x65, 0x62, 0x6f, 0x20, 0x41, 0x6b, 0x74, 0x69, 0x65, 0x62,
    0x6f, 0x6c, 0x61, 0x67, 0x00, 0x41, 0x78, 0x69, 0x73, 0x20, 0x43, 0x6f, 0x6d, 0x6d, 0x75, 0x6e,
    0x69, 0x63, 0x61, 0x74, 0x69, 0x6f, 0x6e, 0x73, 0x20, 0x41, 0x42, 0x00, 0x53, 0x74, 0x6f, 0x67,
    0x67, 0x65, 0x72, 0x20, 0x42, 0x2e, 0x56, 0x2e, 0x00, 0x50, 0x65, 0x6c, 0x6c, 0x61, 0x20, 0x43,
    0x6f, 0x72, 0x70, 0x00, 0x53, 0x69, 0x43, 0x68, 0x75, 0x61, 0x6e, 0x20, 0x48, 0x6f, 0x6d, 0x6d,
    0x65, 0x20, 0x49, 0x6e, 0x74, 0x65, 0x6c, 0x6c, 0x69, 0x67, 0x65, 0x6e, 0x74, 0x20, 0x54, 0x65,
    0x63, 0x68, 0x6e, 0x6f, 0x6c, 0x6f, 0x67, 0x79, 0x20, 0x63, 0x6f, 0x2e, 0x2c, 0x4c, 0x74, 0x64,
    0x2e, 0x00, 0x53, 0x6d, 0x61, 0x72, 0x74, 0x20, 0x50, 0x72, 0x6f, 0x64, 0x75, 0x63, 0x74, 0x73,
    0x20, 0x43, 0x6f, 0x6e, 0x6e, 0x65, 0x63, 0x74, 0x69, 0x6f, 0x6e, 0x2c, 0x20, 0x53, 0x2e, 0x41,
    0x2e, 0x00, 0x46, 0x2e, 0x49, 0x2e, 0x50, 0x2e, 0x20, 0x46, 0x4f, 0x52, 0x4d, 0x41, 0x54, 0x55,
    0x52, 0x41, 0x20, 0x49, 0x4e, 0x49, 0x45, 0x5a, 0x49, 0x4f, 0x4e, 0x45, 0x20, 0x50, 0x4f, 0x4c,
    0x49, 0x4d, 0x45, 0x52, 0x49, 0x20, 0x2d, 0x20, 0x53, 0x2e, 0x50, 0x2e, 0x41, 0x2e, 0x00, 0x4d,
    0x45, 0x42, 0x53, 0x54, 0x45, 0x52, 0x20, 0x73, 0x2e, 0x72, 0x2e, 0x6f, 0x2e, 0x00, 0x53, 0x4b,
    0x46, 0x20, 0x46, 0x72, 0x61, 0x6e, 0x63, 0x65, 0x00, 0x53, 0x6f, 0x75, 0x74, 0x68, 0x63, 0x6f,
    0x00, 0x4d, 0x6f, 0x6c, 0x6e, 0x6c, 0x79, 0x63, 0x6b, 0x65, 0x20, 0x48, 0x65, 0x61, 0x6c, 0x74,
    0x68, 0x20, 0x43, 0x61, 0x72, 0x65, 0x20, 0x41, 0x42, 0x00, 0x48, 0x65, 0x6e, 0x64, 0x72, 0x69,
    0x63, 0x6b, 0x73, 0x6f, 0x6e, 0x20, 0x55, 0x53, 0x41, 0x20, 0x2c, 0x20, 0x4c, 0x2e, 0x4c, 0x2e,
    0x43, 0x00, 0x42, 0x4c, 0x41, 0x43, 0x4b, 0x20, 0x42, 0x4f, 0x58, 0x20, 0x4e, 0x45, 0x54, 0x57,
    0x4f, 0x52, 0x4b, 0x20, 0x53, 0x45, 0x52, 0x56, 0x49, 0x43, 0x45, 0x53, 0x20, 0x49, 0x4e, 0x44,
    0x49, 0x41, 0x20, 0x50, 0x52, 0x49, 0x56, 0x41, 0x54, 0x45, 0x20, 0x4c, 0x49, 0x4d, 0x49, 0x54,
    0x45, 0x44, 0x00, 0x53, 0x74, 0x61, 0x74, 0x75, 0x73, 0x20, 0x41, 0x75, 0x64, 0x69, 0x6f, 0x20,
    0x4c, 0x4c, 0x43, 0x00, 0x41, 0x49, 0x52, 0x20, 0x41, 0x52, 0x4f, 0x4d, 0x41, 0x20, 0x49, 0x4e,
    0x54, 0x45, 0x52, 0x4e, 0x41, 0x54, 0x49, 0x4f, 0x4e, 0x41, 0x4c, 0x20, 0x50, 0x54, 0x59, 0x20,
    0x4c, 0x54, 0x44, 0x00, 0x48, 0x65, 0x6c, 0x67, 0x65, 0x20, 0x4b, 0x61, 0x69, 0x73, 0x65, 0x72,
    0x20, 0x47, 0x6d, 0x62, 0x48, 0x00, 0x43, 0x72, 0x61, 0x6e, 0x65, 0x20, 0x50, 0x61, 0x79, 0x6d,
    0x65, 0x6e, 0x74, 0x20, 0x49, 0x6e, 0x6e, 0x6f, 0x76, 0x61, 0x74, 0x69, 0x6f, 0x6e, 0x73, 0x2c,
    0x20, 0x49, 0x6e, 0x63, 0x2e, 0x00, 0x44, 0x59, 0x4e, 0x41, 0x4d, 0x4f, 0x58, 0x20, 0x53, 0x2f,
    0x41, 0x00, 0x4c, 0x6f, 0x6f, 0x6b, 0x20, 0x43, 0x79, 0x63, 0x6c, 0x65, 0x20, 0x49, 0x6e, 0x74,
    0x65, 0x72, 0x6e, 0x61, 0x74, 0x69, 0x6f, 0x6e, 0x61, 0x6c, 0x00, 0x43, 0x6c, 0x6f, 0x73, 0x65,
    0x64, 0x20, 0x4a, 0x6f, 0x69, 0x6e, 0x74, 0x20, 0x53, 0x74, 0x6f, 0x63, 0x6b, 0x20, 0x43, 0x6f,
    0x6d, 0x70, 0x61, 0x6e, 0x79, 0x20, 0x4e, 0x56, 0x50, 0x20, 0x42, 0x4f, 0x4c, 0x49, 0x44, 0x00,
    0x4b, 0x69, 0x6e, 0x64, 0x68, 0x6f, 0x6d, 0x65, 0x00, 0x4b, 0x69, 0x74, 0x65, 0x72, 0x61, 0x73,
    0x20, 0x49, 0x6e, 0x63, 0x2e, 0x00, 0x45, 0x61, 0x72, 0x66, 0x75, 0x6e, 0x20, 0x54, 0x65, 0x63,
    0x68, 0x6e, 0x6f, 0x6c, 0x6f, 0x67, 0x79, 0x20, 0x28, 0x48, 0x4b, 0x29, 0x20, 0x4c, 0x69, 0x6d,
    0x69, 0x74, 0x65, 0x64, 0x00, 0x69, 0x6f, 0x74, 0x61, 0x20, 0x42, 0x69, 0x6f, 0x73, 0x63, 0x69,
    0x65, 0x6e, 0x63, 0x65, 0x73, 0x2c, 0x20, 0x49, 0x6e, 0x63, 0x2e, 0x00, 0x41, 0x4e, 0x55, 0x4d,
    0x45, 0x20, 0x73, 0x2e, 0x72, 0x2e, 0x6f, 0x2e, 0x00, 0x49, 0x6e, 0x64, 0x69, 0x73, 0x74, 0x69,
    0x6e, 0x67, 0x75, 0x69, 0x73, 0x68, 0x61, 0x62, 0x6c, 0x65, 0x20, 0x46, 0x72, 0x6f, 0x6d, 0x20,
    0x4d, 0x61, 0x67, 0x69, 0x63, 0x2c, 0x20, 0x49, 0x6e, 0x63, 0x2e, 0x00, 0x69, 0x2d, 0x66, 0x6f,
    0x63, 0x75, 0x73, 0x20, 0x43, 0x6f, 0x2e, 0x2c, 0x4c, 0x74, 0x64, 0x00, 0x44, 0x75, 0x61, 0x6c,
    0x4e, 0x65, 0x74, 0x77, 0x6f, 0x72, 0x6b, 0x73, 0x20, 0x53, 0x41, 0x00, 0x4d, 0x49, 0x54, 0x41,
    0x43, 0x48, 0x49, 0x20, 0x43, 0x4f, 0x2e, 0x2c, 0x4c, 0x54, 0x44, 0x2e, 0x00, 0x56, 0x49, 0x56,
    0x49, 0x57, 0x41, 0x52, 0x45, 0x20, 0x4a, 0x41, 0x50, 0x41, 0x4e, 0x2c, 0x20, 0x49, 0x6e, 0x63,
    0x2e, 0x00, 0x58, 0x69, 0x61, 0x6d, 0x65, 0x6e, 0x20, 0x49, 0x6e, 0x74, 0x72, 0x65, 0x74, 0x65,
    0x63, 0x68, 0x20, 0x49, 0x6e, 0x63, 0x2e, 0x00, 0x4d, 0x69, 0x6e, 0x64, 0x4d, 0x61, 0x7a, 0x65,
    0x20, 0x53, 0x41, 0x00, 0x42, 0x65, 0x69, 0x4a, 0x69, 0x6e, 0x67, 0x20, 0x53, 0x6d, 0x61, 0x72,
    0x74, 0x43, 0x68, 0x69, 0x70, 0x20, 0x4d, 0x69, 0x63, 0x72, 0x6f, 0x65, 0x6c, 0x65, 0x63, 0x74,
    0x72, 0x6f, 0x6e, 0x69, 0x63, 0x73, 0x20, 0x54, 0x65, 0x63, 0x68, 0x6e, 0x6f, 0x6c, 0x6f, 0x67,
    0x79, 0x20, 0x43, 0x6f, 0x2e, 0x2c, 0x4c, 0x74, 0x64, 0x00, 0x54, 0x61, 0x69, 0x6b, 0x6f, 0x20,
    0x41, 0x75, 0x64, 0x69, 0x6f, 0x20, 0x42, 0x2e, 0x56, 0x2e, 0x00, 0x44, 0x61, 0x69, 0x68, 0x61,
    0x74, 0x73, 0x75, 0x20, 0x4d, 0x6f, 0x74, 0x6f, 0x72, 0x20, 0x43, 0x6f, 0x2e, 0x2c, 0x20, 0x4c,
    0x74, 0x64, 0x2e, 0x00, 0x4b, 0x6f, 0x6e, 0x6f, 0x76, 0x61, 0x00, 0x47, 0x72, 0x61, 0x76, 0x61,
    0x61, 0x20, 0x42, 0x2e, 0x56, 0x2e, 0x00, 0x42, 0x65, 0x79, 0x65, 0x72, 0x64, 0x79, 0x6e, 0x61,
    0x6d, 0x69, 0x63, 0x20, 0x47, 0x6d, 0x62, 0x48, 0x20, 0x26, 0x20, 0x43, 0x6f, 0x2e, 0x20, 0x4b,
    0x47, 0x00, 0x56, 0x45, 0x4c, 0x43, 0x4f, 0x00, 0x41, 0x54, 0x4c, 0x41, 0x4e, 0x54, 0x49, 0x43,
    0x20, 0x53, 0x4f, 0x43, 0x49, 0x45, 0x54, 0x45, 0x20, 0x46, 0x52, 0x41, 0x4e, 0x43, 0x41, 0x49,
    0x53, 0x45, 0x20, 0x44, 0x45, 0x20, 0x44, 0x45, 0x56, 0x45, 0x4c, 0x4f, 0x50, 0x50, 0x45, 0x4d,
    0x45, 0x4e, 0x54, 0x20, 0x54, 0x48, 0x45, 0x52, 0x4d, 0x49, 0x51, 0x55, 0x45, 0x00, 0x54, 0x65,
    0x73, 0x74, 0x6f, 0x20, 0x53, 0x45, 0x20, 0x26, 0x20, 0x43, 0x6f, 0x2e, 0x20, 0x4b, 0x47, 0x61,
    0x41, 0x00, 0x53, 0x45, 0x57, 0x2d, 0x45, 0x55, 0x52, 0x4f, 0x44, 0x52, 0x49, 0x56, 0x45, 0x20,
    0x47, 0x6d, 0x62, 0x48, 0x20, 0x26, 0x20, 0x43, 0x6f, 0x20, 0x4b, 0x47, 0x00, 0x52, 0x4f, 0x43,
    0x4b, 0x57, 0x45, 0x4c, 0x4c, 0x20, 0x41, 0x55, 0x54, 0x4f, 0x4d, 0x41, 0x54, 0x49, 0x4f, 0x4e,
    0x2c, 0x20, 0x49, 0x4e, 0x43, 0x2e, 0x00, 0x51, 0x75, 0x65, 0x63, 0x74, 0x65, 0x6c, 0x20, 0x57,
    0x69, 0x72, 0x65, 0x6c, 0x65, 0x73, 0x73, 0x20, 0x53, 0x6f, 0x6c, 0x75, 0x74, 0x69, 0x6f, 0x6e,
    0x73, 0x20, 0x43, 0x6f, 0x2e, 0x2c, 0x20, 0x4c, 0x74, 0x64, 0x2e, 0x00, 0x4e, 0x61, 0x6e, 0x6f,
    0x68, 0x65, 0x78, 0x20, 0x43, 0x6f, 0x72, 0x70, 0x00, 0x53, 0x69, 0x6d, 0x70, 0x6c, 0x79, 0x20,
    0x45, 0x6d, 0x62, 0x65, 0x64, 0x64, 0x65, 0x64, 0x20, 0x49, 0x6e, 0x63, 0x2e, 0x00, 0x53, 0x6f,
    0x66, 0x74, 0x77, 0x61, 0x72, 0x65, 0x20, 0x44, 0x65, 0x76, 0x65, 0x6c, 0x6f, 0x70, 0x6d, 0x65,
    0x6e, 0x74, 0x2c, 0x20, 0x4c, 0x4c, 0x43, 0x00, 0x55, 0x6c, 0x74, 0x69, 0x6d, 0x65, 0x61, 0x20,
    0x54, 0x65, 0x63, 0x68, 0x6e, 0x6f, 0x6c, 0x6f, 0x67, 0x79, 0x20, 0x28, 0x53, 0x68, 0x65, 0x6e,
    0x7a, 0x68, 0x65, 0x6e, 0x29, 0x20, 0x4c, 0x69, 0x6d, 0x69, 0x74, 0x65, 0x64, 0x00, 0x52, 0x46,
    0x20, 0x45, 0x6c, 0x65, 0x63, 0x74, 0x72, 0x6f, 0x6e, 0x69, 0x63, 0x73, 0x20, 0x4c, 0x69, 0x6d,
    0x69, 0x74, 0x65, 0x64, 0x00, 0x4f, 0x70, 0x74, 0x69, 0x76, 0x6f, 0x6c, 0x74, 0x20, 0x4c, 0x61,
    0x62, 0x73, 0x2c, 0x20, 0x49, 0x6e, 0x63, 0x2e, 0x00, 0x43, 0x61, 0x6e, 0x6f, 0x6e, 0x20, 0x45,
    0x6c, 0x65, 0x63, 0x74, 0x72, 0x6f, 0x6e, 0x69, 0x63, 0x73, 0x20, 0x49, 0x6e, 0x63, 0x2e, 0x00,
    0x4c, 0x41, 0x41, 0x53, 0x20, 0x41, 0x70, 0x53, 0x00, 0x42, 0x65, 0x61, 0x6d, 0x65, 0x78, 0x20,
    0x4f, 0x79, 0x20, 0x41, 0x62, 0x00, 0x54, 0x41, 0x43, 0x48, 0x49, 0x4b, 0x41, 0x57, 0x41, 0x20,
    0x43, 0x4f, 0x52, 0x50, 0x4f, 0x52, 0x41, 0x54, 0x49, 0x4f, 0x4e, 0x00, 0x48, 0x61, 0x67, 0x65,
    0x72, 0x45, 0x6e, 0x65, 0x72, 0x67, 0x79, 0x20, 0x47, 0x6d, 0x62, 0x48, 0x00, 0x48, 0x75, 0x6e,
    0x74, 0x65, 0x72, 0x20, 0x49, 0x6e, 0x64, 0x75, 0x73, 0x74, 0x72, 0x69, 0x65, 0x73, 0x20, 0x49,
    0x6e, 0x63, 0x6f, 0x72, 0x70, 0x6f, 0x72, 0x61, 0x74, 0x65, 0x64, 0x00, 0x4e, 0x45, 0x4f, 0x4b,
    0x4f, 0x48, 0x4d, 0x20, 0x53, 0x49, 0x53, 0x54, 0x45, 0x4d, 0x41, 0x53, 0x20, 0x45, 0x4c, 0x45,
    0x54, 0x52, 0x4f, 0x4e, 0x49, 0x43, 0x4f, 0x53, 0x20, 0x4c, 0x54, 0x44, 0x41, 0x00, 0x5a, 0x68,
    0x65, 0x6a, 0x69, 0x61, 0x6e, 0x67, 0x20, 0x48, 0x75, 0x61, 0x6e, 0x66, 0x75, 0x20, 0x54, 0x65,
    0x63, 0x68, 0x6e, 0x6f, 0x6c, 0x6f, 0x67, 0x79, 0x20, 0x43, 0x6f, 0x2e, 0x2c, 0x20, 0x4c, 0x54,
    0x44, 0x00, 0x45, 0x2e, 0x46, 0x2e, 0x20, 0x4a, 0x6f, 0x68, 0x6e, 0x73, 0x6f, 0x6e, 0x20, 0x43,
    0x6f, 0x6d, 0x70, 0x61, 0x6e, 0x79, 0x00, 0x43, 0x61, 0x69, 0x72, 0x65, 0x20, 0x49, 0x6e, 0x63,
    0x2e, 0x00, 0x59, 0x65, 0x61, 0x73, 0x6f, 0x75, 0x6e, 0x64, 0x20, 0x28, 0x58, 0x69, 0x61, 0x6d,
    0x65, 0x6e, 0x29, 0x20, 0x48, 0x65, 0x61, 0x72, 0x69, 0x6e, 0x67, 0x20, 0x54, 0x65, 0x63, 0x68,
    0x6e, 0x6f, 0x6c, 0x6f, 0x67, 0x79, 0x20, 0x43, 0x6f, 0x2e, 0x2c, 0x20, 0x4c, 0x74, 0x64, 0x00,
    0x42, 0x6f, 0x78, 0x79, 0x7a, 0x2c, 0x20, 0x49, 0x6e, 0x63, 0x2e, 0x00, 0x53, 0x6b, 0x79, 0x74,
    0x65, 0x63, 0x68, 0x20, 0x43, 0x72, 0x65, 0x61, 0x74, 0x69, 0x6f, 0x6e, 0x73, 0x20, 0x4c, 0x69,
    0x6d, 0x69, 0x74, 0x65, 0x64, 0x00, 0x43, 0x65, 0x61, 0x72, 0x2c, 0x20, 0x49, 0x6e, 0x63, 0x2e,
    0x00, 0x49, 0x6d, 0x70, 0x75, 0x6c, 0x73, 0x65, 0x20, 0x57, 0x65, 0x6c, 0x6c, 0x6e, 0x65, 0x73,
    0x73, 0x20, 0x4c, 0x4c, 0x43, 0x00, 0x4d, 0x4d, 0x4c, 0x20, 0x55, 0x53, 0x2c, 0x20, 0x49, 0x6e,
    0x63, 0x00, 0x53, 0x49, 0x43, 0x4b, 0x20, 0x41, 0x47, 0x00, 0x46, 0x65, 0x6e, 0x20, 0x53, 0x79,
    0x73, 0x74, 0x65, 0x6d, 0x73, 0x20, 0x4c, 0x74, 0x64, 0x2e, 0x00, 0x4b, 0x49, 0x57, 0x49, 0x2e,
    0x4b, 0x49, 0x20, 0x47, 0x6d, 0x62, 0x48, 0x00, 0x41, 0x69, 0x72, 0x67, 0x72, 0x61, 0x66, 0x74,
    0x20, 0x49, 0x6e, 0x63, 0x2e, 0x00, 0x48, 0x50, 0x20, 0x54, 0x75, 0x6e, 0x65, 0x72, 0x73, 0x00,
    0x50, 0x49, 0x58, 0x45, 0x4c, 0x41, 0x20, 0x43, 0x4f, 0x52, 0x50, 0x4f, 0x52, 0x41, 0x54, 0x49,
    0x4f, 0x4e, 0x00, 0x47, 0x65, 0x6e, 0x65, 0x72, 0x61, 0x63, 0x20, 0x43, 0x6f, 0x72, 0x70, 0x6f,
    0x72, 0x61, 0x74, 0x69, 0x6f, 0x6e, 0x00, 0x4e, 0x6f, 0x76, 0x6f, 0x66, 0x65, 0x72, 0x6d, 0x20,
    0x74, 0x6f, 0x72, 0x6d, 0x61, 0x74, 0x69, 0x63, 0x20, 0x47, 0x6d, 0x62, 0x48, 0x00, 0x41, 0x69,
    0x72, 0x77, 0x61, 0x6c, 0x6c, 0x65, 0x74, 0x20, 0x41, 0x70, 0x53, 0x00, 0x49, 0x6e, 0x76, 0x65,
    0x6e, 0x74, 0x72, 0x6f, 0x6e, 0x69, 0x63, 0x73, 0x20, 0x47, 0x6d, 0x62, 0x48, 0x00, 0x53, 0x68,
    0x65, 0x6e, 0x7a, 0x68, 0x65, 0x6e, 0x20, 0x45, 0x42, 0x45, 0x4c, 0x4f, 0x4e, 0x47, 0x20, 0x54,
    0x65, 0x63, 0x68, 0x6e, 0x6f, 0x6c, 0x6f, 0x67, 0x79, 0x20, 0x43, 0x6f, 0x2e, 0x2c, 0x20, 0x4c,
    0x74, 0x64, 0x2e, 0x00, 0x45, 0x66, 0x65, 0x6e, 0x74, 0x6f, 0x00, 0x49, 0x54, 0x41, 0x4c, 0x54,
    0x52, 0x41, 0x43, 0x54, 0x4f, 0x52, 0x20, 0x49, 0x54, 0x4d, 0x20, 0x53, 0x2e, 0x50, 0x2e, 0x41,
    0x2e, 0x00, 0x54, 0x49, 0x54, 0x55, 0x4d, 0x20, 0x41, 0x55, 0x44, 0x49, 0x4f, 0x2c, 0x20, 0x49,
    0x4e, 0x43, 0x2e, 0x00, 0x48, 0x65, 0x78, 0x61, 0x67, 0x6f, 0x6e, 0x20, 0x41, 0x75, 0x72, 0x61,
    0x20, 0x52, 0x65, 0x61, 0x6c, 0x69, 0x74, 0x79, 0x20, 0x41, 0x47, 0x00, 0x49, 0x6e, 0x76, 0x69,
    0x73, 0x61, 0x6c, 0x65, 0x72, 0x74, 0x20, 0x53, 0x6f, 0x6c, 0x75, 0x74, 0x69, 0x6f, 0x6e, 0x73,
    0x2c, 0x20, 0x49, 0x6e, 0x63, 0x2e, 0x00, 0x54, 0x45, 0x4c, 0x45, 0x20, 0x53, 0x79, 0x73, 0x74,
    0x65, 0x6d, 0x20, 0x43, 0x6f, 0x6d, 0x6d, 0x75, 0x6e, 0x69, 0x63, 0x61, 0x74, 0x69, 0x6f, 0x6e,
    0x73, 0x20, 0x50, 0x74, 0x65, 0x2e, 0x20, 0x4c, 0x74, 0x64, 0x2e, 0x00, 0x57, 0x68, 0x69, 0x72,
    0x6c, 0x70, 0x6f, 0x6f, 0x6c, 0x00, 0x53, 0x48, 0x45, 0x4e, 0x5a, 0x48, 0x45, 0x4e, 0x20, 0x52,
    0x45, 0x46, 0x4c, 0x59, 0x49, 0x4e, 0x47, 0x20, 0x45, 0x4c, 0x45, 0x43, 0x54, 0x52, 0x4f, 0x4e,
    0x49, 0x43, 0x20, 0x43, 0x4f, 0x2e, 0x2c, 0x20, 0x4c, 0x54, 0x44, 0x00, 0x46, 0x72, 0x61, 0x6e,
    0x6b, 0x6c, 0x69, 0x6e, 0x20, 0x43, 0x6f, 0x6e, 0x74, 0x72, 0x6f, 0x6c, 0x20, 0x53, 0x79, 0x73,
    0x74, 0x65, 0x6d, 0x73, 0x00, 0x44, 0x6a, 0x75, 0x70, 0x20, 0x41, 0x42, 0x00, 0x53, 0x41, 0x46,
    0x45, 0x47, 0x55, 0x41, 0x52, 0x44, 0x20, 0x45, 0x51, 0x55, 0x49, 0x50, 0x4d, 0x45, 0x4e, 0x54,
    0x2c, 0x20, 0x49, 0x4e, 0x43, 0x2e, 0x00, 0x4d, 0x6f, 0x72, 0x6e, 0x69, 0x6e, 0x67, 0x73, 0x74,
    0x61, 0x72, 0x20, 0x43, 0x6f, 0x72, 0x70, 0x6f, 0x72, 0x61, 0x74, 0x69, 0x6f, 0x6e, 0x00, 0x53,
    0x68, 0x65, 0x6e, 0x7a, 0x68, 0x65, 0x6e, 0x20, 0x43, 0x68, 0x75, 0x61, 0x6e, 0x67, 0x79, 0x75,
    0x61, 0x6e, 0x20, 0x44, 0x69, 0x67, 0x69, 0x74, 0x61, 0x6c, 0x20, 0x54, 0x65, 0x63, 0x68, 0x6e,
    0x6f, 0x6c, 0x6f, 0x67, 0x79, 0x20, 0x43, 0x6f, 0x2e, 0x2c, 0x20, 0x4c, 0x74, 0x64, 0x00, 0x43,
    0x6f, 0x6d, 0x70, 0x61, 0x6e, 0x79, 0x44, 0x65, 0x65, 0x70, 0x20, 0x4c, 0x74, 0x64, 0x00, 0x56,
    0x65, 0x6f, 0x20, 0x54, 0x65, 0x63, 0x68, 0x6e, 0x6f, 0x6c, 0x6f, 0x67, 0x69, 0x65, 0x73, 0x20,
    0x41, 0x70, 0x53, 0x00, 0x4e, 0x65, 0x78, 0x69, 0x73, 0x20, 0x4c, 0x69, 0x6e, 0x6b, 0x20, 0x54,
    0x65, 0x63, 0x68, 0x6e, 0x6f, 0x6c, 0x6f, 0x67, 0x79, 0x20, 0x43, 0x6f, 0x2e, 0x2c, 0x20, 0x4c,
    0x74, 0x64, 0x2e, 0x00, 0x46, 0x65, 0x6c, 0x69, 0x6f, 0x6e, 0x20, 0x54, 0x65, 0x63, 0x68, 0x6e,
    0x6f, 0x6c, 0x6f, 0x67, 0x69, 0x65, 0x73, 0x20, 0x43, 0x6f, 0x6d, 0x70, 0x61, 0x6e, 0x79, 0x20,
    0x4c, 0x69, 0x6d, 0x69, 0x74, 0x65, 0x64, 0x00, 0x4d, 0x41, 0x41, 0x54, 0x45, 0x4c, 0x00, 0x48,
    0x45, 0x4c, 0x4c, 0x41, 0x20, 0x47, 0x6d, 0x62, 0x48, 0x20, 0x26, 0x20, 0x43, 0x6f, 0x2e, 0x20,
    0x4b, 0x47, 0x61, 0x41, 0x00, 0x48, 0x57, 0x4d, 0x2d, 0x57, 0x61, 0x74, 0x65, 0x72, 0x20, 0x4c,
    0x69, 0x6d, 0x69, 0x74, 0x65, 0x64, 0x00, 0x53, 0x68, 0x65, 0x6e, 0x7a, 0x68, 0x65, 0x6e, 0x20,
    0x4a, 0x61, 0x68, 0x70, 0x6f, 0x72, 0x74, 0x20, 0x45, 0x6c, 0x65, 0x63, 0x74, 0x72, 0x6f, 0x6e,
    0x69, 0x63, 0x20, 0x54, 0x65, 0x63, 0x68, 0x6e, 0x6f, 0x6c, 0x6f, 0x67, 0x79, 0x20, 0x43, 0x6f,
    0x2e, 0x2c, 0x20, 0x4c, 0x74, 0x64, 0x2e, 0x00, 0x4e, 0x41, 0x43, 0x48, 0x49, 0x2d, 0x46, 0x55,
    0x4a, 0x49, 0x4b, 0x4f, 0x53, 0x48, 0x49, 0x20, 0x43, 0x4f, 0x52, 0x50, 0x2e, 0x00, 0x43, 0x69,
    0x72, 0x72, 0x75, 0x73, 0x20, 0x52, 0x65, 0x73, 0x65, 0x61, 0x72, 0x63, 0x68, 0x20, 0x70, 0x6c,
    0x63, 0x00, 0x47, 0x45, 0x41, 0x52, 0x42, 0x41, 0x43, 0x20, 0x54, 0x45, 0x43, 0x48, 0x4e, 0x4f,
    0x4c, 0x4f, 0x47, 0x49, 0x45, 0x53, 0x20, 0x49, 0x4e, 0x43, 0x2e, 0x00, 0x48, 0x61, 0x6e, 0x67,
    0x7a, 0x68, 0x6f, 0x75, 0x20, 0x4e, 0x61, 0x74, 0x69, 0x6f, 0x6e, 0x61, 0x6c, 0x43, 0x68, 0x69,
    0x70, 0x20, 0x53, 0x63, 0x69, 0x65, 0x6e, 0x63, 0x65, 0x20, 0x26, 0x20, 0x54, 0x65, 0x63, 0x68,
    0x6e, 0x6f, 0x6c, 0x6f, 0x67, 0x79, 0x20, 0x43, 0x6f, 0x2e, 0x2c, 0x4c, 0x74, 0x64, 0x00, 0x44,
    0x48, 0x4c, 0x00, 0x4c, 0x65, 0x76, 0x69, 0x74, 0x61, 0x00, 0x4d, 0x4f, 0x52, 0x4e, 0x49, 0x4e,
    0x47, 0x53, 0x54, 0x41, 0x52, 0x20, 0x46, 0x58, 0x20, 0x50, 0x54, 0x45, 0x2e, 0x20, 0x4c, 0x54,
    0x44, 0x2e, 0x00, 0x45, 0x54, 0x4f, 0x20, 0x47, 0x52, 0x55, 0x50, 0x50, 0x45, 0x20, 0x54, 0x45,
    0x43, 0x48, 0x4e, 0x4f, 0x4c, 0x4f, 0x47, 0x49, 0x45, 0x53, 0x20, 0x47, 0x6d, 0x62, 0x48, 0x00,
    0x66, 0x61, 0x72, 0x6d, 0x75, 0x6e, 0x69, 0x74, 0x65, 0x64, 0x20, 0x47, 0x6d, 0x62, 0x48, 0x00,
    0x41, 0x70, 0x74, 0x65, 0x6e, 0x65, 0x72, 0x20, 0x4d, 0x65, 0x63, 0x68, 0x61, 0x74, 0x72, 0x6f,
    0x6e, 0x69, 0x63, 0x73, 0x20, 0x50, 0x72, 0x69, 0x76, 0x61, 0x74, 0x65, 0x20, 0x4c, 0x69, 0x6d,
    0x69, 0x74, 0x65, 0x64, 0x00, 0x47, 0x45, 0x4f, 0x50, 0x48, 0x2c, 0x20, 0x4c, 0x4c, 0x43, 0x00,
    0x54, 0x72, 0x6f, 0x74, 0x65, 0x63, 0x20, 0x47, 0x6d, 0x62, 0x48, 0x00, 0x41, 0x73, 0x74, 0x72,
    0x61, 0x20, 0x4c, 0x45, 0x44, 0x20, 0x41, 0x47, 0x00, 0x4e, 0x4f, 0x56, 0x41, 0x46, 0x4f, 0x4e,
    0x20, 0x2d, 0x20, 0x45, 0x6c, 0x65, 0x63, 0x74, 0x72, 0x6f, 0x6d, 0x65, 0x64, 0x69, 0x63, 0x61,
    0x6c, 0x20, 0x64, 0x65, 0x76, 0x69, 0x63, 0x65, 0x73, 0x20, 0x6c, 0x69, 0x6d, 0x69, 0x74, 0x65,
    0x64, 0x20, 0x6c, 0x69, 0x61, 0x62, 0x69, 0x6c, 0x69, 0x74, 0x79, 0x20, 0x63, 0x6f, 0x6d, 0x70,
    0x61, 0x6e, 0x79, 0x00, 0x4b, 0x55, 0x42, 0x55, 0x20, 0x53, 0x4d, 0x41, 0x52, 0x54, 0x20, 0x4c,
    0x49, 0x4d, 0x49, 0x54, 0x45, 0x44, 0x00, 0x45, 0x53, 0x4e, 0x41, 0x48, 0x00, 0x4f, 0x72, 0x61,
    0x6e, 0x67, 0x65, 0x4d, 0x69, 0x63, 0x72, 0x6f, 0x20, 0x4c, 0x69, 0x6d, 0x69, 0x74, 0x65, 0x64,
    0x00, 0x46, 0x72, 0x65, 0x73, 0x68, 0x20, 0x6e, 0x20, 0x52, 0x65, 0x62, 0x65, 0x6c, 0x20, 0x42,
    0x2e, 0x56, 0x2e, 0x00, 0x47, 0x6c, 0x6f, 0x62, 0x61, 0x6c, 0x20, 0x53, 0x61, 0x74, 0x65, 0x6c,
    0x6c, 0x69, 0x74, 0x65, 0x20, 0x45, 0x6e, 0x67, 0x69, 0x6e, 0x65, 0x65, 0x72, 0x69, 0x6e, 0x67,
    0x00, 0x4b, 0x4f, 0x51, 0x4f, 0x4f, 0x4e, 0x20, 0x47, 0x6d, 0x62, 0x48, 0x20, 0x26, 0x20, 0x43,
    0x6f, 0x2e, 0x4b, 0x47, 0x00, 0x42, 0x45, 0x45, 0x50, 0x49, 0x4e, 0x47, 0x53, 0x00, 0x4d, 0x4f,
    0x44, 0x55, 0x4c, 0x41, 0x52, 0x20, 0x4d, 0x45, 0x44, 0x49, 0x43, 0x41, 0x4c, 0x2c, 0x20, 0x49,
    0x4e, 0x43, 0x2e, 0x00, 0x58, 0x69, 0x61, 0x6e, 0x74, 0x20, 0x54, 0x65, 0x63, 0x68, 0x6e, 0x6f,
    0x6c, 0x6f, 0x67, 0x69, 0x65, 0x73, 0x2c, 0x20, 0x49, 0x6e, 0x63, 0x2e, 0x00, 0x53, 0x43, 0x48,
    0x45, 0x4c, 0x4c, 0x20, 0x47, 0x6d, 0x62, 0x48, 0x20, 0x26, 0x20, 0x43, 0x6f, 0x2e, 0x20, 0x4b,
    0x47, 0x00, 0x4d, 0x69, 0x6e, 0x65, 0x62, 0x65, 0x61, 0x20, 0x49, 0x6e, 0x74, 0x65, 0x63, 0x20,
    0x47, 0x6d, 0x62, 0x48, 0x00, 0x4b, 0x41, 0x47, 0x41, 0x20, 0x46, 0x45, 0x49, 0x20, 0x43, 0x6f,
    0x2e, 0x2c, 0x20, 0x4c, 0x74, 0x64, 0x2e, 0x00, 0x41, 0x55, 0x54, 0x48, 0x4f, 0x52, 0x2d, 0x41,
    0x4c, 0x41, 0x52, 0x4d, 0x2c, 0x20, 0x72, 0x61, 0x7a, 0x76, 0x6f, 0x6a, 0x20, 0x69, 0x6e, 0x20,
    0x70, 0x72, 0x6f, 0x64, 0x61, 0x6a, 0x61, 0x20, 0x61, 0x76, 0x74, 0x6f, 0x6d, 0x6f, 0x62, 0x69,
    0x6c, 0x73, 0x6b, 0x69, 0x68, 0x20, 0x73, 0x69, 0x73, 0x74, 0x65, 0x6d, 0x6f, 0x76, 0x20, 0x70,
    0x72, 0x6f, 0x74, 0x69, 0x20, 0x6b, 0x72, 0x61, 0x6a, 0x69, 0x2c, 0x20, 0x64, 0x2e, 0x6f, 0x2e,
    0x6f, 0x2e, 0x00, 0x54, 0x6f, 0x7a, 0x6f, 0x61, 0x20, 0x4c, 0x4c, 0x43, 0x00, 0x53, 0x48, 0x45,
    0x4e, 0x5a, 0x48, 0x45, 0x4e, 0x20, 0x44, 0x4e, 0x53, 0x20, 0x49, 0x4e, 0x44, 0x55, 0x53, 0x54,
    0x52, 0x49, 0x45, 0x53, 0x20, 0x43, 0x4f, 0x2e, 0x2c, 0x20, 0x4c, 0x54, 0x44, 0x2e, 0x00, 0x53,
    0x68, 0x65, 0x6e, 0x7a, 0x68, 0x65, 0x6e, 0x20, 0x4c, 0x75, 0x6e, 0x63, 0x69, 0x20, 0x54, 0x65,
    0x63, 0x68, 0x6e, 0x6f, 0x6c, 0x6f, 0x67, 0x79, 0x20, 0x43, 0x6f, 0x2e, 0x2c, 0x20, 0x4c, 0x74,
    0x64, 0x00, 0x4b, 0x4e, 0x4f, 0x47, 0x20, 0x50, 0x54, 0x59, 0x2e, 0x20, 0x4c, 0x54, 0x44, 0x2e,
    0x00, 0x4f, 0x75, 0x74, 0x73, 0x68, 0x69, 0x6e, 0x79, 0x20, 0x49, 0x6e, 0x64, 0x69, 0x61, 0x20,
    0x50, 0x72, 0x69, 0x76, 0x61, 0x74, 0x65, 0x20, 0x4c, 0x69, 0x6d, 0x69, 0x74, 0x65, 0x64, 0x00,
    0x54, 0x41, 0x4d, 0x41, 0x44, 0x49, 0x43, 0x20, 0x43, 0x6f, 0x2e, 0x2c, 0x20, 0x4c, 0x74, 0x64,
    0x2e, 0x00, 0x53, 0x68, 0x65, 0x6e, 0x7a, 0x68, 0x65, 0x6e, 0x20, 0x4d, 0x4f, 0x44, 0x53, 0x45,
    0x4d, 0x49, 0x20, 0x43, 0x6f, 0x2e, 0x2c, 0x20, 0x4c, 0x74, 0x64, 0x00, 0x45, 0x4d, 0x42, 0x45,
    0x49, 0x4e, 0x54, 0x20, 0x49, 0x4e, 0x43, 0x00, 0x45, 0x68, 0x6f, 0x6e, 0x67, 0x20, 0x54, 0x65,
    0x63, 0x68, 0x6e, 0x6f, 0x6c, 0x6f, 0x67, 0x79, 0x20, 0x43, 0x6f, 0x2e, 0x2c, 0x4c, 0x74, 0x64,
    0x00, 0x44, 0x45, 0x58, 0x41, 0x54, 0x45, 0x4b, 0x20, 0x54, 0x65, 0x63, 0x68, 0x6e, 0x6f, 0x6c,
    0x6f, 0x67, 0x79, 0x20, 0x4c, 0x54, 0x44, 0x00, 0x44, 0x65, 0x6e, 0x64, 0x72, 0x6f, 0x20, 0x54,
    0x65, 0x63, 0x68, 0x6e, 0x6f, 0x6c, 0x6f, 0x67, 0x69, 0x65, 0x73, 0x2c, 0x20, 0x49, 0x6e, 0x63,
    0x2e, 0x00, 0x56, 0x69, 0x76, 0x69, 0x6e, 0x74, 0x2c, 0x20, 0x49, 0x6e, 0x63, 0x2e, 0x00, 0x47,
    0x65, 0x6e, 0x65, 0x72, 0x61, 0x6c, 0x20, 0x4c, 0x61, 0x73, 0x65, 0x72, 0x20, 0x47, 0x6d, 0x62,
    0x48, 0x00, 0x4b, 0x61, 0x74, 0x68, 0x72, 0x65, 0x69, 0x6e, 0x20, 0x53, 0x6f, 0x6c, 0x75, 0x74,
    0x69, 0x6f, 0x6e, 0x73, 0x20, 0x47, 0x6d, 0x62, 0x48, 0x00, 0x46, 0x69, 0x74, 0x7a, 0x20, 0x49,
    0x6e, 0x63, 0x2e, 0x00, 0x41, 0x54, 0x45, 0x47, 0x45, 0x4e, 0x4f, 0x53, 0x20, 0x50, 0x48, 0x41,
    0x52, 0x4d, 0x41, 0x43, 0x45, 0x55, 0x54, 0x49, 0x43, 0x41, 0x4c, 0x53, 0x20, 0x49, 0x4e, 0x43,
    0x00, 0x46, 0x6c, 0x65, 0x78, 0x74, 0x72, 0x6f, 0x6e, 0x69, 0x63, 0x20, 0x47, 0x6d, 0x62, 0x48,
    0x00, 0x53, 0x61, 0x66, 0x65, 0x74, 0x79, 0x20, 0x53, 0x77, 0x69, 0x6d, 0x20, 0x4c, 0x4c, 0x43,
    0x00, 0x53, 0x49, 0x4e, 0x47, 0x20, 0x53, 0x55, 0x4e, 0x20, 0x54, 0x45, 0x43, 0x48, 0x4e, 0x4f,
    0x4c, 0x4f, 0x47, 0x59, 0x20, 0x28, 0x49, 0x4e, 0x54, 0x45, 0x52, 0x4e, 0x41, 0x54, 0x49, 0x4f,
    0x4e, 0x41, 0x4c, 0x29, 0x20, 0x4c, 0x49, 0x4d, 0x49, 0x54, 0x45, 0x44, 0x00, 0x57, 0x6f, 0x6e,
    0x63, 0x61, 0x6e, 0x20, 0x28, 0x48, 0x6f, 0x6e, 0x67, 0x20, 0x4b, 0x6f, 0x6e, 0x67, 0x29, 0x20,
    0x4c, 0x69, 0x6d, 0x69, 0x74, 0x65, 0x64, 0x00, 0x69, 0x46, 0x4c, 0x59, 0x54, 0x45, 0x4b, 0x20,
    0x28, 0x53, 0x75, 0x7a, 0x68, 0x6f, 0x75, 0x29, 0x20, 0x54, 0x65, 0x63, 0x68, 0x6e, 0x6f, 0x6c,
    0x6f, 0x67, 0x79, 0x20, 0x43, 0x6f, 0x2e, 0x2c, 0x20, 0x4c, 0x74, 0x64, 0x2e, 0x00, 0x57, 0x65,
    0x62, 0x65, 0x72, 0x2d, 0x53, 0x74, 0x65, 0x70, 0x68, 0x65, 0x6e, 0x20, 0x50, 0x72, 0x6f, 0x64,
    0x75, 0x63, 0x74, 0x73, 0x20, 0x4c, 0x4c, 0x43, 0x00, 0x68, 0x44, 0x72, 0x6f, 0x70, 0x20, 0x54,
    0x65, 0x63, 0x68, 0x6e, 0x6f, 0x6c, 0x6f, 0x67, 0x69, 0x65, 0x73, 0x20, 0x49, 0x6e, 0x63, 0x2e,
    0x00, 0x52, 0x45, 0x45, 0x4b, 0x4f, 0x4e, 0x20, 0x54, 0x4f, 0x4f, 0x4c, 0x53, 0x20, 0x49, 0x4e,
    0x43, 0x2e, 0x00, 0x44, 0x65, 0x6c, 0x74, 0x61, 0x20, 0x46, 0x61, 0x75, 0x63, 0x65, 0x74, 0x20,
    0x43, 0x6f, 0x6d, 0x70, 0x61, 0x6e, 0x79, 0x00, 0x4d, 0x75, 0x74, 0x72, 0x61, 0x63, 0x6b, 0x20,
    0x43, 0x6f, 0x2e, 0x2c, 0x20, 0x4c, 0x74, 0x64, 0x00, 0x48, 0x61, 0x6e, 0x67, 0x7a, 0x68, 0x6f,
    0x75, 0x20, 0x5a, 0x68, 0x61, 0x6f, 0x74, 0x6f, 0x6e, 0x67, 0x20, 0x4d, 0x69, 0x63, 0x72, 0x6f,
    0x65, 0x6c, 0x65, 0x63, 0x74, 0x72, 0x6f, 0x6e, 0x69, 0x63, 0x73, 0x20, 0x43, 0x6f, 0x2e, 0x2c,
    0x20, 0x4c, 0x74, 0x64, 0x2e, 0x00, 0x43, 0x68, 0x65, 0x6e, 0x67, 0x64, 0x75, 0x20, 0x43, 0x53,
    0x43, 0x54, 0x20, 0x4d, 0x69, 0x63, 0x72, 0x6f, 0x65, 0x6c, 0x65, 0x63, 0x74, 0x72, 0x6f, 0x6e,
    0x69, 0x63, 0x73, 0x20, 0x43, 0x6f, 0x2e, 0x2c, 0x20, 0x4c, 0x74, 0x64, 0x2e, 0x00, 0x42, 0x65,
    0x6c, 0x75, 0x73, 0x75, 0x6e, 0x20, 0x54, 0x65, 0x63, 0x68, 0x6e, 0x6f, 0x6c, 0x6f, 0x67, 0x79,
    0x20, 0x4c, 0x74, 0x64, 0x2e, 0x00, 0x53, 0x68, 0x65, 0x6e, 0x7a, 0x68, 0x65, 0x6e, 0x20, 0x4d,
    0x61, 0x74, 0x63, 0x68, 0x65, 0x73, 0x20, 0x49, 0x6f, 0x54, 0x20, 0x54, 0x65, 0x63, 0x68, 0x6e,
    0x6f, 0x6c, 0x6f, 0x67, 0x79, 0x20, 0x43, 0x6f, 0x2e, 0x2c, 0x20, 0x4c, 0x74, 0x64, 0x2e, 0x00,
    0x42, 0x65, 0x69, 0x64, 0x6f, 0x75, 0x20, 0x49, 0x6e, 0x74, 0x65, 0x6c, 0x6c, 0x69, 0x67, 0x65,
    0x6e, 0x74, 0x20, 0x43, 0x6f, 0x6e, 0x6e, 0x65, 0x63, 0x74, 0x65, 0x64, 0x20, 0x56, 0x65, 0x68,
    0x69, 0x63, 0x6c, 0x65, 0x20, 0x54, 0x65, 0x63, 0x68, 0x6e, 0x6f, 0x6c, 0x6f, 0x67, 0x79, 0x20,
    0x43, 0x6f, 0x2e, 0x2c, 0x20, 0x4c, 0x74, 0x64, 0x2e, 0x00, 0x53, 0x4f, 0x4a, 0x49, 0x20, 0x45,
    0x4c, 0x45, 0x43, 0x54, 0x52, 0x4f, 0x4e, 0x49, 0x43, 0x53, 0x20, 0x4a, 0x4f, 0x49, 0x4e, 0x54,
    0x20, 0x53, 0x54, 0x4f, 0x43, 0x4b, 0x20, 0x43, 0x4f, 0x4d, 0x50, 0x41, 0x4e, 0x59, 0x00, 0x42,
    0x48, 0x20, 0x54, 0x65, 0x63, 0x68, 0x6e, 0x6f, 0x6c, 0x6f, 0x67, 0x69, 0x65, 0x73, 0x00, 0x48,
    0x61, 0x70, 0x74, 0x65, 0x63, 0x68, 0x2c, 0x20, 0x49, 0x6e, 0x63, 0x2e, 0x00, 0x57, 0x61, 0x76,
    0x65, 0x52, 0x46, 0x2c, 0x20, 0x43, 0x6f, 0x72, 0x70, 0x2e, 0x00, 0x53, 0x48, 0x45, 0x4e, 0x5a,
    0x48, 0x45, 0x4e, 0x20, 0x53, 0x4f, 0x55, 0x4e, 0x44, 0x53, 0x4f, 0x55, 0x4c, 0x20, 0x49, 0x4e,
    0x46, 0x4f, 0x52, 0x4d, 0x41, 0x54, 0x49, 0x4f, 0x4e, 0x20, 0x54, 0x45, 0x43, 0x48, 0x4e, 0x4f,
    0x4c, 0x4f, 0x47, 0x59, 0x20, 0x43, 0x4f, 0x2e, 0x2c, 0x4c, 0x54, 0x44, 0x00, 0x57, 0x75, 0x68,
    0x75, 0x20, 0x4d, 0x65, 0x6e, 0x67, 0x62, 0x6f, 0x20, 0x54, 0x65, 0x63, 0x68, 0x6e, 0x6f, 0x6c,
    0x6f, 0x67, 0x79, 0x20, 0x43, 0x6f, 0x2e, 0x2c, 0x20, 0x4c, 0x74, 0x64, 0x2e, 0x00, 0x50, 0x52,
    0x4f, 0x53, 0x59, 0x53, 0x20, 0x44, 0x45, 0x56, 0x20, 0x4c, 0x49, 0x4d, 0x49, 0x54, 0x45, 0x44,
    0x00, 0x53, 0x68, 0x65, 0x6e, 0x7a, 0x68, 0x65, 0x6e, 0x20, 0x65, 0x4d, 0x65, 0x65, 0x74, 0x20,
    0x74, 0x65, 0x63, 0x68, 0x6e, 0x6f, 0x6c, 0x6f, 0x67, 0x79, 0x20, 0x43, 0x6f, 0x2e, 0x2c, 0x4c,
    0x74, 0x64, 0x00, 0x44, 0x6f, 0x72, 0x6f, 0x20, 0x41, 0x42, 0x00, 0x53, 0x55, 0x52, 0x45, 0x50,
    0x55, 0x4c, 0x53, 0x45, 0x20, 0x4d, 0x45, 0x44, 0x49, 0x43, 0x41, 0x4c, 0x20, 0x4c, 0x49, 0x4d,
    0x49, 0x54, 0x45, 0x44, 0x00, 0x69, 0x6f, 0x64, 0x79, 0x6e, 0x65, 0x2c, 0x20, 0x4c, 0x4c, 0x43,
    0x00, 0x50, 0x69, 0x6e, 0x70, 0x6f, 0x69, 0x6e, 0x74, 0x20, 0x47, 0x6d, 0x62, 0x48, 0x00, 0x48,
    0x65, 0x69, 0x6e, 0x72, 0x69, 0x63, 0x68, 0x20, 0x4b, 0x6f, 0x70, 0x70, 0x20, 0x47, 0x6d, 0x62,
    0x48, 0x00, 0x45, 0x76, 0x6f, 0x6c, 0x75, 0x74, 0x69, 0x76, 0x65, 0x20, 0x53, 0x79, 0x73, 0x74,
    0x65, 0x6d, 0x73, 0x20, 0x53, 0x4c, 0x00, 0x53, 0x6f, 0x75, 0x6e, 0x64, 0x69, 0x6e, 0x67, 0x20,
    0x41, 0x75, 0x64, 0x69, 0x6f, 0x20, 0x49, 0x6e, 0x64, 0x75, 0x73, 0x74, 0x72, 0x69, 0x61, 0x6c,
    0x20, 0x4c, 0x74, 0x64, 0x2e, 0x00, 0x59, 0x75, 0x61, 0x6e, 0x66, 0x65, 0x6e, 0x67, 0x20, 0x54,
    0x65, 0x63, 0x68, 0x6e, 0x6f, 0x6c, 0x6f, 0x67, 0x79, 0x20, 0x43, 0x6f, 0x2e, 0x2c, 0x20, 0x4c,
    0x74, 0x64, 0x2e, 0x00, 0x46, 0x72, 0x6f, 0x6e, 0x74, 0x41, 0x63, 0x74, 0x20, 0x43, 0x6f, 0x2e,
    0x2c, 0x20, 0x4c, 0x74, 0x64, 0x2e, 0x00, 0x53, 0x65, 0x6e, 0x73, 0x65, 0x57, 0x6f, 0x72, 0x6b,
    0x73, 0x20, 0x54, 0x65, 0x63, 0x6e, 0x6f, 0x6c, 0x6f, 0x67, 0x69, 0x61, 0x20, 0x4c, 0x74, 0x64,
    0x61, 0x2e, 0x00, 0x45, 0x6b, 0x6f, 0x20, 0x48, 0x65, 0x61, 0x6c, 0x74, 0x68, 0x2c, 0x20, 0x49,
    0x6e, 0x63, 0x2e, 0x00, 0x57, 0x61, 0x6e, 0x7a, 0x6c, 0x20, 0x47, 0x6d, 0x62, 0x48, 0x20, 0x26,
    0x20, 0x43, 0x6f, 0x2e, 0x20, 0x4b, 0x47, 0x61, 0x41, 0x00, 0x43, 0x4c, 0x45, 0x56, 0x45, 0x52,
    0x20, 0x4c, 0x4f, 0x47, 0x47, 0x45, 0x52, 0x20, 0x54, 0x45, 0x43, 0x48, 0x4e, 0x4f, 0x4c, 0x4f,
    0x47, 0x49, 0x45, 0x53, 0x20, 0x50, 0x54, 0x59, 0x20, 0x4c, 0x49, 0x4d, 0x49, 0x54, 0x45, 0x44,
    0x00, 0x41, 0x53, 0x59, 0x53, 0x54, 0x4f, 0x4d, 0x00, 0x48, 0x65, 0x69, 0x6c, 0x6f, 0x6e, 0x67,
    0x6a, 0x69, 0x61, 0x6e, 0x67, 0x20, 0x54, 0x69, 0x61, 0x6e, 0x79, 0x6f, 0x75, 0x77, 0x65, 0x69,
    0x20, 0x45, 0x6c, 0x65, 0x63, 0x74, 0x72, 0x6f, 0x6e, 0x69, 0x63, 0x73, 0x20, 0x43, 0x6f, 0x2e,
    0x2c, 0x4c, 0x74, 0x64, 0x2e, 0x00, 0x45, 0x61, 0x73, 0x74, 0x65, 0x72, 0x6e, 0x20, 0x50, 0x61,
    0x72, 0x74, 0x6e, 0x65, 0x72, 0x20, 0x4c, 0x69, 0x6d, 0x69, 0x74, 0x65, 0x64, 0x00, 0x58, 0x69,
    0x61, 0x6d, 0x65, 0x6e, 0x20, 0x52, 0x55, 0x49, 0x20, 0x59, 0x49, 0x20, 0x44, 0x61, 0x20, 0x45,
    0x6c, 0x65, 0x63, 0x74, 0x72, 0x6f, 0x6e, 0x69, 0x63, 0x20, 0x54, 0x65, 0x63, 0x68, 0x6e, 0x6f,
    0x6c, 0x6f, 0x67, 0x79, 0x20, 0x43, 0x6f, 0x2e, 0x2c, 0x4c, 0x74, 0x64, 0x00, 0x41, 0x64, 0x20,
    0x48, 0x6f, 0x63, 0x20, 0x45, 0x6c, 0x65, 0x63, 0x74, 0x72, 0x6f, 0x6e, 0x69, 0x63, 0x73, 0x2c,
    0x20, 0x6c, 0x6c, 0x63, 0x2e, 0x00, 0x48, 0x61, 0x6e, 0x67, 0x7a, 0x68, 0x6f, 0x75, 0x20, 0x4d,
    0x69, 0x63, 0x72, 0x6f, 0x69, 0x6d, 0x61, 0x67, 0x65, 0x20, 0x53, 0x6f, 0x66, 0x74, 0x77, 0x61,
    0x72, 0x65, 0x20, 0x43, 0x6f, 0x2e, 0x2c, 0x4c, 0x74, 0x64, 0x2e, 0x00, 0x48, 0x69, 0x76, 0x65,
    0x2d, 0x5a, 0x6f, 0x78, 0x20, 0x49, 0x6e, 0x74, 0x65, 0x72, 0x6e, 0x61, 0x74, 0x69, 0x6f, 0x6e,
    0x61, 0x6c, 0x20, 0x53, 0x41, 0x00, 0x53, 0x65, 0x6e, 0x73, 0x6f, 0x76, 0x6f, 0x20, 0x47, 0x6d,
    0x62, 0x48, 0x00, 0x54, 0x69, 0x6d, 0x65, 0x20, 0x4c, 0x6f, 0x63, 0x61, 0x74, 0x69, 0x6f, 0x6e,
    0x20, 0x53, 0x79, 0x73, 0x74, 0x65, 0x6d, 0x73, 0x20, 0x41, 0x53, 0x00, 0x53, 0x48, 0x45, 0x4e,
    0x5a, 0x48, 0x45, 0x4e, 0x20, 0x44, 0x49, 0x47, 0x49, 0x54, 0x45, 0x43, 0x48, 0x20, 0x43, 0x4f,
    0x2e, 0x2c, 0x20, 0x4c, 0x54, 0x44, 0x00, 0x43, 0x61, 0x70, 0x74, 0x65, 0x20, 0x42, 0x2e, 0x56,
    0x2e, 0x00, 0x39, 0x35, 0x31, 0x32, 0x2d, 0x35, 0x38, 0x33, 0x37, 0x20, 0x51, 0x55, 0x45, 0x42,
    0x45, 0x43, 0x20, 0x49, 0x4e, 0x43, 0x2e, 0x00, 0x42, 0x6c, 0x65, 0x63, 0x6f, 0x6e, 0x20, 0x4c,
    0x74, 0x64, 0x00, 0x43, 0x46, 0x4c, 0x41, 0x42, 0x20, 0x54, 0x45, 0x4b, 0x4e, 0x4f, 0x4c, 0x4f,
    0x4a, 0x49, 0x20, 0x54, 0x49, 0x43, 0x41, 0x52, 0x45, 0x54, 0x20, 0x4c, 0x49, 0x4d, 0x49, 0x54,
    0x45, 0x44, 0x20, 0x53, 0x49, 0x52, 0x4b, 0x45, 0x54, 0x49, 0x00, 0x46, 0x4f, 0x47, 0x4f, 0x00,
    0x48, 0x49, 0x54, 0x4f, 0x20, 0x49, 0x4e, 0x43, 0x00, 0x4d, 0x53, 0x20, 0x6b, 0x61, 0x6a, 0x61,
    0x6b, 0x37, 0x20, 0x55, 0x47, 0x20, 0x28, 0x6c, 0x69, 0x6d, 0x69, 0x74, 0x65, 0x64, 0x20, 0x6c,
    0x69, 0x61, 0x62, 0x69, 0x6c, 0x69, 0x74, 0x79, 0x29, 0x00, 0x41, 0x76, 0x65, 0x64, 0x69, 0x73,
    0x20, 0x5a, 0x69, 0x6c, 0x64, 0x6a, 0x69, 0x61, 0x6e, 0x20, 0x43, 0x6f, 0x2e, 0x00, 0x48, 0x61,
    0x6e, 0x67, 0x7a, 0x68, 0x6f, 0x75, 0x20, 0x48, 0x69, 0x6b, 0x76, 0x69, 0x73, 0x69, 0x6f, 0x6e,
    0x20, 0x44, 0x69, 0x67, 0x69, 0x74, 0x61, 0x6c, 0x20, 0x54, 0x65, 0x63, 0x68, 0x6e, 0x6f, 0x6c,
    0x6f, 0x67, 0x79, 0x20, 0x43, 0x6f, 0x2e, 0x2c, 0x20, 0x4c, 0x74, 0x64, 0x2e, 0x00, 0x4c, 0x49,
    0x48, 0x4a, 0x4f, 0x45, 0x4e, 0x20, 0x53, 0x50, 0x45, 0x45, 0x44, 0x20, 0x4d, 0x45, 0x54, 0x45,
    0x52, 0x20, 0x43, 0x4f, 0x2e, 0x2c, 0x20, 0x4c, 0x54, 0x44, 0x2e, 0x00, 0x4e, 0x65, 0x78, 0x74,
    0x53, 0x65, 0x6e, 0x73, 0x65, 0x2c, 0x20, 0x49, 0x6e, 0x63, 0x2e, 0x00, 0x50, 0x61, 0x74, 0x63,
    0x68, 0x52, 0x78, 0x2c, 0x20, 0x49, 0x6e, 0x63, 0x2e, 0x00, 0x46, 0x6c, 0x69, 0x70, 0x70, 0x65,
    0x72, 0x20, 0x44, 0x65, 0x76, 0x69, 0x63, 0x65, 0x73, 0x20, 0x49, 0x6e, 0x63, 0x2e, 0x00, 0x48,
    0x75, 0x69, 0x7a, 0x68, 0x6f, 0x75, 0x20, 0x46, 0x6f, 0x72, 0x79, 0x6f, 0x75, 0x20, 0x47, 0x65,
    0x6e, 0x65, 0x72, 0x61, 0x6c, 0x20, 0x45, 0x6c, 0x65, 0x63, 0x74, 0x72, 0x6f, 0x6e, 0x69, 0x63,
    0x73, 0x20, 0x43, 0x6f, 0x2e, 0x2c, 0x20, 0x4c, 0x74, 0x64, 0x2e, 0x00, 0x4a, 0x45, 0x20, 0x65,
    0x6c, 0x65, 0x63, 0x74, 0x72, 0x6f, 0x6e, 0x69, 0x63, 0x20, 0x61, 0x2f, 0x73, 0x00, 0x39, 0x33,
    0x31, 0x33, 0x2d, 0x37, 0x32, 0x36, 0x33, 0x20, 0x51, 0x75, 0x65, 0x62, 0x65, 0x63, 0x20, 0x69,
    0x6e, 0x63, 0x2e, 0x00, 0x45, 0x43, 0x41, 0x52, 0x58, 0x20, 0x28, 0x48, 0x75, 0x62, 0x65, 0x69,
    0x29, 0x20, 0x54, 0x65, 0x63, 0x68, 0x20, 0x43, 0x6f, 0x2e, 0x2c, 0x4c, 0x74, 0x64, 0x2e, 0x00,
    0x4e, 0x49, 0x48, 0x4f, 0x4e, 0x20, 0x4b, 0x4f, 0x48, 0x44, 0x45, 0x4e, 0x20, 0x43, 0x4f, 0x52,
    0x50, 0x4f, 0x52, 0x41, 0x54, 0x49, 0x4f, 0x4e, 0x00, 0x4f, 0x4e, 0x57, 0x49, 0x00, 0x50, 0x72,
    0x69, 0x6d, 0x61, 0x78, 0x20, 0x45, 0x6c, 0x65, 0x63, 0x74, 0x72, 0x6f, 0x6e, 0x69, 0x63, 0x73,
    0x20, 0x4c, 0x74, 0x64, 0x2e, 0x00, 0x41, 0x6c, 0x70, 0x68, 0x61, 0x54, 0x68, 0x65, 0x74, 0x61,
    0x20, 0x43, 0x6f, 0x72, 0x70, 0x6f, 0x72, 0x61, 0x74, 0x69, 0x6f, 0x6e, 0x00, 0x50, 0x41, 0x43,
    0x49, 0x46, 0x49, 0x43, 0x20, 0x49, 0x4e, 0x44, 0x55, 0x53, 0x54, 0x52, 0x49, 0x41, 0x4c, 0x20,
    0x43, 0x4f, 0x2e, 0x2c, 0x20, 0x4c, 0x54, 0x44, 0x2e, 0x00, 0x43, 0x72, 0x65, 0x73, 0x63, 0x65,
    0x6e, 0x74, 0x20, 0x4e, 0x56, 0x00, 0x56, 0x65, 0x72, 0x6d, 0x69, 0x73, 0x2c, 0x20, 0x73, 0x6f,
    0x66, 0x74, 0x77, 0x61, 0x72, 0x65, 0x20, 0x73, 0x6f, 0x6c, 0x75, 0x74, 0x69, 0x6f, 0x6e, 0x73,
    0x20, 0x6c, 0x6c, 0x63, 0x00, 0x53, 0x4e, 0x41, 0x50, 0x50, 0x57, 0x49, 0x53, 0x48, 0x20, 0x4c,
    0x4c, 0x43, 0x00, 0x43, 0x6f, 0x75, 0x73, 0x69, 0x6e, 0x73, 0x20, 0x61, 0x6e, 0x64, 0x20, 0x53,
    0x65, 0x61, 0x72, 0x73, 0x20, 0x4c, 0x4c, 0x43, 0x00, 0x43, 0x45, 0x53, 0x59, 0x53, 0x20, 0x47,
    0x65, 0x73, 0x65, 0x6c, 0x6c, 0x73, 0x63, 0x68, 0x61, 0x66, 0x74, 0x20, 0x66, 0xc3, 0xbc, 0x72,
    0x20, 0x61, 0x6e, 0x67, 0x65, 0x77, 0x61, 0x6e, 0x64, 0x74, 0x65, 0x20, 0x4d, 0x69, 0x6b, 0x72,
    0x6f, 0x65, 0x6c, 0x65, 0x6b, 0x74, 0x72, 0x6f, 0x6e, 0x69, 0x6b, 0x20, 0x6d, 0x62, 0x48, 0x00,
    0x53, 0x4c, 0x4f, 0x43, 0x20, 0x47, 0x6d, 0x62, 0x48, 0x00, 0x49, 0x52, 0x45, 0x53, 0x20, 0x49,
    0x6e, 0x66, 0x72, 0x61, 0x72, 0x6f, 0x74, 0x20, 0x45, 0x6e, 0x65, 0x72, 0x67, 0x69, 0x65, 0x20,
    0x53, 0x79, 0x73, 0x74, 0x65, 0x6d, 0x65, 0x20, 0x47, 0x6d, 0x62, 0x48, 0x00, 0x4f, 0x46, 0x49,
    0x56, 0x45, 0x20, 0x4c, 0x49, 0x4d, 0x49, 0x54, 0x45, 0x44, 0x00, 0x53, 0x77, 0x69, 0x66, 0x74,
    0x20, 0x49, 0x4f, 0x54, 0x20, 0x54, 0x65, 0x63, 0x68, 0x20, 0x28, 0x53, 0x68, 0x65, 0x6e, 0x7a,
    0x68, 0x65, 0x6e, 0x29, 0x20, 0x43, 0x6f, 0x2e, 0x2c, 0x20, 0x4c, 0x54, 0x44, 0x2e, 0x00, 0x56,
    0x69, 0x73, 0x65, 0x6c, 0x61, 0x62, 0x73, 0x00, 0x57, 0x61, 0x6c, 0x6d, 0x61, 0x72, 0x74, 0x20,
    0x49, 0x6e, 0x63, 0x2e, 0x00, 0x56, 0x41, 0x4e, 0x42, 0x4f, 0x58, 0x00, 0x57, 0x69, 0x73, 0x65,
    0x72, 0x20, 0x44, 0x65, 0x76, 0x69, 0x63, 0x65, 0x73, 0x2c, 0x20, 0x4c, 0x4c, 0x43, 0x00, 0x57,
    0x4b, 0x44, 0x20, 0x4c, 0x61, 0x62, 0x73, 0x20, 0x4c, 0x74, 0x64, 0x00, 0x41, 0x73, 0x75, 0x73,
    0x74, 0x65, 0x6b, 0x20, 0x43, 0x6f, 0x6d, 0x70, 0x75, 0x74, 0x65, 0x72, 0x20, 0x49, 0x6e, 0x63,
    0x2e, 0x00, 0x5a, 0x2d, 0x4f, 0x4e, 0x45, 0x20, 0x54, 0x65, 0x63, 0x68, 0x6e, 0x6f, 0x6c, 0x6f,
    0x67, 0x79, 0x20, 0x43, 0x6f, 0x2e, 0x2c, 0x20, 0x4c, 0x74, 0x64, 0x2e, 0x00, 0x49, 0x6e, 0x6e,
    0x6f, 0x56, 0x69, 0x73, 0x69, 0x6f, 0x6e, 0x20, 0x4d, 0x65, 0x64, 0x69, 0x63, 0x61, 0x6c, 0x20,
    0x54, 0x65, 0x63, 0x68, 0x6e, 0x6f, 0x6c, 0x6f, 0x67, 0x69, 0x65, 0x73, 0x2c, 0x20, 0x4c, 0x4c,
    0x43, 0x00, 0x51, 0x55, 0x41, 0x4e, 0x54, 0x41, 0x54, 0x45, 0x43, 0x00, 0x46, 0x69, 0x6c, 0x6f,
    0x20, 0x53, 0x72, 0x6c, 0x00, 0x53, 0x4f, 0x55, 0x4e, 0x44, 0x55, 0x43, 0x54, 0x00, 0x48, 0x6f,
    0x73, 0x69, 0x64, 0x65, 0x6e, 0x20, 0x42, 0x65, 0x73, 0x73, 0x6f, 0x6e, 0x20, 0x4c, 0x69, 0x6d,
    0x69, 0x74, 0x65, 0x64, 0x00, 0x4b, 0x41, 0x52, 0x4c, 0x55, 0x4e, 0x41, 0x20, 0x4d, 0x55, 0x48,
    0x45, 0x4e, 0x44, 0x49, 0x53, 0x4c, 0x49, 0x4b, 0x20, 0x53, 0x41, 0x4e, 0x41, 0x59, 0x49, 0x20,
    0x56, 0x45, 0x20, 0x54, 0x49, 0x43, 0x41, 0x52, 0x45, 0x54, 0x20, 0x41, 0x4e, 0x4f, 0x4e, 0x49,
    0x4d, 0x20, 0x53, 0x49, 0x52, 0x4b, 0x45, 0x54, 0x49, 0x00, 0x44, 0x65, 0x6f, 0x6e, 0x65, 0x20,
    0x28, 0x53, 0x68, 0x61, 0x6e, 0x67, 0x68, 0x61, 0x69, 0x29, 0x20, 0x43, 0x6f, 0x6d, 0x6d, 0x75,
    0x6e, 0x69, 0x63, 0x61, 0x74, 0x69, 0x6f, 0x6e, 0x20, 0x26, 0x20, 0x54, 0x65, 0x63, 0x68, 0x6e,
    0x6f, 0x6c, 0x6f, 0x67, 0x79, 0x20, 0x43, 0x6f, 0x2e, 0x2c, 0x20, 0x4c, 0x74, 0x64, 0x00, 0x4e,
    0x69, 0x74, 0x74, 0x6f, 0x20, 0x44, 0x65, 0x6e, 0x6b, 0x6f, 0x20, 0x43, 0x6f, 0x72, 0x70, 0x6f,
    0x72, 0x61, 0x74, 0x69, 0x6f, 0x6e, 0x00, 0x50, 0x55, 0x44, 0x53, 0x45, 0x59, 0x20, 0x44, 0x49,
    0x41, 0x4d, 0x4f, 0x4e, 0x44, 0x20, 0x45, 0x4e, 0x47, 0x49, 0x4e, 0x45, 0x45, 0x52, 0x49, 0x4e,
    0x47, 0x20, 0x4c, 0x49, 0x4d, 0x49, 0x54, 0x45, 0x44, 0x00, 0x4c, 0x75, 0x78, 0x73, 0x68, 0x61,
    0x72, 0x65, 0x20, 0x50, 0x72, 0x65, 0x63, 0x69, 0x73, 0x69, 0x6f, 0x6e, 0x20, 0x49, 0x6e, 0x64,
    0x75, 0x73, 0x74, 0x72, 0x79, 0x20, 0x43, 0x6f, 0x2e, 0x2c, 0x20, 0x4c, 0x74, 0x64, 0x2e, 0x00,
    0x42, 0x72, 0x6f, 0x6f, 0x6b, 0x73, 0x65, 0x65, 0x2c, 0x20, 0x49, 0x6e, 0x63, 0x2e, 0x00, 0x51,
    0x53, 0x43, 0x2c, 0x20, 0x4c, 0x4c, 0x43, 0x00, 0x65, 0x42, 0x65, 0x74, 0x20, 0x47, 0x61, 0x6d,
    0x69, 0x6e, 0x67, 0x20, 0x53, 0x79, 0x74, 0x65, 0x6d, 0x73, 0x20, 0x50, 0x74, 0x79, 0x20, 0x4c,
    0x69, 0x6d, 0x69, 0x74, 0x65, 0x64, 0x00, 0x5a, 0x68, 0x65, 0x6a, 0x69, 0x61, 0x6e, 0x67, 0x20,
    0x44, 0x65, 0x73, 0x6d, 0x61, 0x6e, 0x20, 0x49, 0x6e, 0x74, 0x65, 0x6c, 0x6c, 0x69, 0x67, 0x65,
    0x6e, 0x74, 0x20, 0x54, 0x65, 0x63, 0x68, 0x6e, 0x6f, 0x6c, 0x6f, 0x67, 0x79, 0x20, 0x43, 0x6f,
    0x2e, 0x2c, 0x20, 0x4c, 0x74, 0x64, 0x2e, 0x00, 0x44, 0x79, 0x61, 0x63, 0x6f, 0x20, 0x49, 0x6e,
    0x74, 0x65, 0x72, 0x6e, 0x61, 0x74, 0x69, 0x6f, 0x6e, 0x61, 0x6c, 0x20, 0x49, 0x6e, 0x63, 0x2e,
    0x00, 0x41, 0x71, 0x75, 0x61, 0x6e, 0x61, 0x2c, 0x20, 0x4c, 0x4c, 0x43, 0x00, 0x4d, 0x49, 0x4e,
    0x49, 0x52, 0x49, 0x47, 0x00, 0x41, 0x66, 0x74, 0x65, 0x72, 0x20, 0x54, 0x65, 0x63, 0x68, 0x6e,
    0x6f, 0x6c, 0x6f, 0x67, 0x69, 0x65, 0x73, 0x20, 0x41, 0x53, 0x00, 0x4e, 0x65, 0x77, 0x20, 0x43,
    0x6f, 0x73, 0x6d, 0x6f, 0x73, 0x20, 0x45, 0x6c, 0x65, 0x63, 0x74, 0x72, 0x69, 0x63, 0x20, 0x43,
    0x6f, 0x2e, 0x2c, 0x20, 0x4c, 0x74, 0x64, 0x2e, 0x00, 0x49, 0x4e, 0x45, 0x50, 0x52, 0x4f, 0x20,
    0x4d, 0x65, 0x74, 0x65, 0x72, 0x69, 0x6e, 0x67, 0x20, 0x42, 0x2e, 0x56, 0x2e, 0x00, 0x41, 0x6c,
    0x74, 0x69, 0x6e, 0x61, 0x20, 0x49, 0x6e, 0x63, 0x2e, 0x00, 0x55, 0x72, 0x62, 0x61, 0x6e, 0x20,
    0x41, 0x72, 0x6d, 0x6f, 0x72, 0x20, 0x47, 0x65, 0x61, 0x72, 0x2c, 0x20, 0x4c, 0x4c, 0x43, 0x00,
    0x4c, 0x6f, 0x65, 0x77, 0x65, 0x20, 0x54, 0x65, 0x63, 0x68, 0x6e, 0x6f, 0x6c, 0x6f, 0x67, 0x79,
    0x20, 0x47, 0x6d, 0x62, 0x48, 0x00, 0x4f, 0x6d, 0x6e, 0x69, 0x57, 0x61, 0x76, 0x65, 0x20, 0x4d,
    0x69, 0x63, 0x72, 0x6f, 0x65, 0x6c, 0x65, 0x63, 0x74, 0x72, 0x6f, 0x6e, 0x69, 0x63, 0x73, 0x20,
    0x53, 0x68, 0x61, 0x6e, 0x67, 0x68, 0x61, 0x69, 0x20, 0x43, 0x6f, 0x2e, 0x2c, 0x20, 0x4c, 0x74,
    0x64, 0x00, 0x57, 0x75, 0x68, 0x75, 0x20, 0x48, 0x6f, 0x6e, 0x67, 0x6a, 0x69, 0x6e, 0x67, 0x20,
    0x45, 0x6c, 0x65, 0x63, 0x74, 0x72, 0x6f, 0x6e, 0x69, 0x63, 0x20, 0x43, 0x6f, 0x2e, 0x2c, 0x4c,
    0x74, 0x64, 0x00, 0x52, 0x6f, 0x63, 0x6f, 0x74, 0x6f, 0x20, 0x4c, 0x74, 0x64, 0x00, 0x4c, 0x2e,
    0x54, 0x2e, 0x48, 0x2e, 0x20, 0x45, 0x6c, 0x65, 0x63, 0x74, 0x72, 0x6f, 0x6e, 0x69, 0x63, 0x73,
    0x20, 0x4c, 0x69, 0x6d, 0x69, 0x74, 0x65, 0x64, 0x00, 0x53, 0x48, 0x41, 0x50, 0x45, 0x52, 0x20,
    0x54, 0x4f, 0x4f, 0x4c, 0x53, 0x2c, 0x20, 0x49, 0x4e, 0x43, 0x2e, 0x00, 0x52, 0x75, 0x70, 0x74,
    0x65, 0x6c, 0x61, 0x00, 0x41, 0x6e, 0x74, 0x20, 0x47, 0x72, 0x6f, 0x75, 0x70, 0x20, 0x43, 0x6f,
    0x2e, 0x2c, 0x20, 0x4c, 0x74, 0x64, 0x2e, 0x00, 0x51, 0x75, 0x65, 0x63, 0x6c, 0x69, 0x6e, 0x6b,
    0x20, 0x57, 0x69, 0x72, 0x65, 0x6c, 0x65, 0x73, 0x73, 0x20, 0x53, 0x6f, 0x6c, 0x75, 0x74, 0x69,
    0x6f, 0x6e, 0x73, 0x20, 0x43, 0x6f, 0x2e, 0x2c, 0x20, 0x4c, 0x74, 0x64, 0x2e, 0x00, 0x47, 0x4f,
    0x4b, 0x49, 0x20, 0x50, 0x54, 0x59, 0x20, 0x4c, 0x54, 0x44, 0x00, 0x4c, 0x41, 0x53, 0x54, 0x20,
    0x4c, 0x4f, 0x43, 0x4b, 0x20, 0x49, 0x4e, 0x43, 0x2e, 0x00, 0x48, 0x75, 0x69, 0x54, 0x6f, 0x6e,
    0x67, 0x20, 0x69, 0x6e, 0x74, 0x65, 0x6c, 0x6c, 0x69, 0x67, 0x65, 0x6e, 0x63, 0x65, 0x20, 0x43,
    0x6f, 0x6d, 0x70, 0x61, 0x6e, 0x79, 0x20, 0x4c, 0x69, 0x6d, 0x69, 0x74, 0x65, 0x64, 0x00, 0x44,
    0x61, 0x69, 0x6b, 0x69, 0x6e, 0x20, 0x49, 0x6e, 0x64, 0x75, 0x73, 0x74, 0x72, 0x69, 0x65, 0x73,
    0x2c, 0x20, 0x4c, 0x54, 0x44, 0x00, 0x53, 0x68, 0x65, 0x6e, 0x7a, 0x68, 0x65, 0x6e, 0x20, 0x42,
    0x61, 0x73, 0x65, 0x75, 0x73, 0x20, 0x54, 0x65, 0x63, 0x68, 0x6e, 0x6f, 0x6c, 0x6f, 0x67, 0x79,
    0x20, 0x43, 0x6f, 0x2e, 0x2c, 0x20, 0x4c, 0x74, 0x64, 0x2e, 0x00, 0x4e, 0x45, 0x58, 0x54, 0x20,
    0x44, 0x45, 0x56, 0x49, 0x43, 0x45, 0x53, 0x20, 0x4c, 0x54, 0x44, 0x41, 0x00, 0x4d, 0x65, 0x67,
    0x61, 0x74, 0x72, 0x6f, 0x6e, 0x69, 0x78, 0x20, 0x28, 0x42, 0x65, 0x69, 0x6a, 0x69, 0x6e, 0x67,
    0x29, 0x20, 0x54, 0x65, 0x63, 0x68, 0x6e, 0x6f, 0x6c, 0x6f, 0x67, 0x79, 0x20, 0x43, 0x6f, 0x2e,
    0x2c, 0x20, 0x4c, 0x74, 0x64, 0x00, 0x48, 0x79, 0x65, 0x6e, 0x61, 0x20, 0x49, 0x6e, 0x63, 0x2e,
    0x00, 0x53, 0x68, 0x65, 0x6e, 0x7a, 0x68, 0x65, 0x6e, 0x20, 0x47, 0x6f, 0x6f, 0x64, 0x6f, 0x63,
    0x6f, 0x6d, 0x20, 0x49, 0x6e, 0x66, 0x6f, 0x72, 0x6d, 0x61, 0x74, 0x69, 0x6f, 0x6e, 0x20, 0x54,
    0x65, 0x63, 0x68, 0x6e, 0x6f, 0x6c, 0x6f, 0x67, 0x79, 0x20, 0x43, 0x6f, 0x2e, 0x2c, 0x20, 0x4c,
    0x74, 0x64, 0x2e, 0x00, 0x52, 0x49, 0x47, 0x48, 0x2c, 0x20, 0x49, 0x4e, 0x43, 0x2e, 0x00, 0x4f,
    0x70, 0x43, 0x6f, 0x6e, 0x6e, 0x65, 0x63, 0x74, 0x2c, 0x20, 0x49, 0x6e, 0x63, 0x2e, 0x00, 0x50,
    0x6f, 0x77, 0x65, 0x72, 0x73, 0x74, 0x69, 0x63, 0x6b, 0x2e, 0x63, 0x6f, 0x6d, 0x00, 0x45, 0x4e,
    0x41, 0x42, 0x4c, 0x45, 0x57, 0x45, 0x41, 0x52, 0x20, 0x4c, 0x4c, 0x43, 0x00, 0x41, 0x64, 0x76,
    0x65, 0x6e, 0x74, 0x75, 0x72, 0x65, 0x73, 0x20, 0x6f, 0x66, 0x20, 0x74, 0x68, 0x65, 0x20, 0x50,
    0x65, 0x72, 0x73, 0x69, 0x73, 0x74, 0x65, 0x6e, 0x74, 0x6c, 0x79, 0x20, 0x49, 0x6d, 0x70, 0x61,
    0x69, 0x72, 0x65, 0x64, 0x20, 0x28, 0x61, 0x6e, 0x64, 0x20, 0x6f, 0x74, 0x68, 0x65, 0x72, 0x20,
    0x74, 0x61, 0x6c, 0x65, 0x73, 0x29, 0x20, 0x4c, 0x69, 0x6d, 0x69, 0x74, 0x65, 0x64, 0x00, 0x52,
    0x6f, 0x63, 0x6b, 0x79, 0x20, 0x52, 0x61, 0x64, 0x69, 0x6f, 0x73, 0x20, 0x4c, 0x4c, 0x43, 0x00,
    0x4c, 0x65, 0x20, 0x54, 0x6f, 0x75, 0x63, 0x68, 0x20, 0x28, 0x53, 0x68, 0x65, 0x6e, 0x7a, 0x68,
    0x65, 0x6e, 0x29, 0x20, 0x45, 0x6c, 0x65, 0x63, 0x74, 0x72, 0x6f, 0x6e, 0x69, 0x63, 0x73, 0x20,
    0x43, 0x6f, 0x2e, 0x2c, 0x20, 0x4c, 0x74, 0x64, 0x2e, 0x00, 0x47, 0x75, 0x61, 0x6e, 0x67, 0x64,
    0x6f, 0x6e, 0x67, 0x20, 0x4e, 0x61, 0x6e, 0x67, 0x75, 0x61, 0x6e, 0x67, 0x20, 0x50, 0x68, 0x6f,
    0x74, 0x6f, 0x26, 0x56, 0x69, 0x64, 0x65, 0x6f, 0x20, 0x53, 0x79, 0x73, 0x74, 0x65, 0x6d, 0x73,
    0x20, 0x43, 0x6f, 0x2e, 0x2c, 0x20, 0x4c, 0x74, 0x64, 0x2e, 0x00, 0x4d, 0x4f, 0x42, 0x49, 0x4c,
    0x45, 0x20, 0x54, 0x45, 0x43, 0x48, 0x2c, 0x20, 0x49, 0x4e, 0x43, 0x2e, 0x00, 0x48, 0x4f, 0x4e,
    0x47, 0x20, 0x4b, 0x4f, 0x4e, 0x47, 0x20, 0x43, 0x4f, 0x4d, 0x4d, 0x55, 0x4e, 0x49, 0x43, 0x41,
    0x54, 0x49, 0x4f, 0x4e, 0x53, 0x20, 0x43, 0x4f, 0x4d, 0x50, 0x41, 0x4e, 0x59, 0x20, 0x4c, 0x49,
    0x4d, 0x49, 0x54, 0x45, 0x44, 0x00, 0x4e, 0x65, 0x70, 0x74, 0x75, 0x6e, 0x65, 0x20, 0x46, 0x69,
    0x72, 0x73, 0x74, 0x20, 0x4f, 0x55, 0x00, 0x56, 0x69, 0x76, 0x61, 0x67, 0x6f, 0x20, 0x4f, 0x79,
    0x00, 0x43, 0x69, 0x72, 0x63, 0x75, 0x6c, 0x61, 0x72, 0x00, 0x66, 0x69, 0x6e, 0x61, 0x6c, 0x20,
    0x49, 0x6e, 0x63, 0x2e, 0x00, 0x4a, 0x69, 0x61, 0x6e, 0x67, 0x73, 0x75, 0x20, 0x58, 0x69, 0x6e,
    0x54, 0x6f, 0x6e, 0x67, 0x64, 0x61, 0x20, 0x45, 0x6c, 0x65, 0x63, 0x74, 0x72, 0x69, 0x63, 0x20,
    0x54, 0x65, 0x63, 0x68, 0x6e, 0x6f, 0x6c, 0x6f, 0x67, 0x79, 0x20, 0x43, 0x6f, 0x2e, 0x2c, 0x4c,
    0x74, 0x64, 0x2e, 0x00, 0x41, 0x72, 0x63, 0x68, 0x6f, 0x6e, 0x20, 0x43, 0x6f, 0x6e, 0x74, 0x72,
    0x6f, 0x6c, 0x73, 0x20, 0x4c, 0x4c, 0x43, 0x00, 0x53, 0x5a, 0x52, 0x2d, 0x44, 0x65, 0x76, 0x20,
    0x55, 0x47, 0x00, 0x49, 0x51, 0x4e, 0x45, 0x58, 0x58, 0x54, 0x20, 0x53, 0x6f, 0x6c, 0x75, 0x74,
    0x69, 0x6f, 0x6e, 0x73, 0x20, 0x47, 0x6d, 0x62, 0x48, 0x00, 0x47, 0x75, 0x61, 0x6e, 0x67, 0x64,
    0x6f, 0x6e, 0x67, 0x20, 0x48, 0x65, 0x6e, 0x67, 0x71, 0x69, 0x6e, 0x20, 0x58, 0x69, 0x6e, 0x67,
    0x74, 0x6f, 0x6e, 0x67, 0x20, 0x54, 0x65, 0x63, 0x68, 0x6e, 0x6f, 0x6c, 0x6f, 0x67, 0x79, 0x20,
    0x43, 0x6f, 0x2e, 0x2c, 0x6c, 0x74, 0x64, 0x2e, 0x00, 0x43, 0x48, 0x45, 0x56, 0x41, 0x4c, 0x49,
    0x45, 0x52, 0x20, 0x54, 0x45, 0x43, 0x48, 0x20, 0x4c, 0x49, 0x4d, 0x49, 0x54, 0x45, 0x44, 0x00,
    0x53, 0x50, 0x52, 0x69, 0x4e, 0x54, 0x55, 0x53, 0x20, 0x47, 0x6d, 0x62, 0x48, 0x00, 0x54, 0x79,
    0x6d, 0x70, 0x68, 0x61, 0x6e, 0x79, 0x20, 0x48, 0x4b, 0x20, 0x4c, 0x74, 0x64, 0x00, 0x54, 0x69,
    0x67, 0x65, 0x72, 0x4c, 0x69, 0x67, 0x68, 0x74, 0x2c, 0x20, 0x49, 0x6e, 0x63, 0x2e, 0x00, 0x4d,
    0x65, 0x72, 0x63, 0x75, 0x72, 0x79, 0x20, 0x4d, 0x61, 0x72, 0x69, 0x6e, 0x65, 0x2c, 0x20, 0x61,
    0x20, 0x64, 0x69, 0x76, 0x69, 0x73, 0x69, 0x6f, 0x6e, 0x20, 0x6f, 0x66, 0x20, 0x42, 0x72, 0x75,
    0x6e, 0x73, 0x77, 0x69, 0x63, 0x6b, 0x20, 0x43, 0x6f, 0x72, 0x70, 0x6f, 0x72, 0x61, 0x74, 0x69,
    0x6f, 0x6e, 0x00, 0x4f, 0x70, 0x65, 0x6e, 0x54, 0x65, 0x63, 0x68, 0x20, 0x41, 0x6c, 0x6c, 0x69,
    0x61, 0x6e, 0x63, 0x65, 0x2c, 0x20, 0x49, 0x6e, 0x63, 0x2e, 0x00, 0x53, 0x6b, 0x65, 0x77, 0x65,
    0x72, 0x65, 0x64, 0x20, 0x46, 0x65, 0x6e, 0x63, 0x69, 0x6e, 0x67, 0x2c, 0x20, 0x4c, 0x4c, 0x43,
    0x00, 0x42, 0x72, 0x75, 0x64, 0x64, 0x65, 0x6e, 0x00, 0x54, 0x65, 0x6c, 0x65, 0x2d, 0x52, 0x61,
    0x64, 0x69, 0x6f, 0x20, 0x69, 0x20, 0x4c, 0x79, 0x73, 0x65, 0x6b, 0x69, 0x6c, 0x20, 0x41, 0x42,
    0x00, 0x41, 0x6c, 0x6c, 0x67, 0x6f, 0x6e, 0x20, 0x41, 0x42, 0x00, 0x47, 0x6f, 0x70, 0x6f, 0x64,
    0x20, 0x47, 0x72, 0x6f, 0x75, 0x70, 0x20, 0x48, 0x6f, 0x6c, 0x64, 0x69, 0x6e, 0x67, 0x20, 0x4c,
    0x69, 0x6d, 0x69, 0x74, 0x65, 0x64, 0x00, 0x43, 0x65, 0x6c, 0x65, 0x62, 0x72, 0x69, 0x74, 0x69,
    0x65, 0x73, 0x20, 0x4d, 0x61, 0x6e, 0x61, 0x67, 0x65, 0x6d, 0x65, 0x6e, 0x74, 0x20, 0x50, 0x72,
    0x69, 0x76, 0x61, 0x74, 0x65, 0x20, 0x4c, 0x69, 0x6d, 0x69, 0x74, 0x65, 0x64, 0x00, 0x4e, 0x6f,
    0x62, 0x65, 0x73, 0x74, 0x20, 0x49, 0x6e, 0x63, 0x00, 0x41, 0x76, 0x65, 0x74, 0x6f, 0x73, 0x20,
    0x44, 0x65, 0x73, 0x69, 0x67, 0x6e, 0x20, 0x4c, 0x4c, 0x43, 0x00, 0x52, 0x61, 0x69, 0x6e, 0x4d,
    0x61, 0x6b, 0x65, 0x72, 0x20, 0x53, 0x6f, 0x6c, 0x75, 0x74, 0x69, 0x6f, 0x6e, 0x73, 0x2c, 0x20,
    0x49, 0x6e, 0x63, 0x2e, 0x00, 0x49, 0x64, 0x65, 0x6e, 0x74, 0x69, 0x74, 0x61, 0x20, 0x49, 0x6e,
    0x63, 0x2e, 0x00, 0x47, 0x6c, 0x75, 0x74, 0x7a, 0x20, 0x41, 0x47, 0x00, 0x4d, 0x49, 0x56, 0x20,
    0x45, 0x4c, 0x45, 0x43, 0x54, 0x52, 0x4f, 0x4e, 0x49, 0x43, 0x53, 0x2c, 0x20, 0x4c, 0x54, 0x44,
    0x00, 0x54, 0x61, 0x63, 0x74, 0x72, 0x69, 0x78, 0x00, 0x56, 0x69, 0x61, 0x61, 0x6e, 0x69, 0x78,
    0x2c, 0x20, 0x49, 0x6e, 0x63, 0x2e, 0x00, 0x53, 0x6b, 0x65, 0x65, 0x64, 0x2c, 0x63, 0x6f, 0x2c,
    0x4c, 0x74, 0x64, 0x2e, 0x00, 0x6b, 0x6f, 0x6b, 0x6f, 0x72, 0x6f, 0x6d, 0x69, 0x6c, 0x20, 0x49,
    0x6e, 0x63, 0x2e, 0x00, 0x43, 0x68, 0x72, 0x6f, 0x6d, 0x61, 0x74, 0x69, 0x63, 0x20, 0x49, 0x6e,
    0x63, 0x2e, 0x00, 0x4d, 0x65, 0x64, 0x69, 0x62, 0x6f, 0x75, 0x6e, 0x64, 0x2c, 0x20, 0x49, 0x6e,
    0x63, 0x2e, 0x00, 0x53, 0x63, 0x61, 0x6e, 0x62, 0x72, 0x6f, 0x20, 0x4f, 0x55, 0x00, 0x50, 0x61,
    0x6e, 0x61, 0x73, 0x6f, 0x6e, 0x69, 0x63, 0x20, 0x41, 0x75, 0x74, 0x6f, 0x6d, 0x6f, 0x74, 0x69,
    0x76, 0x65, 0x20, 0x53, 0x79, 0x73, 0x74, 0x65, 0x6d, 0x73, 0x20, 0x43, 0x6f, 0x2e, 0x2c, 0x20,
    0x4c, 0x74, 0x64, 0x2e, 0x00, 0x41, 0x6e, 0x64, 0x72, 0x65, 0x77, 0x73, 0x20, 0x26, 0x20, 0x41,
    0x72, 0x6e, 0x6f, 0x6c, 0x64, 0x20, 0x4c, 0x74, 0x64, 0x00, 0x41, 0x75, 0x64, 0x69, 0x6e, 0x6f,
    0x72, 0x20, 0x41, 0x70, 0x53, 0x00, 0x54, 0x72, 0x61, 0x76, 0x65, 0x6c, 0x78, 0x70, 0x20, 0x49,
    0x6e, 0x64, 0x69, 0x61, 0x20, 0x50, 0x72, 0x69, 0x76, 0x61, 0x74, 0x65, 0x20, 0x4c, 0x69, 0x6d,
    0x69, 0x74, 0x65, 0x64, 0x00, 0x4f, 0x77, 0x6c, 0x65, 0x74, 0x20, 0x42, 0x61, 0x62, 0x79, 0x20,
    0x43, 0x61, 0x72, 0x65, 0x20, 0x49, 0x6e, 0x63, 0x2e, 0x00, 0x45, 0x4e, 0x4c, 0x45, 0x53, 0x53,
    0x20, 0x57, 0x49, 0x52, 0x45, 0x4c, 0x45, 0x53, 0x53, 0x00, 0x43, 0x75, 0x6c, 0x6c, 0x69, 0x67,
    0x61, 0x6e, 0x20, 0x49, 0x6e, 0x74, 0x65, 0x72, 0x6e, 0x61, 0x74, 0x69, 0x6f, 0x6e, 0x61, 0x6c,
    0x20, 0x43, 0x6f, 0x6d, 0x70, 0x61, 0x6e, 0x79, 0x00, 0x51, 0x49, 0x4b, 0x43, 0x4f, 0x4e, 0x4e,
    0x45, 0x58, 0x20, 0x4c, 0x4c, 0x43, 0x00, 0x4f, 0x4c, 0x49, 0x53, 0x20, 0x45, 0x4c, 0x45, 0x43,
    0x54, 0x52, 0x4f, 0x4e, 0x49, 0x43, 0x53, 0x2c, 0x20, 0x4c, 0x4c, 0x43, 0x00, 0x42, 0x69, 0x54,
    0x45, 0x43, 0x48, 0x20, 0x41, 0x75, 0x74, 0x6f, 0x6d, 0x6f, 0x74, 0x69, 0x76, 0x65, 0x20, 0x28,
    0x57, 0x75, 0x68, 0x75, 0x29, 0x20, 0x43, 0x6f, 0x2e, 0x2c, 0x4c, 0x74, 0x64, 0x00, 0x41, 0x4d,
    0x47, 0x20, 0x4c, 0x61, 0x62, 0x20, 0x4c, 0x4c, 0x43, 0x00, 0x42, 0x72, 0x69, 0x63, 0x6b, 0x58,
    0x74, 0x65, 0x72, 0x20, 0x47, 0x6d, 0x62, 0x48, 0x00, 0x44, 0x6f, 0x6e, 0x67, 0x67, 0x75, 0x61,
    0x6e, 0x20, 0x54, 0x72, 0x61, 0x6e, 0x67, 0x6a, 0x61, 0x6e, 0x20, 0x49, 0x6e, 0x64, 0x75, 0x73,
    0x74, 0x72, 0x69, 0x61, 0x6c, 0x20, 0x43, 0x6f, 0x2e, 0x2c, 0x20, 0x4c, 0x74, 0x64, 0x00, 0x4d,
    0x61, 0x6b, 0x69, 0x63, 0x68, 0x69, 0x65, 0x20, 0x43, 0x6f, 0x2e, 0x2c, 0x20, 0x4c, 0x74, 0x64,
    0x2e, 0x00, 0x53, 0x54, 0x45, 0x59, 0x52, 0x20, 0x53, 0x70, 0x6f, 0x72, 0x74, 0x20, 0x47, 0x6d,
    0x62, 0x48, 0x00, 0x44, 0x79, 0x6e, 0x65, 0x74, 0x72, 0x65, 0x78, 0x20, 0x53, 0x6f, 0x6c, 0x75,
    0x74, 0x69, 0x6f, 0x6e, 0x73, 0x20, 0x49, 0x6e, 0x63, 0x2e, 0x00, 0x4f, 0x50, 0x54, 0x52, 0x4f,
    0x4e, 0x20, 0x43, 0x6f, 0x2e, 0x2c, 0x20, 0x4c, 0x74, 0x64, 0x2e, 0x00, 0x42, 0x48, 0x43, 0x6c,
    0x65, 0x61, 0x72, 0x73, 0x20, 0x4d, 0x69, 0x63, 0x72, 0x6f, 0x65, 0x6c, 0x65, 0x63, 0x74, 0x72,
    0x6f, 0x6e, 0x69, 0x63, 0x73, 0x20, 0x28, 0x53, 0x68, 0x61, 0x6e, 0x67, 0x68, 0x61, 0x69, 0x29,
    0x20, 0x43, 0x6f, 0x2e, 0x2c, 0x20, 0x4c, 0x74, 0x64, 0x2e, 0x00, 0x55, 0x6e, 0x66, 0x6f, 0x6c,
    0x64, 0x65, 0x64, 0x20, 0x43, 0x69, 0x72, 0x63, 0x6c, 0x65, 0x20, 0x41, 0x70, 0x53, 0x00, 0x46,
    0x61, 0x63, 0x74, 0x6f, 0x72, 0x79, 0x53, 0x65, 0x6e, 0x73, 0x65, 0x00, 0x57, 0x65, 0x61, 0x72,
    0x4e, 0x65, 0x78, 0x20, 0x4c, 0x69, 0x6d, 0x69, 0x74, 0x65, 0x64, 0x00, 0x50, 0x52, 0x41, 0x44,
    0x43, 0x4f, 0x20, 0x4f, 0x75, 0x74, 0x64, 0x6f, 0x6f, 0x72, 0x20, 0x42, 0x72, 0x61, 0x6e, 0x64,
    0x73, 0x00, 0x5a, 0x75, 0x63, 0x63, 0x68, 0x65, 0x74, 0x74, 0x69, 0x20, 0x41, 0x78, 0x65, 0x73,
    0x73, 0x00, 0x42, 0x4c, 0x55, 0x45, 0x46, 0x49, 0x4e, 0x20, 0x44, 0x41, 0x54, 0x41, 0x2c, 0x20,
    0x4c, 0x4c, 0x43, 0x00, 0x50, 0x72, 0x65, 0x73, 0x65, 0x65, 0x64, 0x20, 0x4a, 0x61, 0x70, 0x61,
    0x6e, 0x20, 0x43, 0x6f, 0x72, 0x70, 0x6f, 0x72, 0x61, 0x74, 0x69, 0x6f, 0x6e, 0x00, 0x53, 0x65,
    0x72, 0x76, 0x65, 0x72, 0x20, 0x50, 0x72, 0x6f, 0x64, 0x75, 0x63, 0x74, 0x73, 0x2c, 0x20, 0x49,
    0x6e, 0x63, 0x2e, 0x00, 0x45, 0x6d, 0x62, 0x65, 0x64, 0x64, 0x65, 0x64, 0x20, 0x53, 0x6f, 0x6c,
    0x75, 0x74, 0x69, 0x6f, 0x6e, 0x73, 0x20, 0x4c, 0x4c, 0x43, 0x00, 0x54, 0x48, 0x45, 0x52, 0x4d,
    0x59, 0x20, 0x4c, 0x54, 0x44, 0x00, 0x41, 0x73, 0x61, 0x68, 0x69, 0x20, 0x44, 0x65, 0x6e, 0x73,
    0x6f, 0x20, 0x43, 0x6f, 0x2e, 0x2c, 0x4c, 0x74, 0x64, 0x2e, 0x00, 0x47, 0x50, 0x20, 0x41, 0x63,
    0x6f, 0x75, 0x73, 0x74, 0x69, 0x63, 0x73, 0x20, 0x49, 0x6e, 0x74, 0x65, 0x72, 0x6e, 0x61, 0x74,
    0x69, 0x6f, 0x6e, 0x61, 0x6c, 0x20, 0x4c, 0x69, 0x6d, 0x69, 0x74, 0x65, 0x64, 0x00, 0x54, 0x6f,
    0x6e, 0x67, 0x66, 0x61, 0x6e, 0x67, 0x20, 0x48, 0x65, 0x61, 0x6c, 0x74, 0x68, 0x20, 0x54, 0x65,
    0x63, 0x68, 0x6e, 0x6f, 0x6c, 0x6f, 0x67, 0x79, 0x20, 0x28, 0x42, 0x65, 0x69, 0x6a, 0x69, 0x6e,
    0x67, 0x29, 0x20, 0x43, 0x6f, 0x2e, 0x2c, 0x20, 0x4c, 0x74, 0x64, 0x2e, 0x00, 0x44, 0x65, 0x69,
    0x74, 0x79, 0x20, 0x41, 0x63, 0x6f, 0x75, 0x73, 0x74, 0x69, 0x63, 0x20, 0x54, 0x65, 0x63, 0x68,
    0x6e, 0x6f, 0x6c, 0x6f, 0x67, 0x79, 0x20, 0x43, 0x6f, 0x2e, 0x00, 0x53, 0x63, 0x68, 0x75, 0x6c,
    0x74, 0x65, 0x2d, 0x53, 0x63, 0x68, 0x6c, 0x61, 0x67, 0x62, 0x61, 0x75, 0x6d, 0x20, 0x41, 0x47,
    0x00, 0x57, 0x45, 0x53, 0x54, 0x20, 0x69, 0x6e, 0x78, 0x20, 0x4c, 0x74, 0x64, 0x2e, 0x00, 0x43,
    0x72, 0x6f, 0x73, 0x73, 0x64, 0x6f, 0x6f, 0x72, 0x00, 0x48, 0x69, 0x67, 0x68, 0x20, 0x45, 0x6e,
    0x74, 0x72, 0x6f, 0x70, 0x79, 0x2c, 0x20, 0x4c, 0x4c, 0x43, 0x00, 0x48, 0x65, 0x72, 0x73, 0x63,
    0x68, 0x65, 0x6c, 0x20, 0x49, 0x6e, 0x66, 0x72, 0x61, 0x72, 0x65, 0x64, 0x20, 0x4c, 0x74, 0x64,
    0x00, 0x50, 0x41, 0x43, 0x49, 0x46, 0x49, 0x43, 0x20, 0x4d, 0x41, 0x52, 0x49, 0x4e, 0x45, 0x20,
    0x42, 0x41, 0x54, 0x54, 0x45, 0x52, 0x49, 0x45, 0x53, 0x20, 0x50, 0x54, 0x59, 0x2e, 0x20, 0x4c,
    0x49, 0x4d, 0x49, 0x54, 0x45, 0x44, 0x00, 0x41, 0x6c, 0x69, 0x62, 0x61, 0x62, 0x61, 0x20, 0x28,
    0x43, 0x68, 0x69, 0x6e, 0x61, 0x29, 0x20, 0x43, 0x6f, 0x2e, 0x2c, 0x20, 0x4c, 0x74, 0x64, 0x2e,
    0x00, 0x41, 0x75, 0x74, 0x68, 0x47, 0x61, 0x74, 0x65, 0x20, 0x42, 0x2e, 0x56, 0x2e, 0x00, 0x43,
    0x61, 0x6e, 0x79, 0x6f, 0x6e, 0x20, 0x42, 0x69, 0x63, 0x79, 0x63, 0x6c, 0x65, 0x73, 0x20, 0x47,
    0x6d, 0x62, 0x48, 0x00, 0x43, 0x6f, 0x64, 0x69, 0x65, 0x20, 0x4c, 0x4c, 0x43, 0x00, 0x4e, 0x65,
    0x75, 0x72, 0x6f, 0x50, 0x61, 0x63, 0x65, 0x20, 0x49, 0x6e, 0x63, 0x00, 0x4e, 0x65, 0x78, 0x52,
    0x65, 0x76, 0x20, 0x4c, 0x4c, 0x43, 0x00, 0x5a, 0x68, 0x6f, 0x6e, 0x67, 0x20, 0x53, 0x68, 0x61,
    0x6e, 0x20, 0x43, 0x69, 0x74, 0x79, 0x20, 0x52, 0x69, 0x63, 0x68, 0x73, 0x6f, 0x75, 0x6e, 0x64,
    0x20, 0x45, 0x6c, 0x65, 0x63, 0x74, 0x72, 0x6f, 0x6e, 0x69, 0x63, 0x20, 0x49, 0x6e, 0x64, 0x75,
    0x73, 0x74, 0x72, 0x69, 0x61, 0x6c, 0x20, 0x4c, 0x74, 0x64, 0x2e, 0x00, 0x53, 0x68, 0x65, 0x6e,
    0x7a, 0x68, 0x65, 0x6e, 0x20, 0x4e, 0x45, 0x4f, 0x45, 0x43, 0x4f, 0x20, 0x54, 0x65, 0x63, 0x68,
    0x6e, 0x6f, 0x6c, 0x6f, 0x67, 0x79, 0x20, 0x43, 0x6f, 0x2e, 0x2c, 0x20, 0x4c, 0x74, 0x64, 0x2e,
    0x00, 0x4e, 0x61, 0x74, 0x75, 0x72, 0x65, 0x20, 0x49, 0x6e, 0x63, 0x2e, 0x00, 0x47, 0x75, 0x61,
    0x6e, 0x67, 0x7a, 0x68, 0x6f, 0x75, 0x20, 0x48, 0x6f, 0x6e, 0x6f, 0x72, 0x20, 0x4d, 0x69, 0x63,
    0x72, 0x6f, 0x65, 0x6c, 0x65, 0x63, 0x74, 0x72, 0x6f, 0x6e, 0x69, 0x63, 0x20, 0x43, 0x6f, 0x2e,
    0x2c, 0x4c, 0x74, 0x64, 0x2e, 0x00, 0x47, 0x47, 0x45, 0x43, 0x20, 0x41, 0x6d, 0x65, 0x72, 0x69,
    0x63, 0x61, 0x2c, 0x20, 0x49, 0x6e, 0x63, 0x2e, 0x00, 0x47, 0x69, 0x62, 0x73, 0x6f, 0x6e, 0x2c,
    0x20, 0x49, 0x6e, 0x63, 0x2e, 0x00, 0x56, 0x49, 0x4e, 0x59, 0x4c, 0x20, 0x4d, 0x41, 0x54, 0x54,
    0x20, 0x4d, 0x45, 0x44, 0x49, 0x41, 0x20, 0x4c, 0x49, 0x4d, 0x49, 0x54, 0x45, 0x44, 0x00, 0x53,
    0x48, 0x45, 0x4e, 0x5a, 0x48, 0x45, 0x4e, 0x20, 0x42, 0x45, 0x53, 0x54, 0x57, 0x41, 0x59, 0x20,
    0x45, 0x4c, 0x45, 0x43, 0x54, 0x52, 0x4f, 0x4e, 0x49, 0x43, 0x53, 0x20, 0x43, 0x4f, 0x2e, 0x2c,
    0x4c, 0x54, 0x44, 0x00, 0x4c, 0x69, 0x63, 0x68, 0x65, 0x6e, 0x73, 0x20, 0x49, 0x6e, 0x6e, 0x6f,
    0x76, 0x61, 0x74, 0x69, 0x6f, 0x6e, 0x20, 0x69, 0x6e, 0x63, 0x2e, 0x00, 0x47, 0x6f, 0x65, 0x72,
    0x64, 0x79, 0x6e, 0x61, 0x20, 0x47, 0x72, 0x6f, 0x75, 0x70, 0x20, 0x43, 0x6f, 0x2e, 0x2c, 0x20,
    0x4c, 0x74, 0x64, 0x00, 0x52, 0x65, 0x6c, 0x69, 0x73, 0x68, 0x20, 0x54, 0x65, 0x63, 0x68, 0x6e,
    0x6f, 0x6c, 0x6f, 0x67, 0x69, 0x65, 0x73, 0x20, 0x4c, 0x69, 0x6d, 0x69, 0x74, 0x65, 0x64, 0x00,
    0x51, 0x75, 0x69, 0x6e, 0x74, 0x65, 0x73, 0x73, 0x65, 0x6e, 0x74, 0x69, 0x61, 0x6c, 0x20, 0x44,
    0x65, 0x73, 0x69, 0x67, 0x6e, 0x2c, 0x20, 0x49, 0x6e, 0x63, 0x2e, 0x00, 0x43, 0x53, 0x20, 0x49,
    0x4e, 0x53, 0x54, 0x52, 0x55, 0x4d, 0x45, 0x4e, 0x54, 0x53, 0x20, 0x47, 0x6d, 0x62, 0x48, 0x20,
    0x26, 0x20, 0x43, 0x6f, 0x2e, 0x4b, 0x47, 0x00, 0x44, 0x4f, 0x52, 0x41, 0x4e, 0x20, 0x4d, 0x46,
    0x47, 0x2e, 0x20, 0x4c, 0x4c, 0x43, 0x00, 0x4f, 0x76, 0x65, 0x72, 0x68, 0x65, 0x61, 0x64, 0x20,
    0x44, 0x6f, 0x6f, 0x72, 0x20, 0x43, 0x6f, 0x72, 0x70, 0x6f, 0x72, 0x61, 0x74, 0x69, 0x6f, 0x6e,
    0x00, 0x4b, 0x6f, 0x64, 0x69, 0x72, 0x61, 0x20, 0x47, 0x6d, 0x62, 0x48, 0x00, 0x53, 0x68, 0x65,
    0x6e, 0x5a, 0x68, 0x65, 0x6e, 0x20, 0x42, 0x6f, 0x59, 0x69, 0x43, 0x68, 0x75, 0x61, 0x6e, 0x67,
    0x58, 0x69, 0x6e, 0x00, 0x53, 0x68, 0x65, 0x6e, 0x7a, 0x68, 0x65, 0x6e, 0x20, 0x5a, 0x6f, 0x71,
    0x69, 0x6e, 0x20, 0x54, 0x65, 0x63, 0x68, 0x6e, 0x6f, 0x6c, 0x6f, 0x67, 0x79, 0x20, 0x43, 0x6f,
    0x2e, 0x2c, 0x20, 0x4c, 0x74, 0x64, 0x2e, 0x00, 0x43, 0x65, 0x72, 0x69, 0x64, 0x77, 0x65, 0x6e,
    0x20, 0x4c, 0x69, 0x6d, 0x69, 0x74, 0x65, 0x64, 0x00, 0x53, 0x6f, 0x6e, 0x79, 0x20, 0x48, 0x6f,
    0x6e, 0x64, 0x61, 0x20, 0x4d, 0x6f, 0x62, 0x69, 0x6c, 0x69, 0x74, 0x79, 0x20, 0x49, 0x6e, 0x63,
    0x2e, 0x00, 0x44, 0x79, 0x6e, 0x61, 0x75, 0x64, 0x69, 0x6f, 0x20, 0x41, 0x2f, 0x53, 0x00, 0x4d,
    0x41, 0x45, 0x52, 0x53, 0x4b, 0x20, 0x43, 0x4f, 0x4e, 0x54, 0x41, 0x49, 0x4e, 0x45, 0x52, 0x20,
    0x49, 0x4e, 0x44, 0x55, 0x53, 0x54, 0x52, 0x59, 0x20, 0x41, 0x2f, 0x53, 0x00, 0x4d, 0x41, 0x20,
    0x4d, 0x49, 0x43, 0x52, 0x4f, 0x20, 0x4c, 0x49, 0x4d, 0x49, 0x54, 0x45, 0x44, 0x00, 0x73, 0x68,
    0x65, 0x6e, 0x7a, 0x68, 0x65, 0x6e, 0x20, 0x68, 0x6f, 0x6e, 0x67, 0x65, 0x76, 0x65, 0x72, 0x20,
    0x74, 0x65, 0x63, 0x68, 0x6e, 0x6f, 0x6c, 0x6f, 0x67, 0x79, 0x20, 0x43, 0x6f, 0x2c, 0x2e, 0x20,
    0x4c, 0x74, 0x64, 0x00, 0x54, 0x41, 0x4d, 0x52, 0x4f, 0x4e, 0x20, 0x43, 0x6f, 0x2e, 0x2c, 0x20,
    0x4c, 0x74, 0x64, 0x2e, 0x00, 0x43, 0x41, 0x50, 0x54, 0x45, 0x4d, 0x50, 0x2c, 0x20, 0x4c, 0x44,
    0x41, 0x00, 0x41, 0x6d, 0x62, 0x69, 0x65, 0x6e, 0x74, 0x20, 0x4c, 0x69, 0x66, 0x65, 0x20, 0x49,
    0x6e, 0x63, 0x2e, 0x00, 0x4e, 0x4f, 0x43, 0x54, 0x52, 0x49, 0x58, 0x20, 0x48, 0x45, 0x41, 0x4c,
    0x54, 0x48, 0x2c, 0x20, 0x49, 0x4e, 0x43, 0x00, 0x52, 0x49, 0x43, 0x4b, 0x41, 0x52, 0x44, 0x20,
    0x41, 0x49, 0x52, 0x20, 0x44, 0x49, 0x46, 0x46, 0x55, 0x53, 0x49, 0x4f, 0x4e, 0x20, 0x28, 0x50,
    0x54, 0x59, 0x29, 0x20, 0x4c, 0x54, 0x44, 0x00, 0x53, 0x47, 0x20, 0x41, 0x72, 0x6d, 0x61, 0x74,
    0x75, 0x72, 0x65, 0x6e, 0x20, 0x41, 0x53, 0x00, 0x50, 0x49, 0x58, 0x45, 0x4c, 0x20, 0x54, 0x49,
    0x20, 0x49, 0x4e, 0x44, 0x2e, 0x20, 0x45, 0x20, 0x43, 0x4f, 0x4d, 0x20, 0x50, 0x52, 0x4f, 0x44,
    0x20, 0x45, 0x4c, 0x45, 0x54, 0x52, 0x4f, 0x4e, 0x49, 0x43, 0x4f, 0x53, 0x00, 0x43, 0x6f, 0x72,
    0x65, 0x20, 0x44, 0x65, 0x76, 0x69, 0x63, 0x65, 0x73, 0x20, 0x4c, 0x4c, 0x43, 0x00, 0x46, 0x75,
    0x6a, 0x69, 0x74, 0x61, 0x20, 0x45, 0x6c, 0x65, 0x63, 0x74, 0x72, 0x69, 0x63, 0x20, 0x57, 0x6f,
    0x72, 0x6b, 0x73, 0x2c, 0x20, 0x4c, 0x74, 0x64, 0x00, 0x57, 0x69, 0x6c, 0x6c, 0x6f, 0x77, 0x20,
    0x4c, 0x61, 0x62, 0x6f, 0x72, 0x61, 0x74, 0x6f, 0x72, 0x69, 0x65, 0x73, 0x2c, 0x20, 0x49, 0x6e,
    0x63, 0x2e, 0x00, 0x42, 0x42, 0x43, 0x20, 0x42, 0x69, 0x72, 0x63, 0x68, 0x65, 0x72, 0x20, 0x41,
    0x47, 0x00, 0x45, 0x4c, 0x4c, 0x45, 0x41, 0x20, 0x49, 0x4e, 0x47, 0x45, 0x47, 0x4e, 0x45, 0x52,
    0x49, 0x41, 0x20, 0x53, 0x52, 0x4c, 0x20, 0x55, 0x4e, 0x49, 0x50, 0x45, 0x52, 0x53, 0x4f, 0x4e,
    0x41, 0x4c, 0x45, 0x00, 0x51, 0x34, 0x32, 0x20, 0x49, 0x6e, 0x74, 0x65, 0x72, 0x6e, 0x65, 0x74,
    0x20, 0x42, 0x2e, 0x56, 0x2e, 0x00, 0x53, 0x65, 0x61, 0x77, 0x61, 0x72, 0x64, 0x20, 0x45, 0x6c,
    0x65, 0x63, 0x74, 0x72, 0x6f, 0x6e, 0x69, 0x63, 0x00, 0x57, 0x75, 0x78, 0x69, 0x20, 0x44, 0x6f,
    0x65, 0x73, 0x20, 0x49, 0x4f, 0x54, 0x20, 0x43, 0x6f, 0x2e, 0x2c, 0x20, 0x4c, 0x74, 0x64, 0x00,
    0x4d, 0x6f, 0x6e, 0x69, 0x6c, 0x20, 0x41, 0x53, 0x00, 0x4c, 0x53, 0x20, 0x45, 0x4c, 0x45, 0x43,
    0x54, 0x52, 0x49, 0x43, 0x20, 0x43, 0x6f, 0x2e, 0x2c, 0x20, 0x4c, 0x74, 0x64, 0x2e, 0x00, 0x53,
    0x68, 0x65, 0x6e, 0x7a, 0x68, 0x65, 0x6e, 0x20, 0x43, 0x79, 0x62, 0x65, 0x72, 0x20, 0x49, 0x6e,
    0x6e, 0x6f, 0x76, 0x61, 0x74, 0x69, 0x6f, 0x6e, 0x20, 0x54, 0x65, 0x63, 0x68, 0x6e, 0x6f, 0x6c,
    0x6f, 0x67, 0x79, 0x20, 0x43, 0x6f, 0x2e, 0x2c, 0x20, 0x4c, 0x74, 0x64, 0x2e, 0x00, 0x54, 0x72,
    0x61, 0x63, 0x6b, 0x6f, 0x6e, 0x6f, 0x6d, 0x79, 0x20, 0x53, 0x79, 0x73, 0x74, 0x65, 0x6d, 0x73,
    0x2c, 0x20, 0x49, 0x6e, 0x63, 0x2e, 0x00, 0x49, 0x6f, 0x54, 0x20, 0x53, 0x6f, 0x6c, 0x75, 0x74,
    0x69, 0x6f, 0x6e, 0x73, 0x20, 0x4d, 0x61, 0x6c, 0x74, 0x61, 0x20, 0x4c, 0x69, 0x6d, 0x69, 0x74,
    0x65, 0x64, 0x00, 0x41, 0x73, 0x65, 0x70, 0x74, 0x69, 0x63, 0x6f, 0x2c, 0x20, 0x49, 0x6e, 0x63,
    0x2e, 0x00, 0x53, 0x65, 0x6e, 0x73, 0x65, 0x61, 0x72, 0x20, 0x50, 0x74, 0x79, 0x20, 0x4c, 0x74,
    0x64, 0x00, 0x42, 0x4c, 0x55, 0x45, 0x50, 0x52, 0x4f, 0x56, 0x49, 0x44, 0x45, 0x52, 0x5a, 0x20,
    0x4c, 0x4c, 0x43, 0x00, 0x4a, 0x61, 0x6e, 0x6f, 0x20, 0x4c, 0x69, 0x66, 0x65, 0x20, 0x49, 0x6e,
    0x63, 0x2e, 0x00, 0x50, 0x52, 0x49, 0x4d, 0x45, 0x53, 0x20, 0x47, 0x6d, 0x62, 0x48, 0x00, 0x54,
    0x65, 0x6c, 0x65, 0x64, 0x79, 0x6e, 0x65, 0x20, 0x49, 0x6e, 0x73, 0x74, 0x72, 0x75, 0x6d, 0x65,
    0x6e, 0x74, 0x73, 0x2c, 0x20, 0x49, 0x6e, 0x63, 0x2e, 0x00, 0x48, 0x65, 0x61, 0x6c, 0x74, 0x68,
    0x63, 0x61, 0x72, 0x65, 0x20, 0x54, 0x65, 0x63, 0x68, 0x6e, 0x6f, 0x6c, 0x6f, 0x67, 0x79, 0x20,
    0x4c, 0x69, 0x6d, 0x69, 0x74, 0x65, 0x64, 0x00, 0x54, 0x52, 0x41, 0x43, 0x45, 0x52, 0x43, 0x4f,
    0x20, 0x4c, 0x49, 0x4d, 0x49, 0x54, 0x45, 0x44, 0x00, 0x48, 0x41, 0x50, 0x50, 0x4c, 0x41, 0x42,
    0x53, 0x20, 0x53, 0x4f, 0x46, 0x54, 0x57, 0x41, 0x52, 0x45, 0x20, 0x50, 0x52, 0x49, 0x56, 0x41,
    0x54, 0x45, 0x20, 0x4c, 0x49, 0x4d, 0x49, 0x54, 0x45, 0x44, 0x00, 0x47, 0x45, 0x20, 0x48, 0x45,
    0x41, 0x4c, 0x54, 0x48, 0x43, 0x41, 0x52, 0x45, 0x20, 0x54, 0x45, 0x43, 0x48, 0x4e, 0x4f, 0x4c,
    0x4f, 0x47, 0x49, 0x45, 0x53, 0x20, 0x49, 0x4e, 0x43, 0x2e, 0x00, 0x4f, 0x6c, 0x69, 0x62, 0x72,
    0x61, 0x20, 0x4c, 0x4c, 0x43, 0x00, 0x4c, 0x75, 0x6d, 0x65, 0x6e, 0x20, 0x4c, 0x61, 0x62, 0x73,
    0x20, 0x28, 0x48, 0x4b, 0x29, 0x20, 0x4c, 0x74, 0x64, 0x00, 0x53, 0x48, 0x45, 0x4e, 0x5a, 0x48,
    0x45, 0x4e, 0x20, 0x47, 0x57, 0x53, 0x54, 0x41, 0x49, 0x20, 0x54, 0x45, 0x43, 0x48, 0x4e, 0x4f,
    0x4c, 0x4f, 0x47, 0x59, 0x20, 0x43, 0x4f, 0x2e, 0x2c, 0x4c, 0x54, 0x44, 0x00, 0x53, 0x48, 0x45,
    0x4e, 0x5a, 0x48, 0x45, 0x4e, 0x20, 0x50, 0x4f, 0x57, 0x45, 0x52, 0x4f, 0x41, 0x4b, 0x20, 0x4e,
    0x45, 0x57, 0x45, 0x4e, 0x45, 0x52, 0x20, 0x43, 0x4f, 0x2e, 0x2c, 0x20, 0x4c, 0x54, 0x44, 0x00,
    0x54, 0x65, 0x63, 0x68, 0x20, 0x4f, 0x56, 0x4e, 0x20, 0x50, 0x72, 0x69, 0x76, 0x61, 0x74, 0x65,
    0x20, 0x4c, 0x69, 0x6d, 0x69, 0x74, 0x65, 0x64, 0x00, 0x4c, 0x65, 0x7a, 0x79, 0x6e, 0x65, 0x20,
    0x55, 0x53, 0x41, 0x20, 0x49, 0x6e, 0x63, 0x2e, 0x00, 0x41, 0x4e, 0x43, 0x20, 0x43, 0x48, 0x49,
    0x4e, 0x41, 0x20, 0x4c, 0x49, 0x4d, 0x49, 0x54, 0x45, 0x44, 0x00, 0x4c, 0x49, 0x4f, 0x4e, 0x20,
    0x47, 0x52, 0x4f, 0x55, 0x50, 0x2c, 0x20, 0x49, 0x4e, 0x43, 0x2e, 0x00, 0x42, 0x72, 0x69, 0x67,
    0x68, 0x74, 0x77, 0x61, 0x79, 0x20, 0x49, 0x6e, 0x6e, 0x6f, 0x76, 0x61, 0x74, 0x69, 0x6f, 0x6e,
    0x20, 0x49, 0x6e, 0x74, 0x65, 0x6c, 0x6c, 0x69, 0x67, 0x65, 0x6e, 0x74, 0x20, 0x54, 0x65, 0x63,
    0x68, 0x6e, 0x6f, 0x6c, 0x6f, 0x67, 0x79, 0x20, 0x28, 0x53, 0x75, 0x7a, 0x68, 0x6f, 0x75, 0x29,
    0x20, 0x43, 0x6f, 0x2e, 0x2c, 0x20, 0x4c, 0x74, 0x64, 0x2e, 0x00, 0x48, 0x69, 0x74, 0x61, 0x63,
    0x68, 0x69, 0x20, 0x49, 0x6e, 0x64, 0x75, 0x73, 0x74, 0x72, 0x69, 0x61, 0x6c, 0x20, 0x45, 0x71,
    0x75, 0x69, 0x70, 0x6d, 0x65, 0x6e, 0x74, 0x20, 0x53, 0x79, 0x73, 0x74, 0x65, 0x6d, 0x73, 0x20,
    0x43, 0x6f, 0x2e, 0x2c, 0x4c, 0x74, 0x64, 0x2e, 0x00, 0x4d, 0x61, 0x65, 0x6e, 0x6e, 0x6c, 0x20,
    0x45, 0x6c, 0x65, 0x6b, 0x74, 0x72, 0x6f, 0x6e, 0x69, 0x6b, 0x20, 0x47, 0x6d, 0x62, 0x48, 0x00,
    0x49, 0x44, 0x45, 0x41, 0x54, 0x52, 0x4f, 0x4e, 0x49, 0x4b, 0x20, 0x4c, 0x69, 0x6d, 0x69, 0x74,
    0x65, 0x64, 0x20, 0x4c, 0x69, 0x61, 0x62, 0x69, 0x6c, 0x69, 0x74, 0x79, 0x20, 0x43, 0x6f, 0x6d,
    0x70, 0x61, 0x6e, 0x79, 0x00, 0x63, 0x61, 0x69, 0x76, 0x65, 0x20, 0x49, 0x6e, 0x63, 0x2e, 0x00,
    0x53, 0x68, 0x65, 0x6e, 0x5a, 0x68, 0x65, 0x6e, 0x20, 0x44, 0x6f, 0x63, 0x74, 0x6f, 0x72, 0x73,
    0x20, 0x6f, 0x66, 0x20, 0x49, 0x6e, 0x74, 0x65, 0x6c, 0x6c, 0x69, 0x67, 0x65, 0x6e, 0x63, 0x65,
    0x20, 0x26, 0x20, 0x54, 0x65, 0x63, 0x68, 0x6e, 0x6f, 0x6c, 0x6f, 0x67, 0x79, 0x20, 0x43, 0x6f,
    0x2e, 0x2c, 0x4c, 0x74, 0x64, 0x00, 0x44, 0x65, 0x65, 0x70, 0x20, 0x61, 0x6e, 0x64, 0x20, 0x53,
    0x74, 0x65, 0x65, 0x70, 0x20, 0x4c, 0x4c, 0x43, 0x00, 0x45, 0x6e, 0x64, 0x75, 0x72, 0x20, 0x49,
    0x44, 0x2c, 0x20, 0x49, 0x6e, 0x63, 0x2e, 0x00, 0x46, 0x72, 0x65, 0x73, 0x68, 0x61, 0x70, 0x65,
    0x20, 0x53, 0x41, 0x00, 0x50, 0x72, 0x65, 0x45, 0x76, 0x6e, 0x74, 0x2c, 0x20, 0x4c, 0x4c, 0x43,
    0x00, 0x4f, 0x76, 0x61, 0x6c, 0x20, 0x43, 0x6f, 0x72, 0x70, 0x6f, 0x72, 0x61, 0x74, 0x69, 0x6f,
    0x6e, 0x00, 0x41, 0x44, 0x48, 0x44, 0x20, 0x46, 0x72, 0x69, 0x65, 0x6e, 0x64, 0x6c, 0x79, 0x20,
    0x63, 0x6f, 0x2e, 0x4c, 0x74, 0x64, 0x00, 0x52, 0x4f, 0x52, 0x45, 0x4e, 0x54, 0x45, 0x43, 0x48,
    0x20, 0x43, 0x6f, 0x2e, 0x2c, 0x20, 0x4c, 0x74, 0x64, 0x2e, 0x00, 0x69, 0x4b, 0x65, 0x79, 0x6c,
    0x65, 0x73, 0x73, 0x2c, 0x20, 0x4c, 0x4c, 0x43, 0x00, 0x53, 0x68, 0x65, 0x6e, 0x7a, 0x68, 0x65,
    0x6e, 0x20, 0x53, 0x75, 0x70, 0x65, 0x72, 0x53, 0x6f, 0x75, 0x6e, 0x64, 0x20, 0x54, 0x65, 0x63,
    0x68, 0x6e, 0x6f, 0x6c, 0x6f, 0x67, 0x79, 0x20, 0x43, 0x6f, 0x2e, 0x2c, 0x4c, 0x74, 0x64, 0x00,
    0x46, 0x4c, 0x4f, 0x20, 0x53, 0x43, 0x49, 0x45, 0x4e, 0x43, 0x45, 0x53, 0x2c, 0x20, 0x4c, 0x4c,
    0x43, 0x00, 0x50, 0x61, 0x6c, 0x61, 0x74, 0x69, 0x75, 0x6d, 0x43, 0x61, 0x72, 0x65, 0x20, 0x4c,
    0x4c, 0x43, 0x00, 0x45, 0x64, 0x67, 0x65, 0x20, 0x53, 0x65, 0x6d, 0x69, 0x63, 0x6f, 0x6e, 0x64,
    0x75, 0x63, 0x74, 0x6f, 0x72, 0x73, 0x20, 0x49, 0x6e, 0x63, 0x2e, 0x00, 0x5a, 0x49, 0x4d, 0x4d,
    0x45, 0x52, 0x4d, 0x41, 0x4e, 0x4e, 0x20, 0x50, 0x56, 0x2d, 0x53, 0x74, 0x65, 0x65, 0x6c, 0x20,
    0x47, 0x72, 0x6f, 0x75, 0x70, 0x20, 0x47, 0x6d, 0x62, 0x48, 0x20, 0x26, 0x20, 0x43, 0x6f, 0x2e,
    0x20, 0x4b, 0x47, 0x00, 0x59, 0x6f, 0x6c, 0x6e, 0x69, 0x20, 0x49, 0x6e, 0x63, 0x2e, 0x00, 0x4e,
    0x69, 0x6e, 0x65, 0x62, 0x6f, 0x74, 0x20, 0x28, 0x43, 0x68, 0x61, 0x6e, 0x67, 0x7a, 0x68, 0x6f,
    0x75, 0x29, 0x20, 0x54, 0x65, 0x63, 0x68, 0x20, 0x43, 0x6f, 0x2e, 0x2c, 0x20, 0x4c, 0x74, 0x64,
    0x2e, 0x00, 0x42, 0x65, 0x69, 0x6a, 0x69, 0x6e, 0x67, 0x20, 0x53, 0x70, 0x72, 0x69, 0x6e, 0x67,
    0x20, 0x43, 0x72, 0x65, 0x61, 0x74, 0x69, 0x6f, 0x6e, 0x20, 0x54, 0x65, 0x63, 0x68, 0x6e, 0x6f,
    0x6c, 0x6f, 0x67, 0x79, 0x20, 0x43, 0x6f, 0x2e, 0x2c, 0x20, 0x4c, 0x74, 0x64, 0x2e, 0x00, 0x52,
    0x6f, 0x6b, 0x6b, 0x20, 0x4c, 0x69, 0x6d, 0x69, 0x74, 0x65, 0x64, 0x00, 0x4f, 0x4e, 0x45, 0x53,
    0x50, 0x41, 0x43, 0x45, 0x20, 0x54, 0x45, 0x43, 0x48, 0x4e, 0x4f, 0x4c, 0x4f, 0x47, 0x49, 0x45,
    0x53, 0x20, 0x28, 0x50, 0x54, 0x59, 0x29, 0x20, 0x4c, 0x54, 0x44, 0x00, 0x59, 0x75, 0x71, 0x75,
    0x61, 0x6e, 0x20, 0x53, 0x65, 0x6d, 0x69, 0x63, 0x6f, 0x6e, 0x64, 0x75, 0x63, 0x74, 0x6f, 0x72,
    0x20, 0x28, 0x58, 0x69, 0x61, 0x6d, 0x65, 0x6e, 0x29, 0x20, 0x43, 0x6f, 0x2e, 0x2c, 0x20, 0x4c,
    0x74, 0x64, 0x2e, 0x00, 0x45, 0x61, 0x73, 0x79, 0x20, 0x4d, 0x65, 0x61, 0x73, 0x75, 0x72, 0x65,
    0x20, 0x43, 0x6f, 0x2e, 0x2c, 0x20, 0x4c, 0x74, 0x64, 0x2e, 0x00, 0x53, 0x69, 0x63, 0x68, 0x75,
    0x61, 0x6e, 0x20, 0x43, 0x68, 0x61, 0x6e, 0x67, 0x68, 0x6f, 0x6e, 0x67, 0x20, 0x4e, 0x65, 0x6f,
    0x6e, 0x65, 0x74, 0x20, 0x54, 0x65, 0x63, 0x68, 0x6e, 0x6f, 0x6c, 0x6f, 0x67, 0x69, 0x65, 0x73,
    0x20, 0x43, 0x6f, 0x2e, 0x2c, 0x4c, 0x74, 0x64, 0x2e, 0x00, 0x43, 0x65, 0x6e, 0x74, 0x72, 0x6f,
    0x6d, 0x65, 0x72, 0x65, 0x20, 0x48, 0x6f, 0x6c, 0x64, 0x69, 0x6e, 0x67, 0x20, 0x42, 0x2e, 0x56,
    0x2e, 0x00, 0x47, 0x6c, 0x6f, 0x62, 0x61, 0x6c, 0x20, 0x4c, 0x69, 0x6e, 0x6b, 0x20, 0x44, 0x69,
    0x73, 0x74, 0x72, 0x69, 0x62, 0x75, 0x74, 0x69, 0x6f, 0x6e, 0x20, 0x43, 0x6f, 0x72, 0x70, 0x2e,
    0x00, 0x41, 0x6d, 0x70, 0x20, 0x46, 0x69, 0x74, 0x20, 0x49, 0x73, 0x72, 0x61, 0x65, 0x6c, 0x20,
    0x4c, 0x54, 0x44, 0x00, 0x54, 0x72, 0x65, 0x7a, 0x6f, 0x72, 0x20, 0x43, 0x6f, 0x6d, 0x70, 0x61,
    0x6e, 0x79, 0x20, 0x73, 0x2e, 0x72, 0x2e, 0x6f, 0x2e, 0x00, 0x4b, 0x45, 0x4c, 0x4c, 0x45, 0x52,
    0x20, 0x44, 0x72, 0x75, 0x63, 0x6b, 0x6d, 0x65, 0x73, 0x73, 0x74, 0x65, 0x63, 0x68, 0x6e, 0x69,
    0x6b, 0x20, 0x41, 0x47, 0x00, 0x45, 0x6c, 0x69, 0x74, 0x45, 0x6e, 0x67, 0x69, 0x6e, 0x65, 0x65,
    0x72, 0x69, 0x6e, 0x67, 0x20, 0x4c, 0x4c, 0x43, 0x00, 0x56, 0x69, 0x73, 0x69, 0x6f, 0x6e, 0x20,
    0x47, 0x72, 0x6f, 0x75, 0x70, 0x20, 0x49, 0x6e, 0x63, 0x2e, 0x00, 0x43, 0x6c, 0x69, 0x70, 0x73,
    0x43, 0x6c, 0x69, 0x70, 0x73, 0x20, 0x4c, 0x4c, 0x43, 0x00, 0x42, 0x52, 0x49, 0x54, 0x5a, 0x20,
    0x49, 0x4e, 0x54, 0x45, 0x52, 0x4e, 0x41, 0x54, 0x49, 0x4f, 0x4e, 0x41, 0x4c, 0x20, 0x43, 0x4f,
    0x2e, 0x2c, 0x4c, 0x54, 0x44, 0x00, 0x54, 0x68, 0x69, 0x6e, 0x67, 0x43, 0x6f, 0x20, 0x4c, 0x69,
    0x6d, 0x69, 0x74, 0x65, 0x64, 0x00, 0x4f, 0x70, 0x61, 0x6c, 0x20, 0x43, 0x61, 0x6d, 0x65, 0x72,
    0x61, 0x2c, 0x20, 0x49, 0x6e, 0x63, 0x2e, 0x00, 0x54, 0x45, 0x43, 0x48, 0x4e, 0x4f, 0x4c, 0x4f,
    0x47, 0x49, 0x45, 0x53, 0x20, 0x46, 0x4f, 0x52, 0x20, 0x46, 0x52, 0x45, 0x45, 0x52, 0x49, 0x44,
    0x45, 0x20, 0x73, 0x2e, 0x72, 0x2e, 0x6f, 0x00, 0x46, 0x4c, 0x49, 0x4e, 0x54, 0x45, 0x43, 0x20,
    0x55, 0x4b, 0x20, 0x4c, 0x49, 0x4d, 0x49, 0x54, 0x45, 0x44, 0x00, 0x54, 0x45, 0x54, 0x4e, 0x45,
    0x54, 0x00, 0x4e, 0x49, 0x4e, 0x47, 0x42, 0x4f, 0x20, 0x53, 0x48, 0x41, 0x52, 0x4b, 0x57, 0x41,
    0x52, 0x44, 0x20, 0x45, 0x4c, 0x45, 0x43, 0x54, 0x52, 0x4f, 0x4e, 0x49, 0x43, 0x53, 0x20, 0x43,
    0x4f, 0x2e, 0x2c, 0x4c, 0x54, 0x44, 0x00, 0x41, 0x75, 0x64, 0x65, 0x7a, 0x65, 0x20, 0x4c, 0x4c,
    0x43, 0x00, 0x4e, 0x4f, 0x44, 0x45, 0x52, 0x20, 0x4a, 0x6f, 0x69, 0x6e, 0x74, 0x20, 0x53, 0x74,
    0x6f, 0x63, 0x6b, 0x20, 0x43, 0x6f, 0x6d, 0x70, 0x61, 0x6e, 0x79, 0x00, 0x53, 0x63, 0x68, 0x75,
    0x65, 0x63, 0x6f, 0x20, 0x49, 0x6e, 0x74, 0x65, 0x72, 0x6e, 0x61, 0x74, 0x69, 0x6f, 0x6e, 0x61,
    0x6c, 0x20, 0x4b, 0x47, 0x00, 0x47, 0x49, 0x4c, 0x4c, 0x20, 0x49, 0x4e, 0x53, 0x54, 0x52, 0x55,
    0x4d, 0x45, 0x4e, 0x54, 0x53, 0x20, 0x4c, 0x49, 0x4d, 0x49, 0x54, 0x45, 0x44, 0x00, 0x53, 0x65,
    0x69, 0x74, 0x72, 0x6f, 0x6e, 0x20, 0x53, 0x70, 0x61, 0x00, 0x53, 0x6f, 0x75, 0x74, 0x68, 0x65,
    0x72, 0x6e, 0x20, 0x41, 0x75, 0x64, 0x69, 0x6f, 0x20, 0x53, 0x65, 0x72, 0x76, 0x69, 0x63, 0x65,
    0x73, 0x2c, 0x20, 0x49, 0x6e, 0x63, 0x00, 0x53, 0x41, 0x4e, 0x57, 0x41, 0x20, 0x4e, 0x45, 0x57,
    0x54, 0x45, 0x43, 0x20, 0x43, 0x4f, 0x2e, 0x2c, 0x4c, 0x54, 0x44, 0x2e, 0x00, 0x4d, 0x6f, 0x62,
    0x69, 0x6c, 0x65, 0x20, 0x54, 0x65, 0x63, 0x68, 0x6e, 0x6f, 0x6c, 0x6f, 0x67, 0x79, 0x20, 0x53,
    0x6f, 0x6c, 0x75, 0x74, 0x69, 0x6f, 0x6e, 0x73, 0x20, 0x4c, 0x4c, 0x43, 0x00, 0x56, 0x69, 0x74,
    0x69, 0x6f, 0x20, 0x4d, 0x65, 0x64, 0x69, 0x63, 0x61, 0x6c, 0x20, 0x53, 0x2e, 0x4c, 0x2e, 0x00,
    0x53, 0x61, 0x6c, 0x79, 0x78, 0x20, 0x4d, 0x65, 0x64, 0x69, 0x63, 0x61, 0x6c, 0x20, 0x49, 0x6e,
    0x63, 0x2e, 0x00, 0x4c, 0x61, 0x6e, 0x64, 0x69, 0x67, 0x20, 0x2b, 0x20, 0x4c, 0x61, 0x76, 0x61,
    0x20, 0x47, 0x6d, 0x62, 0x48, 0x20, 0x26, 0x20, 0x43, 0x6f, 0x2e, 0x20, 0x4b, 0x47, 0x00, 0x48,
    0x65, 0x61, 0x6c, 0x74, 0x68, 0x20, 0x44, 0x61, 0x74, 0x61, 0x20, 0x49, 0x6e, 0x73, 0x69, 0x67,
    0x68, 0x74, 0x20, 0x43, 0x2e, 0x49, 0x2e, 0x43, 0x2e, 0x00, 0x42, 0x4f, 0x4e, 0x58, 0x20, 0x49,
    0x4e, 0x43, 0x2e, 0x00, 0x4c, 0x49, 0x4e, 0x4b, 0x45, 0x44, 0x43, 0x48, 0x49, 0x50, 0x20, 0x54,
    0x45, 0x43, 0x48, 0x4e, 0x4f, 0x4c, 0x4f, 0x47, 0x59, 0x20, 0x49, 0x4e, 0x43, 0x00, 0x31, 0x32,
    0x6d, 0x6d, 0x20, 0x48, 0x65, 0x61, 0x6c, 0x74, 0x68, 0x20, 0x54, 0x65, 0x63, 0x68, 0x6e, 0x6f,
    0x6c, 0x6f, 0x67, 0x79, 0x20, 0x28, 0x48, 0x61, 0x69, 0x6e, 0x61, 0x6e, 0x29, 0x20, 0x43, 0x6f,
    0x2e, 0x2c, 0x20, 0x4c, 0x74, 0x64, 0x2e, 0x00, 0x4d, 0x41, 0x56, 0x45, 0x52, 0x49, 0x43, 0x4b,
    0x20, 0x45, 0x4e, 0x45, 0x52, 0x47, 0x59, 0x20, 0x53, 0x4f, 0x4c, 0x55, 0x54, 0x49, 0x4f, 0x4e,
    0x53, 0x20, 0x49, 0x4e, 0x54, 0x45, 0x52, 0x4e, 0x41, 0x54, 0x49, 0x4f, 0x4e, 0x41, 0x4c, 0x2c,
    0x49, 0x4e, 0x43, 0x00, 0x54, 0x61, 0x63, 0x74, 0x69, 0x63, 0x61, 0x20, 0x44, 0x65, 0x66, 0x65,
    0x6e, 0x73, 0x65, 0x20, 0x4c, 0x4c, 0x43, 0x00, 0x48, 0x75, 0x69, 0x7a, 0x68, 0x6f, 0x75, 0x20,
    0x4d, 0x65, 0x69, 0x63, 0x61, 0x6e, 0x78, 0x69, 0x6e, 0x20, 0x45, 0x6c, 0x65, 0x63, 0x74, 0x72,
    0x6f, 0x6e, 0x69, 0x63, 0x73, 0x20, 0x54, 0x65, 0x63, 0x68, 0x6e, 0x6f, 0x6c, 0x6f, 0x67, 0x79,
    0x20, 0x43, 0x6f, 0x2e, 0x2c, 0x4c, 0x74, 0x64, 0x00, 0x4c, 0x6f, 0x64, 0x65, 0x73, 0x74, 0x61,
    0x72, 0x20, 0x54, 0x65, 0x63, 0x68, 0x6e, 0x6f, 0x6c, 0x6f, 0x67, 0x79, 0x20, 0x49, 0x6e, 0x63,
    0x2e, 0x00, 0x49, 0x59, 0x4f, 0x20, 0x49, 0x4e, 0x43, 0x2e, 0x00, 0x4d, 0x69, 0x74, 0x73, 0x75,
    0x62, 0x69, 0x73, 0x68, 0x69, 0x20, 0x4d, 0x6f, 0x74, 0x6f, 0x72, 0x73, 0x20, 0x43, 0x6f, 0x72,
    0x70, 0x6f, 0x72, 0x61, 0x74, 0x69, 0x6f, 0x6e, 0x00, 0x64, 0x65, 0x73, 0x61, 0x6d, 0x69, 0x73,
    0x43, 0x6f, 0x2e, 0x2c, 0x4c, 0x74, 0x64, 0x2e, 0x00, 0x4a, 0x4c, 0x20, 0x57, 0x4f, 0x52, 0x4c,
    0x44, 0x20, 0x43, 0x4f, 0x52, 0x50, 0x4f, 0x52, 0x41, 0x54, 0x49, 0x4f, 0x4e, 0x20, 0x4c, 0x49,
    0x4d, 0x49, 0x54, 0x45, 0x44, 0x00, 0x51, 0x75, 0x6c, 0x69, 0x6e, 0x64, 0x61, 0x20, 0x41, 0x42,
    0x00, 0x4e, 0x69, 0x6e, 0x67, 0x62, 0x6f, 0x20, 0x44, 0x6f, 0x6f, 0x79, 0x61, 0x20, 0x4d, 0x65,
    0x63, 0x68, 0x61, 0x6e, 0x69, 0x63, 0x20, 0x26, 0x20, 0x45, 0x6c, 0x65, 0x63, 0x74, 0x72, 0x6f,
    0x6e, 0x69, 0x63, 0x20, 0x54, 0x65, 0x63, 0x68, 0x6e, 0x6f, 0x6c, 0x6f, 0x67, 0x79, 0x20, 0x43,
    0x6f, 0x2e, 0x2c, 0x20, 0x4c, 0x74, 0x64, 0x00, 0x47, 0x2d, 0x56, 0x69, 0x73, 0x69, 0x6f, 0x6e,
    0x20, 0x47, 0x6d, 0x62, 0x48, 0x00, 0x4c, 0x61, 0x6e, 0x74, 0x65, 0x72, 0x6e, 0x20, 0x49, 0x6e,
    0x6e, 0x6f, 0x76, 0x61, 0x74, 0x69, 0x6f, 0x6e, 0x73, 0x20, 0x49, 0x6e, 0x63, 0x6f, 0x72, 0x70,
    0x6f, 0x72, 0x61, 0x74, 0x65, 0x64, 0x00, 0x65, 0x62, 0x6d, 0x2d, 0x70, 0x61, 0x70, 0x73, 0x74,
    0x20, 0x4d, 0x75, 0x6c, 0x66, 0x69, 0x6e, 0x67, 0x65, 0x6e, 0x20, 0x47, 0x6d, 0x62, 0x48, 0x20,
    0x26, 0x20, 0x43, 0x6f, 0x2e, 0x20, 0x4b, 0x47, 0x61, 0x41, 0x20, 0x26, 0x20, 0x43, 0x6f, 0x2e,
    0x20, 0x4b, 0x47, 0x00, 0x53, 0x68, 0x65, 0x6e, 0x7a, 0x68, 0x65, 0x6e, 0x20, 0x59, 0x75, 0x6e,
    0x6b, 0x65, 0x20, 0x49, 0x6e, 0x74, 0x65, 0x6c, 0x6c, 0x69, 0x67, 0x65, 0x6e, 0x74, 0x20, 0x43,
    0x6f, 0x2e, 0x4c, 0x74, 0x64, 0x00, 0x46, 0x6c, 0x65, 0x64, 0x74, 0x20, 0x26, 0x20, 0x4d, 0x65,
    0x69, 0x74, 0x6f, 0x6e, 0x20, 0x4d, 0x61, 0x72, 0x69, 0x6e, 0x20, 0x41, 0x42, 0x00, 0x43, 0x6f,
    0x6e, 0x74, 0x69, 0x54, 0x65, 0x63, 0x68, 0x20, 0x44, 0x65, 0x75, 0x74, 0x73, 0x63, 0x68, 0x6c,
    0x61, 0x6e, 0x64, 0x20, 0x47, 0x6d, 0x62, 0x48, 0x00, 0x53, 0x65, 0x6e, 0x73, 0x6f, 0x74, 0x65,
    0x71, 0x20, 0x4c, 0x74, 0x64, 0x00, 0x41, 0x73, 0x74, 0x75, 0x74, 0x65, 0x20, 0x41, 0x63, 0x63,
    0x65, 0x73, 0x73, 0x20, 0x47, 0x72, 0x6f, 0x75, 0x70, 0x20, 0x4c, 0x69, 0x6d, 0x69, 0x74, 0x65,
    0x64, 0x00, 0x53, 0x69, 0x6c, 0x76, 0x65, 0x72, 0x6c, 0x61, 0x6b, 0x65, 0x20, 0x54, 0x65, 0x63,
    0x68, 0x6e, 0x6f, 0x6c, 0x6f, 0x67, 0x69, 0x65, 0x73, 0x00, 0x53, 0x68, 0x65, 0x6e, 0x7a, 0x68,
    0x65, 0x6e, 0x20, 0x47, 0x75, 0x6f, 0x2d, 0x6c, 0x69, 0x6e, 0x6b, 0x20, 0x54, 0x65, 0x63, 0x68,
    0x6e, 0x6f, 0x6c, 0x6f, 0x67, 0x79, 0x20, 0x43, 0x6f, 0x2e, 0x2c, 0x4c, 0x74, 0x64, 0x2e, 0x00,
    0x53, 0x69, 0x6c, 0x69, 0x63, 0x6f, 0x6e, 0x20, 0x56, 0x61, 0x6e, 0x64, 0x61, 0x6c, 0x73, 0x20,
    0x50, 0x54, 0x59, 0x20, 0x4c, 0x54, 0x44, 0x00, 0x56, 0x69, 0x62, 0x65, 0x20, 0x45, 0x6e, 0x65,
    0x72, 0x67, 0x79, 0x20, 0x42, 0x2e, 0x56, 0x2e, 0x00, 0x73, 0x68, 0x61, 0x6e, 0x67, 0x68, 0x61,
    0x69, 0x20, 0x66, 0x75, 0x64, 0x61, 0x6e, 0x20, 0x65, 0x6c, 0x65, 0x63, 0x74, 0x72, 0x6f, 0x6e,
    0x69, 0x63, 0x73, 0x20, 0x67, 0x72, 0x6f, 0x75, 0x70, 0x20, 0x63, 0x6f, 0x6d, 0x70, 0x61, 0x6e,
    0x79, 0x20, 0x43, 0x6f, 0x2e, 0x20, 0x4c, 0x74, 0x64, 0x00, 0x4d, 0x69, 0x63, 0x72, 0x6f, 0x20,
    0x54, 0x65, 0x63, 0x68, 0x6e, 0x6f, 0x6c, 0x6f, 0x67, 0x79, 0x20, 0x53, 0x65, 0x72, 0x76, 0x69,
    0x63, 0x65, 0x73, 0x2c, 0x20, 0x49, 0x6e, 0x63, 0x2e, 0x00, 0x4c, 0x65, 0x61, 0x70, 0x63, 0x72,
    0x61, 0x66, 0x74, 0x20, 0x41, 0x70, 0x53, 0x00, 0x57, 0x55, 0x58, 0x49, 0x20, 0x57, 0x45, 0x49,
    0x44, 0x41, 0x20, 0x49, 0x4e, 0x54, 0x45, 0x4c, 0x4c, 0x49, 0x47, 0x45, 0x4e, 0x54, 0x20, 0x45,
    0x4c, 0x45, 0x43, 0x54, 0x52, 0x4f, 0x4e, 0x49, 0x43, 0x53, 0x20, 0x43, 0x4f, 0x2e, 0x2c, 0x4c,
    0x54, 0x44, 0x2e, 0x00, 0x52, 0x4f, 0x42, 0x53, 0x4f, 0x4e, 0x20, 0x53, 0x52, 0x4c, 0x00, 0x48,
    0x79, 0x6f, 0x6c, 0x69, 0x6d, 0x58, 0x45, 0x20, 0x43, 0x6f, 0x2e, 0x2c, 0x20, 0x4c, 0x74, 0x64,
    0x2e, 0x00, 0x4b, 0x65, 0x68, 0x77, 0x69, 0x6e, 0x20, 0x54, 0x65, 0x63, 0x68, 0x6e, 0x6f, 0x6c,
    0x6f, 0x67, 0x69, 0x65, 0x73, 0x20, 0x43, 0x6f, 0x2e, 0x20, 0x4c, 0x74, 0x64, 0x2e, 0x00, 0x57,
    0x41, 0x54, 0x54, 0x45, 0x52, 0x2c, 0x20, 0x49, 0x6e, 0x63, 0x2e, 0x00, 0x53, 0x61, 0x66, 0x65,
    0x4e, 0x6f, 0x77, 0x20, 0x47, 0x6d, 0x62, 0x48, 0x00, 0x43, 0x5a, 0x56, 0x2c, 0x20, 0x49, 0x6e,
    0x63, 0x00, 0x42, 0x49, 0x47, 0x52, 0x45, 0x44, 0x42, 0x45, 0x45, 0x2c, 0x20, 0x4c, 0x4c, 0x43,
    0x00, 0x57, 0x68, 0x69, 0x74, 0x65, 0x20, 0x45, 0x61, 0x67, 0x6c, 0x65, 0x20, 0x53, 0x6f, 0x6e,
    0x69, 0x63, 0x20, 0x54, 0x65, 0x63, 0x68, 0x6e, 0x6f, 0x6c, 0x6f, 0x67, 0x69, 0x65, 0x73, 0x2c,
    0x20, 0x49, 0x6e, 0x63, 0x2e, 0x00, 0x4e, 0x61, 0x76, 0x69, 0x63, 0x6f, 0x00, 0x41, 0x6e, 0x63,
    0x6f, 0x65, 0x20, 0x49, 0x6e, 0x64, 0x75, 0x73, 0x74, 0x72, 0x79, 0x20, 0x43, 0x6f, 0x72, 0x70,
    0x6f, 0x72, 0x61, 0x74, 0x69, 0x6f, 0x6e, 0x00, 0x52, 0x6f, 0x61, 0x6d, 0x20, 0x44, 0x65, 0x76,
    0x69, 0x63, 0x65, 0x73, 0x20, 0x4c, 0x4c, 0x43, 0x00, 0x53, 0x6b, 0x79, 0x77, 0x61, 0x6c, 0x6b,
    0x20, 0x49, 0x6e, 0x63, 0x2e, 0x00, 0x42, 0x69, 0x6f, 0x67, 0x65, 0x6e, 0x74, 0x73, 0x20, 0x41,
    0x47, 0x00, 0x4d, 0x4f, 0x44, 0x52, 0x45, 0x54, 0x52, 0x4f, 0x2c, 0x20, 0x49, 0x4e, 0x43, 0x2e,
    0x00, 0x69, 0x53, 0x69, 0x20, 0x57, 0x65, 0x61, 0x72, 0x61, 0x62, 0x6c, 0x65, 0x20, 0x53, 0x61,
    0x66, 0x65, 0x74, 0x79, 0x20, 0x47, 0x6d, 0x62, 0x48, 0x00, 0x6f, 0x6e, 0x61, 0x6e, 0x6f, 0x66,
    0x66, 0x20, 0x6c, 0x69, 0x6d, 0x69, 0x74, 0x65, 0x64, 0x00, 0x54, 0x45, 0x43, 0x48, 0x46, 0x4c,
    0x49, 0x54, 0x54, 0x45, 0x52, 0x20, 0x53, 0x4f, 0x4c, 0x55, 0x54, 0x49, 0x4f, 0x4e, 0x53, 0x20,
    0x50, 0x52, 0x49, 0x56, 0x41, 0x54, 0x45, 0x20, 0x4c, 0x49, 0x4d, 0x49, 0x54, 0x45, 0x44, 0x00,
    0x50, 0x49, 0x52, 0x49, 0x54, 0x49, 0x5a, 0x20, 0x4c, 0x4c, 0x43, 0x00, 0x46, 0x4c, 0x4f, 0x52,
    0x4c, 0x49, 0x4e, 0x4b, 0x2c, 0x20, 0x49, 0x4e, 0x43, 0x2e, 0x00, 0x4b, 0x65, 0x79, 0x63, 0x61,
    0x66, 0x65, 0x20, 0x49, 0x6e, 0x63, 0x2e, 0x00, 0x53, 0x70, 0x65, 0x72, 0x72, 0x79, 0x20, 0x4c,
    0x61, 0x62, 0x73, 0x20, 0x4c, 0x4c, 0x43, 0x00, 0x53, 0x65, 0x6e, 0x73, 0x65, 0x6f, 0x6e, 0x69,
    0x63, 0x73, 0x2c, 0x20, 0x49, 0x6e, 0x63, 0x6f, 0x72, 0x70, 0x6f, 0x72, 0x61, 0x74, 0x65, 0x64,
    0x00, 0x73, 0x69, 0x6d, 0x61, 0x74, 0x65, 0x63, 0x20, 0x61, 0x67, 0x00, 0x43, 0x52, 0x4f, 0x53,
    0x53, 0x20, 0x42, 0x52, 0x41, 0x49, 0x4e, 0x20, 0x43, 0x4f, 0x2e, 0x2c, 0x4c, 0x74, 0x64, 0x2e,
    0x00, 0x41, 0x6c, 0x73, 0x6f, 0x2c, 0x20, 0x49, 0x6e, 0x63, 0x2e, 0x00, 0x57, 0x61, 0x6c, 0x74,
    0x65, 0x72, 0x20, 0x4d, 0x75, 0x65, 0x6c, 0x6c, 0x65, 0x72, 0x20, 0x49, 0x6e, 0x63, 0x2e, 0x20,
    0x66, 0x6f, 0x72, 0x20, 0x49, 0x6e, 0x64, 0x75, 0x73, 0x74, 0x72, 0x69, 0x61, 0x6c, 0x20, 0x45,
    0x6c, 0x65, 0x63, 0x74, 0x72, 0x6f, 0x6e, 0x69, 0x63, 0x73, 0x00, 0x53, 0x48, 0x45, 0x4e, 0x5a,
    0x48, 0x45, 0x4e, 0x20, 0x47, 0x55, 0x41, 0x4e, 0x47, 0x20, 0x51, 0x49, 0x20, 0x47, 0x55, 0x4f,
    0x20, 0x43, 0x48, 0x55, 0x41, 0x4e, 0x47, 0x20, 0x54, 0x45, 0x43, 0x48, 0x4e, 0x4f, 0x4c, 0x4f,
    0x47, 0x59, 0x20, 0x43, 0x4f, 0x2e, 0x2c, 0x4c, 0x54, 0x44, 0x00, 0x53, 0x4b, 0x59, 0x52, 0x4f,
    0x41, 0x4d, 0x2c, 0x20, 0x49, 0x4e, 0x43, 0x2e, 0x00, 0x50, 0x6f, 0x6c, 0x6b, 0x20, 0x41, 0x75,
    0x64, 0x69, 0x6f, 0x00, 0x65, 0x51, 0x2d, 0x33, 0x20, 0x41, 0x47, 0x00, 0x73, 0x68, 0x65, 0x6e,
    0x7a, 0x68, 0x65, 0x6e, 0x20, 0x48, 0x6f, 0x6c, 0x79, 0x69, 0x6f, 0x74, 0x20, 0x54, 0x65, 0x63,
    0x68, 0x6e, 0x6f, 0x6c, 0x6f, 0x67, 0x79, 0x20, 0x43, 0x6f, 0x2e, 0x2c, 0x4c, 0x74, 0x64, 0x00,
    0x42, 0x61, 0x64, 0x61, 0x73, 0x73, 0x20, 0x65, 0x42, 0x69, 0x6b, 0x65, 0x73, 0x20, 0x47, 0x6d,
    0x62, 0x48, 0x00, 0x48, 0x79, 0x64, 0x72, 0x6f, 0x20, 0x45, 0x6c, 0x65, 0x63, 0x74, 0x72, 0x6f,
    0x6e, 0x69, 0x63, 0x20, 0x44, 0x65, 0x76, 0x69, 0x63, 0x65, 0x73, 0x2c, 0x20, 0x49, 0x6e, 0x63,
    0x2e, 0x00, 0x49, 0x4e, 0x20, 0x50, 0x68, 0x61, 0x73, 0x65, 0x20, 0x49, 0x6e, 0x74, 0x65, 0x72,
    0x6e, 0x61, 0x74, 0x69, 0x6f, 0x6e, 0x61, 0x6c, 0x20, 0x6c, 0x54, 0x44, 0x00, 0x41, 0x6d, 0x6f,
    0x6e, 0x20, 0x43, 0x6f, 0x2e, 0x4c, 0x74, 0x64, 0x2e, 0x00, 0x43, 0x61, 0x6c, 0x70, 0x65, 0x64,
    0x61, 0x20, 0x53, 0x2e, 0x70, 0x2e, 0x41, 0x2e, 0x00, 0x4b, 0x54, 0x20, 0x4d, 0x69, 0x63, 0x72,
    0x6f, 0x2c, 0x20, 0x49, 0x6e, 0x63, 0x2e, 0x00, 0x48, 0x61, 0x6e, 0x67, 0x7a, 0x68, 0x6f, 0x75,
    0x20, 0x53, 0x63, 0x69, 0x65, 0x6e, 0x65, 0x72, 0x20, 0x53, 0x6d, 0x61, 0x72, 0x74, 0x20, 0x54,
    0x65, 0x63, 0x68, 0x6e, 0x6f, 0x6c, 0x6f, 0x67, 0x79, 0x20, 0x43, 0x6f, 0x2e, 0x2c, 0x20, 0x4c,
    0x74, 0x64, 0x2e, 0x00, 0x4c, 0x61, 0x6b, 0x65, 0x63, 0x72, 0x65, 0x73, 0x74, 0x20, 0x50, 0x74,
    0x79, 0x20, 0x4c, 0x74, 0x64, 0x00, 0x41, 0x6e, 0x61, 0x63, 0x6f, 0x76, 0x65, 0x20, 0x49, 0x6e,
    0x63, 0x2e, 0x00, 0x4b, 0x6f, 0x68, 0x6c, 0x65, 0x72, 0x20, 0x56, 0x65, 0x6e, 0x74, 0x75, 0x72,
    0x65, 0x73, 0x2c, 0x20, 0x49, 0x6e, 0x63, 0x2e, 0x00, 0x53, 0x54, 0x4f, 0x52, 0x45, 0x49, 0x4f,
    0x20, 0x54, 0x45, 0x43, 0x48, 0x4e, 0x4f, 0x4c, 0x4f, 0x47, 0x49, 0x45, 0x53, 0x20, 0x4c, 0x54,
    0x44, 0x00, 0x49, 0x6e, 0x6e, 0x6f, 0x67, 0x61, 0x6e, 0x64, 0x6f, 0x20, 0x53, 0x2e, 0x4c, 0x2e,
    0x00, 0x41, 0x2e, 0x59, 0x2e, 0x20, 0x4d, 0x63, 0x44, 0x6f, 0x6e, 0x61, 0x6c, 0x64, 0x20, 0x4d,
    0x66, 0x67, 0x2e, 0x20, 0x43, 0x6f, 0x2e, 0x00, 0x52, 0x4f, 0x59, 0x41, 0x4c, 0x20, 0x50, 0x41,
    0x52, 0x54, 0x53, 0x20, 0x43, 0x4f, 0x2e, 0x2c, 0x4c, 0x54, 0x44, 0x00, 0x4a, 0x55, 0x52, 0x45,
    0x4e, 0x20, 0x43, 0x4f, 0x2e, 0x2c, 0x20, 0x4c, 0x54, 0x44, 0x2e, 0x00, 0x42, 0x69, 0x63, 0x65,
    0x65, 0x6b, 0x20, 0x49, 0x6e, 0x63, 0x00, 0x53, 0x49, 0x47, 0x4e, 0x55, 0x4d, 0x20, 0x49, 0x4e,
    0x54, 0x45, 0x4c, 0x4c, 0x49, 0x47, 0x45, 0x4e, 0x43, 0x45, 0x20, 0x4c, 0x54, 0x44, 0x00, 0x4d,
    0x4f, 0x42, 0x49, 0x37, 0x20, 0x54, 0x45, 0x43, 0x4e, 0x4f, 0x4c, 0x4f, 0x47, 0x49, 0x41, 0x20,
    0x45, 0x4d, 0x20, 0x4d, 0x4f, 0x42, 0x49, 0x4c, 0x49, 0x44, 0x41, 0x44, 0x45, 0x20, 0x53, 0x2e,
    0x41, 0x2e, 0x00, 0x56, 0x61, 0x6c, 0x6f, 0x73, 0x74, 0x72, 0x61, 0x20, 0x44, 0x69, 0x67, 0x69,
    0x74, 0x61, 0x6c, 0x20, 0x56, 0x65, 0x6e, 0x74, 0x75, 0x72, 0x65, 0x73, 0x20, 0x4c, 0x4c, 0x50,
    0x00, 0x45, 0x74, 0x68, 0x6f, 0x73, 0x20, 0x47, 0x72, 0x6f, 0x75, 0x70, 0x2c, 0x20, 0x49, 0x6e,
    0x63, 0x2e, 0x00, 0x41, 0x6b, 0x74, 0x69, 0x65, 0x62, 0x6f, 0x6c, 0x61, 0x67, 0x65, 0x74, 0x20,
    0x45, 0x62, 0x65, 0x63, 0x6f, 0x00, 0x49, 0x44, 0x58, 0x20, 0x43, 0x6f, 0x6d, 0x70, 0x61, 0x6e,
    0x79, 0x2c, 0x20, 0x4c, 0x74, 0x64, 0x2e, 0x00, 0x44, 0x6f, 0x6e, 0x67, 0x67, 0x75, 0x61, 0x6e,
    0x67, 0x20, 0x48, 0x75, 0x61, 0x73, 0x6f, 0x6f, 0x20, 0x41, 0x75, 0x74, 0x6f, 0x6d, 0x61, 0x74,
    0x69, 0x6f, 0x6e, 0x20, 0x54, 0x65, 0x63, 0x68, 0x6e, 0x6f, 0x6c, 0x6f, 0x67, 0x79, 0x20, 0x43,
    0x6f, 0x6d, 0x70, 0x61, 0x6e, 0x79, 0x20, 0x4c, 0x69, 0x6d, 0x69, 0x74, 0x65, 0x64, 0x00, 0x53,
    0x45, 0x49, 0x4b, 0x4f, 0x49, 0x53, 0x54, 0x2c, 0x20, 0x49, 0x4e, 0x43, 0x00, 0x53, 0x50, 0x58,
    0x20, 0x41, 0x69, 0x64, 0x73, 0x20, 0x74, 0x6f, 0x20, 0x4e, 0x61, 0x76, 0x69, 0x67, 0x61, 0x74,
    0x69, 0x6f, 0x6e, 0x20, 0x4f, 0x79, 0x00, 0x46, 0x69, 0x74, 0x6e, 0x65, 0x78, 0x61, 0x20, 0x49,
    0x6e, 0x63, 0x00, 0x44, 0x45, 0x5a, 0x49, 0x4e, 0x45, 0x20, 0x47, 0x52, 0x4f, 0x55, 0x50, 0x20,
    0x4c, 0x4c, 0x43, 0x00, 0x45, 0x69, 0x72, 0x69, 0x74, 0x73, 0x75, 0x20, 0x45, 0x6c, 0x65, 0x63,
    0x74, 0x72, 0x6f, 0x6e, 0x69, 0x63, 0x73, 0x20, 0x49, 0x6e, 0x64, 0x75, 0x73, 0x74, 0x72, 0x79,
    0x20, 0x43, 0x6f, 0x2e, 0x2c, 0x20, 0x4c, 0x74, 0x64, 0x2e, 0x00, 0x48, 0x61, 0x6e, 0x73, 0x68,
    0x6f, 0x77, 0x20, 0x54, 0x65, 0x63, 0x68, 0x6e, 0x6f, 0x6c, 0x6f, 0x67, 0x79, 0x20, 0x43, 0x6f,
    0x2e, 0x2c, 0x4c, 0x74, 0x64, 0x2e, 0x00, 0x57, 0x65, 0x50, 0x6f, 0x77, 0x65, 0x72, 0x20, 0x54,
    0x65, 0x63, 0x68, 0x6e, 0x6f, 0x6c, 0x6f, 0x67, 0x69, 0x65, 0x73, 0x20, 0x4c, 0x4c, 0x43, 0x00,
    0x49, 0x52, 0x54, 0x72, 0x61, 0x6e, 0x73, 0x20, 0x47, 0x6d, 0x62, 0x48, 0x00, 0x48, 0x69, 0x62,
    0x69, 0x6e, 0x6f, 0x20, 0x43, 0x6f, 0x72, 0x70, 0x6f, 0x72, 0x61, 0x74, 0x69, 0x6f, 0x6e, 0x00,
    0x53, 0x65, 0x69, 0x6b, 0x6f, 0x20, 0x46, 0x75, 0x74, 0x75, 0x72, 0x65, 0x20, 0x43, 0x72, 0x65,
    0x61, 0x74, 0x69, 0x6f, 0x6e, 0x20, 0x49, 0x6e, 0x63, 0x2e, 0x00, 0x44, 0x50, 0x20, 0x49, 0x4f,
    0x54, 0x00, 0x50, 0x41, 0x4c, 0x52, 0x45, 0x44, 0x20, 0x52, 0x45, 0x54, 0x41, 0x49, 0x4c, 0x20,
    0x50, 0x52, 0x49, 0x56, 0x41, 0x54, 0x45, 0x20, 0x4c, 0x49, 0x4d, 0x49, 0x54, 0x45, 0x44, 0x00,
    0x42, 0x49, 0x41, 0x20, 0x4e, 0x45, 0x55, 0x52, 0x4f, 0x53, 0x43, 0x49, 0x45, 0x4e, 0x43, 0x45,
    0x20, 0x49, 0x4e, 0x43, 0x2e, 0x00, 0x42, 0x2e, 0x45, 0x2e, 0x47, 0x2e, 0x20, 0x42, 0x72, 0x75,
    0x65, 0x63, 0x6b, 0x20, 0x45, 0x6c, 0x65, 0x63, 0x74, 0x72, 0x6f, 0x6e, 0x69, 0x63, 0x20, 0x47,
    0x6d, 0x62, 0x48, 0x00, 0x4e, 0x69, 0x63, 0x65, 0x20, 0x53, 0x70, 0x61, 0x00, 0x41, 0x76, 0x61,
    0x6e, 0x6f, 0x73, 0x20, 0x4d, 0x65, 0x64, 0x69, 0x63, 0x61, 0x6c, 0x2c, 0x20, 0x49, 0x6e, 0x63,
    0x2e, 0x00, 0x55, 0x67, 0x72, 0x65, 0x65, 0x6e, 0x20, 0x47, 0x72, 0x6f, 0x75, 0x70, 0x20, 0x4c,
    0x69, 0x6d, 0x69, 0x74, 0x65, 0x64, 0x00, 0x73, 0x70, 0x68, 0x65, 0x72, 0x65, 0x74, 0x65, 0x6b,
    0x20, 0x6a, 0x61, 0x70, 0x61, 0x6e, 0x00, 0x53, 0x65, 0x6e, 0x74, 0x69, 0x20, 0x54, 0x65, 0x63,
    0x68, 0x6e, 0x6f, 0x6c, 0x6f, 0x67, 0x69, 0x65, 0x73, 0x20, 0x50, 0x72, 0x69, 0x76, 0x61, 0x74,
    0x65, 0x20, 0x4c, 0x69, 0x6d, 0x69, 0x74, 0x65, 0x64, 0x00, 0x52, 0x61, 0x6e, 0x63, 0x68, 0x20,
    0x53, 0x79, 0x73, 0x74, 0x65, 0x6d, 0x73, 0x2c, 0x20, 0x49, 0x6e, 0x63, 0x2e, 0x00, 0x53, 0x75,
    0x7a, 0x68, 0x6f, 0x75, 0x20, 0x46, 0x61, 0x6e, 0x78, 0x69, 0x20, 0x54, 0x65, 0x63, 0x68, 0x6e,
    0x6f, 0x6c, 0x6f, 0x67, 0x79, 0x20, 0x43, 0x6f, 0x2e, 0x2c, 0x20, 0x4c, 0x74, 0x64, 0x2e, 0x00,
    0x47, 0x65, 0x6f, 0x20, 0x52, 0x61, 0x64, 0x61, 0x72, 0x20, 0x41, 0x49, 0x20, 0x50, 0x72, 0x69,
    0x76, 0x61, 0x74, 0x65, 0x20, 0x4c, 0x69, 0x6d, 0x69, 0x74, 0x65, 0x64, 0x00, 0x46, 0x6c, 0x69,
    0x74, 0x73, 0x6d, 0x65, 0x69, 0x73, 0x74, 0x65, 0x72, 0x20, 0x42, 0x2e, 0x56, 0x2e, 0x00, 0x54,
    0x68, 0x65, 0x20, 0x41, 0x49, 0x20, 0x54, 0x6f, 0x79, 0x20, 0x43, 0x6f, 0x6d, 0x70, 0x61, 0x6e,
    0x79, 0x00, 0x43, 0x61, 0x70, 0x61, 0x63, 0x69, 0x74, 0x65, 0x00, 0x54, 0x65, 0x72, 0x61, 0x73,
    0x69, 0x74, 0x65, 0x20, 0x54, 0x65, 0x63, 0x68, 0x6e, 0x6f, 0x6c, 0x6f, 0x67, 0x69, 0x65, 0x73,
    0x00, 0x47, 0x65, 0x6e, 0x65, 0x72, 0x61, 0x6c, 0x20, 0x52, 0x65, 0x73, 0x69, 0x73, 0x74, 0x61,
    0x6e, 0x63, 0x65, 0x2c, 0x20, 0x4c, 0x4c, 0x43, 0x00, 0x41, 0x76, 0x69, 0x76, 0x6f, 0x6d, 0x65,
    0x64, 0x20, 0x49, 0x6e, 0x63, 0x2e, 0x00, 0x50, 0x4c, 0x41, 0x55, 0x44, 0x20, 0x49, 0x6e, 0x63,
    0x2e, 0x00, 0x48, 0x6f, 0x6f, 0x6b, 0x65, 0x64, 0x20, 0x53, 0x6f, 0x63, 0x69, 0x65, 0x74, 0x79,
    0x20, 0x4f, 0x79, 0x20, 0x4c, 0x74, 0x64, 0x00, 0x53, 0x74, 0x6f, 0x6e, 0x65, 0x44, 0x65, 0x76,
    0x69, 0x63, 0x65, 0x73, 0x00, 0x48, 0x61, 0x6e, 0x67, 0x7a, 0x68, 0x6f, 0x75, 0x20, 0x4e, 0x61,
    0x6e, 0x6f, 0x20, 0x49, 0x43, 0x20, 0x54, 0x65, 0x63, 0x68, 0x6e, 0x6f, 0x6c, 0x6f, 0x67, 0x69,
    0x65, 0x73, 0x20, 0x43, 0x6f, 0x2c, 0x2e, 0x20, 0x4c, 0x74, 0x64, 0x00, 0x54, 0x51, 0x2d, 0x53,
    0x79, 0x73, 0x74, 0x65, 0x6d, 0x73, 0x20, 0x47, 0x6d, 0x62, 0x48, 0x00, 0x48, 0x61, 0x70, 0x6e,
    0x20, 0x48, 0x6f, 0x6c, 0x64, 0x69, 0x6e, 0x67, 0x73, 0x2c, 0x20, 0x4c, 0x4c, 0x43, 0x00, 0x53,
    0x49, 0x54, 0x45, 0x52, 0x57, 0x45, 0x4c, 0x4c, 0x20, 0x45, 0x4c, 0x45, 0x43, 0x54, 0x52, 0x4f,
    0x4e, 0x49, 0x43, 0x53, 0x20, 0x43, 0x4f, 0x2e, 0x2c, 0x4c, 0x49, 0x4d, 0x49, 0x54, 0x45, 0x44,
    0x00, 0x53, 0x68, 0x65, 0x6e, 0x7a, 0x68, 0x65, 0x6e, 0x20, 0x4d, 0x75, 0x74, 0x75, 0x61, 0x6c,
    0x20, 0x54, 0x65, 0x63, 0x68, 0x6e, 0x6f, 0x6c, 0x6f, 0x67, 0x79, 0x20, 0x43, 0x6f, 0x2e, 0x2c,
    0x20, 0x4c, 0x74, 0x64, 0x00, 0x43, 0x6f, 0x73, 0x6f, 0x6e, 0x69, 0x63, 0x20, 0x49, 0x6e, 0x74,
    0x65, 0x6c, 0x6c, 0x69, 0x67, 0x65, 0x6e, 0x74, 0x20, 0x54, 0x65, 0x63, 0x68, 0x6e, 0x6f, 0x6c,
    0x6f, 0x67, 0x69, 0x65, 0x73, 0x20, 0x43, 0x6f, 0x2e, 0x2c, 0x20, 0x4c, 0x74, 0x64, 0x2e, 0x00,
    0x52, 0x6f, 0x6c, 0x6c, 0x65, 0x61, 0x73, 0x65, 0x20, 0x41, 0x63, 0x6d, 0x65, 0x64, 0x61, 0x2c,
    0x20, 0x49, 0x6e, 0x63, 0x2e, 0x00, 0x41, 0x54, 0x41, 0x4e, 0x53, 0x20, 0x54, 0x45, 0x43, 0x48,
    0x4e, 0x4f, 0x4c, 0x4f, 0x47, 0x59, 0x20, 0x49, 0x4e, 0x43, 0x2e, 0x00, 0x4c, 0x6f, 0x63, 0x75,
    0x73, 0x20, 0x52, 0x6f, 0x62, 0x6f, 0x74, 0x69, 0x63, 0x73, 0x20, 0x43, 0x6f, 0x72, 0x70, 0x2e,
    0x00, 0x54, 0x61, 0x69, 0x67, 0x61, 0x49, 0x6f, 0x54, 0x00, 0x54, 0x72, 0x69, 0x64, 0x65, 0x6e,
    0x74, 0x69, 0x66, 0x79, 0x20, 0x41, 0x42, 0x00, 0x4c, 0x69, 0x74, 0x74, 0x6c, 0x65, 0x62, 0x69,
    0x72, 0x64, 0x20, 0x43, 0x6f, 0x6e, 0x6e, 0x65, 0x63, 0x74, 0x65, 0x64, 0x20, 0x43, 0x61, 0x72,
    0x65, 0x2c, 0x20, 0x49, 0x6e, 0x63, 0x2e, 0x00, 0x41, 0x69, 0x72, 0x20, 0x41, 0x75, 0x74, 0x6f,
    0x6d, 0x6f, 0x74, 0x69, 0x76, 0x65, 0x20, 0x74, 0x72, 0x61, 0x63, 0x6b, 0x69, 0x6e, 0x67, 0x20,
    0x49, 0x6e, 0x63, 0x2e, 0x00, 0x49, 0x53, 0x53, 0x50, 0x52, 0x4f, 0x2c, 0x20, 0x49, 0x4e, 0x43,
    0x00, 0x53, 0x68, 0x65, 0x6e, 0x7a, 0x68, 0x65, 0x6e, 0x20, 0x4a, 0x69, 0x6d, 0x69, 0x20, 0x6c,
    0x6f, 0x54, 0x20, 0x43, 0x6f, 0x2e, 0x2c, 0x4c, 0x74, 0x64, 0x00, 0x46, 0x75, 0x6c, 0x53, 0x63,
    0x69, 0x65, 0x6e, 0x63, 0x65, 0x20, 0x41, 0x75, 0x74, 0x6f, 0x6d, 0x6f, 0x74, 0x69, 0x76, 0x65,
    0x20, 0x45, 0x6c, 0x65, 0x63, 0x74, 0x72, 0x6f, 0x6e, 0x69, 0x63, 0x73, 0x20, 0x43, 0x6f, 0x2e,
    0x2c, 0x20, 0x4c, 0x74, 0x64, 0x2e, 0x00, 0x48, 0x79, 0x70, 0x65, 0x72, 0x73, 0x68, 0x65, 0x6c,
    0x6c, 0x20, 0x43, 0x6f, 0x2e, 0x2c, 0x20, 0x4c, 0x74, 0x64, 0x00, 0x41, 0x53, 0x44, 0x20, 0x4c,
    0x69, 0x67, 0x68, 0x74, 0x69, 0x6e, 0x67, 0x20, 0x50, 0x4c, 0x43, 0x00, 0x50, 0x68, 0x61, 0x72,
    0x6f, 0x78, 0x20, 0x42, 0x2e, 0x56, 0x2e, 0x00, 0x45, 0x66, 0x6f, 0x72, 0x74, 0x68, 0x69, 0x6e,
    0x6b, 0x20, 0x54, 0x65, 0x63, 0x68, 0x6e, 0x6f, 0x6c, 0x6f, 0x67, 0x79, 0x20, 0x43, 0x6f, 0x2e,
    0x2c, 0x20, 0x4c, 0x74, 0x64, 0x2e, 0x00, 0x5a, 0x69, 0x72, 0x62, 0x65, 0x6c, 0x20, 0x42, 0x69,
    0x6b, 0x65, 0x20, 0x47, 0x6d, 0x62, 0x48, 0x00, 0x4c, 0x65, 0x67, 0x61, 0x74, 0x6f, 0x20, 0x41,
    0x75, 0x64, 0x69, 0x6f, 0x2c, 0x20, 0x49, 0x6e, 0x63, 0x2e, 0x00, 0x42, 0x69, 0x6f, 0x63, 0x6f,
    0x72, 0x70, 0x20, 0x50, 0x72, 0x6f, 0x64, 0x75, 0x63, 0x74, 0x69, 0x6f, 0x6e, 0x00, 0x4e, 0x65,
    0x75, 0x72, 0x6f, 0x74, 0x68, 0x65, 0x72, 0x61, 0x70, 0x65, 0x75, 0x74, 0x69, 0x63, 0x73, 0x20,
    0x4c, 0x74, 0x64, 0x00, 0x57, 0x69, 0x6d, 0x61, 0x74, 0x65, 0x20, 0x54, 0x65, 0x63, 0x68, 0x6e,
    0x6f, 0x6c, 0x6f, 0x67, 0x79, 0x20, 0x53, 0x6f, 0x6c, 0x75, 0x74, 0x69, 0x6f, 0x6e, 0x73, 0x20,
    0x50, 0x76, 0x74, 0x20, 0x4c, 0x74, 0x64, 0x00, 0x4e, 0x4f, 0x4a, 0x41, 0x20, 0x50, 0x6f, 0x77,
    0x65, 0x72, 0x00, 0x4e, 0x65, 0x73, 0x74, 0x6c, 0x61, 0x62, 0x20, 0x41, 0x53, 0x00, 0x53, 0x74,
    0x61, 0x72, 0x6b, 0x20, 0x46, 0x75, 0x74, 0x75, 0x72, 0x65, 0x20, 0x53, 0x4c, 0x00, 0x41, 0x75,
    0x72, 0x61, 0x6e, 0x6f, 0x76, 0x61, 0x20, 0x4c, 0x4c, 0x43, 0x00, 0x44, 0x6f, 0x6d, 0x74, 0x65,
    0x6b, 0x6e, 0x69, 0x6b, 0x61, 0x20, 0x53, 0x2e, 0x41, 0x00, 0x59, 0x44, 0x49, 0x49, 0x54, 0x20,
    0x43, 0x6f, 0x2e, 0x2c, 0x20, 0x4c, 0x74, 0x64, 0x00, 0x51, 0x52, 0x49, 0x54, 0x41, 0x47, 0x59,
    0x41, 0x20, 0x4c, 0x4c, 0x50, 0x00, 0x54, 0x65, 0x6c, 0x65, 0x6d, 0x61, 0x63, 0x79, 0x20, 0x4c,
    0x74, 0x64, 0x00, 0x4c, 0x49, 0x4f, 0x54, 0x59, 0x53, 0x00, 0x48, 0x6f, 0x6e, 0x64, 0x61, 0x74,
    0x61, 0x2c, 0x20, 0x49, 0x6e, 0x63, 0x2e, 0x00, 0x53, 0x49, 0x56, 0x41, 0x20, 0x49, 0x6e, 0x6f,
    0x74, 0x65, 0x63, 0x20, 0x4c, 0x69, 0x6d, 0x69, 0x74, 0x65, 0x64, 0x00, 0x52, 0x45, 0x4d, 0x44,
    0x45, 0x56, 0x49, 0x43, 0x45, 0x20, 0x53, 0x2e, 0x52, 0x2e, 0x4c, 0x2e, 0x00, 0x4e, 0x49, 0x56,
    0x45, 0x4c, 0x43, 0x4f, 0x20, 0x50, 0x52, 0x4f, 0x43, 0x45, 0x53, 0x53, 0x20, 0x43, 0x4f, 0x4e,
    0x54, 0x52, 0x4f, 0x4c, 0x20, 0x43, 0x4f, 0x2e, 0x00, 0x42, 0x65, 0x69, 0x6a, 0x69, 0x6e, 0x67,
    0x20, 0x48, 0x6f, 0x6e, 0x67, 0x73, 0x69, 0x20, 0x45, 0x6c, 0x65, 0x63, 0x74, 0x72, 0x6f, 0x6e,
    0x69, 0x63, 0x20, 0x54, 0x65, 0x63, 0x68, 0x6e, 0x6f, 0x6c, 0x6f, 0x67, 0x79, 0x20, 0x43, 0x6f,
    0x2e, 0x2c, 0x4c, 0x74, 0x64, 0x2e, 0x00, 0x46, 0x4f, 0x53, 0x53, 0x20, 0x41, 0x6e, 0x61, 0x6c,
    0x79, 0x74, 0x69, 0x63, 0x61, 0x6c, 0x20, 0x41, 0x2f, 0x53, 0x00, 0x42, 0x6c, 0x61, 0x68, 0x61,
    0x6a, 0x20, 0x4c, 0x74, 0x64, 0x00, 0x4e, 0x65, 0x78, 0x74, 0x6f, 0x72, 0x61, 0x67, 0x65, 0x20,
    0x43, 0x6f, 0x72, 0x70, 0x6f, 0x72, 0x61, 0x74, 0x69, 0x6f, 0x6e, 0x00, 0x69, 0x6e, 0x66, 0x79,
    0x6e, 0x69, 0x00, 0x52, 0x61, 0x73, 0x70, 0x62, 0x65, 0x72, 0x72, 0x79, 0x20, 0x50, 0x69, 0x00,
    0x53, 0x68, 0x65, 0x6e, 0x7a, 0x68, 0x65, 0x6e, 0x20, 0x48, 0x75, 0x61, 0x73, 0x68, 0x65, 0x6e,
    0x67, 0x20, 0x4a, 0x69, 0x61, 0x79, 0x65, 0x20, 0x54, 0x65, 0x63, 0x68, 0x6e, 0x6f, 0x6c, 0x6f,
    0x67, 0x79, 0x20, 0x43, 0x6f, 0x2e, 0x2c, 0x20, 0x4c, 0x74, 0x64, 0x00, 0x4e, 0x61, 0x6d, 0x61,
    0x72, 0x61, 0x20, 0x57, 0x61, 0x74, 0x65, 0x72, 0x20, 0x54, 0x65, 0x63, 0x68, 0x6e, 0x6f, 0x6c,
    0x6f, 0x67, 0x69, 0x65, 0x73, 0x2c, 0x20, 0x49, 0x6e, 0x63, 0x00, 0x53, 0x68, 0x61, 0x6e, 0x67,
    0x68, 0x61, 0x69, 0x20, 0x48, 0x6f, 0x6c, 0x79, 0x63, 0x68, 0x69, 0x70, 0x20, 0x45, 0x6c, 0x65,
    0x63, 0x74, 0x72, 0x6f, 0x6e, 0x69, 0x63, 0x20, 0x43, 0x6f, 0x2e, 0x2c, 0x20, 0x4c, 0x74, 0x64,
    0x2e, 0x00, 0x52, 0x6f, 0x74, 0x61, 0x72, 0x65, 0x78, 0x20, 0x53, 0x2e, 0x41, 0x2e, 0x00, 0x56,
    0x4f, 0x54, 0x52, 0x4f, 0x4e, 0x49, 0x43, 0x20, 0x45, 0x6c, 0x65, 0x6b, 0x74, 0x72, 0x6f, 0x6e,
    0x69, 0x6b, 0x2d, 0x53, 0x79, 0x73, 0x74, 0x65, 0x6d, 0x65, 0x20, 0x47, 0x6d, 0x62, 0x48, 0x00,
    0x45, 0x58, 0x45, 0x4c, 0x49, 0x4f, 0x20, 0x53, 0x2e, 0x52, 0x2e, 0x4c, 0x2e, 0x00, 0x59, 0x61,
    0x6d, 0x61, 0x68, 0x61, 0x20, 0x4d, 0x6f, 0x74, 0x6f, 0x72, 0x20, 0x65, 0x42, 0x69, 0x6b, 0x65,
    0x20, 0x53, 0x79, 0x73, 0x74, 0x65, 0x6d, 0x73, 0x20, 0x47, 0x6d, 0x62, 0x48, 0x00, 0x46, 0x65,
    0x72, 0x72, 0x61, 0x72, 0x69, 0x20, 0x73, 0x2e, 0x70, 0x2e, 0x61, 0x2e, 0x00, 0x41, 0x6e, 0x68,
    0x75, 0x69, 0x20, 0x55, 0x62, 0x69, 0x63, 0x6f, 0x20, 0x41, 0x64, 0x76, 0x61, 0x6e, 0x63, 0x65,
    0x64, 0x20, 0x4d, 0x61, 0x6e, 0x75, 0x66, 0x61, 0x63, 0x74, 0x75, 0x72, 0x65, 0x20, 0x43, 0x6f,
    0x2e, 0x2c, 0x20, 0x4c, 0x74, 0x64, 0x2e, 0x00, 0x4d, 0x75, 0x65, 0x6c, 0x6c, 0x65, 0x72, 0x2d,
    0x42, 0x42, 0x4d, 0x20, 0x52, 0x61, 0x69, 0x6c, 0x20, 0x54, 0x65, 0x63, 0x68, 0x6e, 0x6f, 0x6c,
    0x6f, 0x67, 0x69, 0x65, 0x73, 0x20, 0x47, 0x6d, 0x62, 0x48, 0x00, 0x59, 0x6f, 0x74, 0x6f, 0x20,
    0x4c, 0x69, 0x6d, 0x69, 0x74, 0x65, 0x64, 0x00, 0x4c, 0x41, 0x55, 0x4d, 0x41, 0x53, 0x20, 0x45,
    0x6c, 0x65, 0x74, 0x74, 0x72, 0x6f, 0x6e, 0x69, 0x63, 0x61, 0x20, 0x53, 0x2e, 0x72, 0x2e, 0x6c,
    0x2e, 0x00, 0x42, 0x55, 0x4e, 0x44, 0x20, 0x4d, 0x45, 0x44, 0x49, 0x41, 0x20, 0x50, 0x54, 0x59,
    0x2e, 0x20, 0x4c, 0x54, 0x44, 0x2e, 0x00, 0x4c, 0x53, 0x43, 0x20, 0x43, 0x6f, 0x6e, 0x74, 0x72,
    0x6f, 0x6c, 0x20, 0x53, 0x79, 0x73, 0x74, 0x65, 0x6d, 0x73, 0x20, 0x50, 0x74, 0x79, 0x20, 0x4c,
    0x74, 0x64, 0x00, 0x53, 0x61, 0x66, 0x65, 0x74, 0x79, 0x20, 0x4c, 0x69, 0x67, 0x68, 0x74, 0x69,
    0x6e, 0x67, 0x20, 0x52, 0x65, 0x73, 0x65, 0x61, 0x72, 0x63, 0x68, 0x20, 0x50, 0x74, 0x79, 0x20,
    0x4c, 0x74, 0x64, 0x00, 0x48, 0x61, 0x6e, 0x67, 0x7a, 0x68, 0x6f, 0x75, 0x20, 0x53, 0x6e, 0x65,
    0x75, 0x72, 0x6f, 0x20, 0x4d, 0x65, 0x64, 0x69, 0x63, 0x61, 0x6c, 0x20, 0x43, 0x6f, 0x2e, 0x2c,
    0x20, 0x4c, 0x74, 0x64, 0x2e, 0x00, 0x55, 0x6e, 0x6c, 0x69, 0x6d, 0x69, 0x74, 0x65, 0x64, 0x49,
    0x52, 0x4c, 0x20, 0x4c, 0x4c, 0x43, 0x00, 0x43, 0x48, 0x4f, 0x5a, 0x45, 0x4e, 0x20, 0x49, 0x6e,
    0x74, 0x65, 0x72, 0x6e, 0x61, 0x74, 0x69, 0x6f, 0x6e, 0x61, 0x6c, 0x20, 0x43, 0x4f, 0x2e, 0x2c,
    0x20, 0x4c, 0x54, 0x44, 0x2e, 0x00, 0x53, 0x65, 0x6e, 0x73, 0x6f, 0x72, 0x77, 0x6f, 0x72, 0x78,
    0x2c, 0x20, 0x49, 0x6e, 0x63, 0x2e, 0x00, 0x52, 0x6f, 0x6d, 0x63, 0x6f, 0x72, 0x20, 0x50, 0x74,
    0x79, 0x20, 0x4c, 0x74, 0x64, 0x00, 0x4e, 0x65, 0x77, 0x4e, 0x65, 0x74, 0x2c, 0x20, 0x49, 0x6e,
    0x63, 0x2e, 0x00, 0x43, 0x4c, 0x4d, 0x2d, 0x53, 0x6f, 0x6c, 0x75, 0x74, 0x69, 0x6f, 0x6e, 0x73,
    0x00, 0x52, 0x53, 0x41, 0x20, 0x53, 0x65, 0x63, 0x75, 0x72, 0x69, 0x74, 0x79, 0x20, 0x4c, 0x4c,
    0x43, 0x00, 0x47, 0x72, 0x61, 0x76, 0x69, 0x74, 0x79, 0x20, 0x28, 0x53, 0x68, 0x65, 0x6e, 0x7a,
    0x68, 0x65, 0x6e, 0x29, 0x53, 0x70, 0x61, 0x63, 0x65, 0x20, 0x54, 0x65, 0x63, 0x68, 0x6e, 0x6f,
    0x6c, 0x6f, 0x67, 0x79, 0x20, 0x43, 0x6f, 0x2e, 0x2c, 0x20, 0x4c, 0x74, 0x64, 0x00, 0x53, 0x68,
    0x65, 0x6e, 0x7a, 0x68, 0x65, 0x6e, 0x20, 0x53, 0x68, 0x75, 0x79, 0x65, 0x20, 0x54, 0x65, 0x63,
    0x68, 0x6e, 0x6f, 0x6c, 0x6f, 0x67, 0x79, 0x20, 0x43, 0x6f, 0x2e, 0x2c, 0x4c, 0x74, 0x64, 0x2e,
    0x00, 0x41, 0x72, 0x6a, 0x6f, 0x48, 0x75, 0x6e, 0x74, 0x6c, 0x65, 0x69, 0x67, 0x68, 0x20, 0x41,
    0x42, 0x00, 0x46, 0x61, 0x69, 0x72, 0x62, 0x61, 0x6e, 0x6b, 0x73, 0x20, 0x53, 0x63, 0x61, 0x6c,
    0x65, 0x73, 0x20, 0x49, 0x6e, 0x63, 0x2e, 0x00, 0x59, 0x41, 0x4e, 0x4d, 0x41, 0x52, 0x20, 0x48,
    0x4f, 0x4c, 0x44, 0x49, 0x4e, 0x47, 0x53, 0x20, 0x43, 0x4f, 0x2e, 0x2c, 0x20, 0x4c, 0x54, 0x44,
    0x2e, 0x00, 0x57, 0x69, 0x6c, 0x6c, 0x69, 0x61, 0x6d, 0x73, 0x20, 0x53, 0x6f, 0x75, 0x6e, 0x64,
    0x2c, 0x20, 0x4c, 0x4c, 0x43, 0x00, 0x5a, 0x75, 0x75, 0x6b, 0x61, 0x20, 0x4c, 0x69, 0x6d, 0x69,
    0x74, 0x65, 0x64, 0x00, 0x43, 0x68, 0x69, 0x70, 0x2d, 0x70, 0x75, 0x6d, 0x70, 0x20, 0x4d, 0x69,
    0x63, 0x72, 0x6f, 0x65, 0x6c, 0x65, 0x63, 0x74, 0x72, 0x6f, 0x6e, 0x69, 0x63, 0x73, 0x00, 0x54,
    0x4f, 0x4d, 0x4f, 0x45, 0x20, 0x56, 0x41, 0x4c, 0x56, 0x45, 0x20, 0x43, 0x4f, 0x2e, 0x2c, 0x4c,
    0x54, 0x44, 0x00, 0x56, 0x43, 0x53, 0x20, 0x56, 0x69, 0x73, 0x69, 0x6f, 0x6e, 0x20, 0x43, 0x6f,
    0x6e, 0x74, 0x72, 0x6f, 0x6c, 0x20, 0x53, 0x6f, 0x6c, 0x75, 0x74, 0x69, 0x6f, 0x6e, 0x73, 0x20,
    0x47, 0x6d, 0x62, 0x48, 0x00, 0x46, 0x72, 0x61, 0x6d, 0x61, 0x73, 0x6f, 0x6e, 0x20, 0x41, 0x75,
    0x64, 0x69, 0x6f, 0x20, 0x53, 0x2e, 0x41, 0x00, 0x46, 0x69, 0x65, 0x6c, 0x64, 0x20, 0x4c, 0x69,
    0x6e, 0x65, 0x20, 0x41, 0x75, 0x74, 0x6f, 0x6d, 0x61, 0x74, 0x69, 0x6f, 0x6e, 0x20, 0x4c, 0x74,
    0x64, 0x00, 0x53, 0x68, 0x65, 0x61, 0x72, 0x77, 0x61, 0x74, 0x65, 0x72, 0x20, 0x52, 0x65, 0x73,
    0x65, 0x61, 0x72, 0x63, 0x68, 0x20, 0x49, 0x6e, 0x63, 0x2e, 0x00, 0x48, 0x49, 0x47, 0x48, 0x20,
    0x48, 0x49, 0x54, 0x20, 0x45, 0x4e, 0x54, 0x45, 0x52, 0x50, 0x52, 0x49, 0x53, 0x45, 0x20, 0x43,
    0x4f, 0x2e, 0x2c, 0x20, 0x4c, 0x54, 0x44, 0x2e, 0x00, 0x41, 0x6c, 0x67, 0x69, 0x7a, 0x20, 0x41,
    0x53, 0x00, 0x53, 0x68, 0x65, 0x6e, 0x7a, 0x68, 0x65, 0x6e, 0x20, 0x46, 0x48, 0x58, 0x20, 0x50,
    0x72, 0x65, 0x63, 0x69, 0x73, 0x69, 0x6f, 0x6e, 0x20, 0x48, 0x61, 0x72, 0x64, 0x77, 0x61, 0x72,
    0x65, 0x20, 0x26, 0x20, 0x50, 0x6c, 0x61, 0x73, 0x74, 0x69, 0x63, 0x20, 0x43, 0x6f, 0x2e, 0x2c,
    0x20, 0x4c, 0x74, 0x64, 0x2e, 0x00, 0x48, 0x6f, 0x74, 0x72, 0x6f, 0x6e, 0x20, 0x43, 0x6f, 0x2e,
    0x2c, 0x20, 0x4c, 0x74, 0x64, 0x2e, 0x00, 0x52, 0x65, 0x6d, 0x6f, 0x74, 0x69, 0x63, 0x6f, 0x6d,
    0x20, 0x42, 0x2e, 0x56, 0x2e, 0x00, 0x4f, 0x53, 0x4b, 0x45, 0x59, 0x00, 0x47, 0x4f, 0x52, 0x44,
    0x4f, 0x4e, 0x20, 0x4d, 0x55, 0x52, 0x52, 0x41, 0x59, 0x20, 0x47, 0x52, 0x4f, 0x55, 0x50, 0x20,
    0x4c, 0x49, 0x4d, 0x49, 0x54, 0x45, 0x44, 0x00, 0x47, 0x6c, 0x6f, 0x62, 0x61, 0x6c, 0x20, 0x45,
    0x6c, 0x65, 0x63, 0x74, 0x72, 0x6f, 0x6e, 0x69, 0x63, 0x73, 0x00, 0x52, 0x6f, 0x6b, 0x73, 0x74,
    0x61, 0x72, 0x20, 0x48, 0x6f, 0x6c, 0x64, 0x69, 0x6e, 0x67, 0x73, 0x20, 0x4c, 0x69, 0x6d, 0x69,
    0x74, 0x65, 0x64, 0x00, 0x53, 0x54, 0x52, 0x59, 0x44, 0x45, 0x20, 0x4c, 0x49, 0x4d, 0x49, 0x54,
    0x45, 0x44, 0x00, 0x50, 0x72, 0x6f, 0x73, 0x61, 0x72, 0x69, 0x73, 0x20, 0x53, 0x6f, 0x6c, 0x75,
    0x74, 0x69, 0x6f, 0x6e, 0x73, 0x20, 0x4c, 0x74, 0x64, 0x2e, 0x00, 0x54, 0x4c, 0x56, 0x20, 0x43,
    0x6f, 0x2e, 0x2c, 0x4c, 0x54, 0x44, 0x2e, 0x00, 0x49, 0x5a, 0x59, 0x42, 0x41, 0x54, 0x00, 0x41,
    0x4c, 0x54, 0x45, 0x53, 0x53, 0x41, 0x20, 0x53, 0x4f, 0x4c, 0x55, 0x54, 0x49, 0x4f, 0x4e, 0x53,
    0x20, 0x49, 0x4e, 0x43, 0x2e, 0x00, 0x48, 0x6f, 0x6e, 0x67, 0x20, 0x4b, 0x6f, 0x6e, 0x67, 0x20,
    0x46, 0x75, 0x74, 0x75, 0x72, 0x65, 0x20, 0x6c, 0x6e, 0x74, 0x65, 0x6c, 0x6c, 0x69, 0x67, 0x65,
    0x6e, 0x74, 0x20, 0x54, 0x65, 0x63, 0x68, 0x6e, 0x6f, 0x6c, 0x6f, 0x67, 0x79, 0x20, 0x43, 0x6f,
    0x2e, 0x2c, 0x20, 0x4c, 0x69, 0x6d, 0x69, 0x74, 0x65, 0x64, 0x00, 0x43, 0x65, 0x6e, 0x54, 0x72,
    0x61, 0x6b, 0x2c, 0x20, 0x49, 0x6e, 0x63, 0x2e, 0x00, 0x54, 0x4d, 0x2d, 0x54, 0x45, 0x43, 0x48,
    0x4e, 0x4f, 0x4c, 0x4f, 0x47, 0x49, 0x45, 0x53, 0x2c, 0x20, 0x4a, 0x53, 0x43, 0x00, 0x41, 0x4c,
    0x50, 0x48, 0x41, 0x44, 0x49, 0x46, 0x00, 0x53, 0x68, 0x65, 0x6e, 0x7a, 0x68, 0x65, 0x6e, 0x20,
    0x4d, 0x75, 0x79, 0x75, 0x20, 0x54, 0x65, 0x63, 0x68, 0x6e, 0x6f, 0x6c, 0x6f, 0x67, 0x79, 0x20,
    0x43, 0x6f, 0x2e, 0x2c, 0x20, 0x4c, 0x74, 0x64, 0x2e, 0x00, 0x61, 0x75, 0x67, 0x6d, 0x65, 0x6e,
    0x74, 0x20, 0x41, 0x49, 0x20, 0x49, 0x6e, 0x63, 0x2e, 0x00, 0x44, 0x69, 0x67, 0x69, 0x6d, 0x61,
    0x78, 0x20, 0x49, 0x6e, 0x6e, 0x6f, 0x76, 0x61, 0x74, 0x69, 0x76, 0x65, 0x20, 0x50, 0x72, 0x6f,
    0x64, 0x75, 0x63, 0x74, 0x73, 0x20, 0x4c, 0x54, 0x44, 0x2e, 0x00, 0x43, 0x6f, 0x64, 0x61, 0x48,
    0x44, 0x20, 0x4c, 0x4c, 0x43, 0x00, 0x45, 0x2e, 0x4a, 0x2e, 0x20, 0x42, 0x72, 0x6f, 0x6f, 0x6b,
    0x73, 0x20, 0x43, 0x6f, 0x6d, 0x70, 0x61, 0x6e, 0x79, 0x00, 0x4d, 0x61, 0x72, 0x74, 0x69, 0x6e,
    0x2e, 0x43, 0x61, 0x72, 0x65, 0x20, 0x47, 0x6d, 0x62, 0x48, 0x00, 0x49, 0x4d, 0x50, 0x41, 0x43,
    0x54, 0x2d, 0x42, 0x5a, 0x20, 0x4c, 0x54, 0x44, 0x00, 0x42, 0x65, 0x6c, 0x66, 0x6f, 0x72, 0x64,
    0x20, 0x69, 0x6e, 0x76, 0x65, 0x73, 0x74, 0x6d, 0x65, 0x6e, 0x74, 0x20, 0x68, 0x6f, 0x6c, 0x64,
    0x69, 0x6e, 0x67, 0x73, 0x20, 0x70, 0x74, 0x79, 0x20, 0x6c, 0x74, 0x64, 0x00, 0x41, 0x6e, 0x74,
    0x6f, 0x6e, 0x20, 0x50, 0x61, 0x61, 0x72, 0x20, 0x43, 0x6f, 0x6e, 0x73, 0x75, 0x6d, 0x65, 0x72,
    0x54, 0x65, 0x63, 0x20, 0x47, 0x6d, 0x62, 0x48, 0x00, 0x4b, 0x6e, 0x69, 0x74, 0x20, 0x53, 0x6f,
    0x75, 0x6e, 0x64, 0x20, 0x43, 0x6f, 0x6d, 0x70, 0x61, 0x6e, 0x79, 0x00, 0x41, 0x75, 0x73, 0x74,
    0x72, 0x61, 0x6c, 0x69, 0x73, 0x20, 0x53, 0x63, 0x69, 0x65, 0x6e, 0x74, 0x69, 0x66, 0x69, 0x63,
    0x20, 0x50, 0x74, 0x79, 0x20, 0x4c, 0x74, 0x64, 0x2e, 0x00, 0x41, 0x49, 0x52, 0x20, 0x50, 0x52,
    0x4f, 0x44, 0x55, 0x43, 0x54, 0x53, 0x20, 0x41, 0x4e, 0x44, 0x20, 0x43, 0x48, 0x45, 0x4d, 0x49,
    0x43, 0x41, 0x4c, 0x53, 0x2c, 0x20, 0x49, 0x4e, 0x43, 0x2e, 0x00, 0x53, 0x59, 0x53, 0x54, 0x45,
    0x4d, 0x20, 0x4c, 0x4f, 0x43, 0x4f, 0x20, 0x4c, 0x54, 0x44, 0x00, 0x32, 0x34, 0x78, 0x38, 0x2c,
    0x20, 0x4c, 0x4c, 0x43, 0x00, 0x46, 0x55, 0x54, 0x55, 0x52, 0x45, 0x20, 0x49, 0x4e, 0x54, 0x45,
    0x4c, 0x4c, 0x49, 0x47, 0x45, 0x4e, 0x43, 0x45, 0x20, 0x54, 0x45, 0x43, 0x48, 0x4e, 0x4f, 0x4c,
    0x4f, 0x47, 0x59, 0x20, 0x53, 0x49, 0x4e, 0x47, 0x41, 0x50, 0x4f, 0x52, 0x45, 0x20, 0x50, 0x54,
    0x45, 0x2e, 0x20, 0x4c, 0x54, 0x44, 0x2e, 0x00, 0x4d, 0x33, 0x53, 0x48, 0x20, 0x54, 0x45, 0x43,
    0x48, 0x4e, 0x4f, 0x4c, 0x4f, 0x47, 0x59, 0x20, 0x49, 0x4e, 0x43, 0x2e, 0x00, 0x4d, 0x61, 0x74,
    0x69, 0x73, 0x73, 0x65, 0x20, 0x49, 0x6e, 0x74, 0x65, 0x72, 0x61, 0x63, 0x74, 0x69, 0x66, 0x20,
    0x69, 0x6e, 0x63, 0x2e, 0x00, 0x53, 0x65, 0x73, 0x61, 0x6d, 0x65, 0x20, 0x41, 0x49, 0x2c, 0x20,
    0x49, 0x6e, 0x63, 0x2e, 0x00, 0x44, 0x45, 0x45, 0x52, 0x20, 0x4d, 0x41, 0x4e, 0x41, 0x47, 0x45,
    0x4d, 0x45, 0x4e, 0x54, 0x20, 0x53, 0x59, 0x53, 0x54, 0x45, 0x4d, 0x53, 0x2c, 0x20, 0x4c, 0x4c,
    0x43, 0x00, 0x47, 0x72, 0x61, 0x79, 0x68, 0x69, 0x6c, 0x6c, 0x20, 0x49, 0x6e, 0x63, 0x2e, 0x00,
    0x50, 0x45, 0x52, 0x55, 0x4e, 0x20, 0x54, 0x45, 0x43, 0x48, 0x20, 0x53, 0x50, 0x2e, 0x20, 0x5a,
    0x20, 0x4f, 0x2e, 0x4f, 0x2e, 0x00, 0x54, 0x69, 0x6e, 0x79, 0x20, 0x44, 0x69, 0x73, 0x70, 0x6c,
    0x61, 0x79, 0x73, 0x20, 0x49, 0x6e, 0x63, 0x2e, 0x00, 0x44, 0x45, 0x57, 0x49, 0x4e, 0x45, 0x20,
    0x4c, 0x61, 0x62, 0x73, 0x20, 0x47, 0x6d, 0x62, 0x48, 0x00, 0x49, 0x6e, 0x64, 0x75, 0x73, 0x74,
    0x72, 0x69, 0x61, 0x6c, 0x20, 0x43, 0x6f, 0x6d, 0x70, 0x75, 0x74, 0x69, 0x6e, 0x67, 0x20, 0x4c,
    0x69, 0x6d, 0x69, 0x74, 0x65, 0x64, 0x00, 0x53, 0x6b, 0x79, 0x43, 0x65, 0x6c, 0x6c, 0x20, 0x41,
    0x47, 0x00, 0x4e, 0x41, 0x47, 0x41, 0x4e, 0x4f, 0x20, 0x4b, 0x45, 0x49, 0x4b, 0x49, 0x20, 0x43,
    0x4f, 0x2e, 0x2c, 0x20, 0x4c, 0x54, 0x44, 0x2e, 0x00, 0x43, 0x4f, 0x53, 0x45, 0x4c, 0x20, 0x45,
    0x4c, 0x45, 0x4b, 0x54, 0x52, 0x4f, 0x4e, 0x49, 0x4b, 0x20, 0x4f, 0x54, 0x4f, 0x4d, 0x41, 0x53,
    0x59, 0x4f, 0x4e, 0x20, 0x53, 0x49, 0x53, 0x54, 0x45, 0x4d, 0x4c, 0x45, 0x52, 0x49, 0x20, 0x53,
    0x41, 0x4e, 0x41, 0x59, 0x49, 0x20, 0x56, 0x45, 0x20, 0x54, 0x49, 0x43, 0x41, 0x52, 0x45, 0x54,
    0x20, 0x4c, 0x49, 0x4d, 0x49, 0x54, 0x45, 0x44, 0x20, 0x53, 0x49, 0x52, 0x4b, 0x45, 0x54, 0x49,
    0x00, 0x42, 0x58, 0x42, 0x20, 0x44, 0x49, 0x47, 0x49, 0x54, 0x41, 0x4c, 0x20, 0x50, 0x54, 0x59,
    0x20, 0x4c, 0x49, 0x4d, 0x49, 0x54, 0x45, 0x44, 0x00, 0x4d, 0x69, 0x6e, 0x64, 0x73, 0x70, 0x69,
    0x72, 0x65, 0x20, 0x4c, 0x69, 0x6d, 0x69, 0x74, 0x65, 0x64, 0x00, 0x50, 0x65, 0x72, 0x73, 0x6f,
    0x6e, 0x61, 0x6c, 0x20, 0x50, 0x72, 0x6f, 0x64, 0x75, 0x63, 0x74, 0x73, 0x20, 0x43, 0x6f, 0x2e,
    0x2c, 0x20, 0x4c, 0x74, 0x64, 0x2e, 0x00, 0x43, 0x61, 0x72, 0x64, 0x69, 0x61, 0x4d, 0x65, 0x74,
    0x72, 0x69, 0x63, 0x73, 0x00, 0x41, 0x6b, 0x74, 0x76, 0x38, 0x20, 0x4c, 0x4c, 0x43, 0x00, 0x4b,
    0x6e, 0x6f, 0x78, 0x20, 0x41, 0x73, 0x73, 0x6f, 0x63, 0x69, 0x61, 0x74, 0x65, 0x73, 0x2c, 0x20,
    0x49, 0x6e, 0x63, 0x2e, 0x00, 0x73, 0x6d, 0x61, 0x72, 0x74, 0x2d, 0x54, 0x45, 0x43, 0x20, 0x47,
    0x6d, 0x62, 0x48, 0x20, 0x26, 0x20, 0x43, 0x6f, 0x2e, 0x20, 0x4b, 0x47, 0x00, 0x53, 0x65, 0x6c,
    0x63, 0x6f, 0x20, 0x47, 0x6d, 0x62, 0x48, 0x00, 0x4d, 0x4f, 0x4e, 0x4e, 0x49, 0x54, 0x20, 0x43,
    0x4f, 0x52, 0x50, 0x4f, 0x52, 0x41, 0x54, 0x49, 0x4f, 0x4e, 0x00, 0x54, 0x65, 0x6e, 0x73, 0x6f,
    0x6c, 0x69, 0x20, 0x47, 0x6d, 0x62, 0x48, 0x00, 0x4b, 0x49, 0x42, 0x4c, 0x45, 0x00, 0x74, 0x65,
    0x72, 0x75, 0x6d, 0x6f, 0x00, 0x53, 0x48, 0x49, 0x42, 0x41, 0x55, 0x52, 0x41, 0x20, 0x45, 0x4c,
    0x45, 0x43, 0x54, 0x52, 0x4f, 0x4e, 0x49, 0x43, 0x53, 0x20, 0x43, 0x4f, 0x2e, 0x2c, 0x20, 0x4c,
    0x54, 0x44, 0x2e, 0x00, 0x53, 0x68, 0x65, 0x6e, 0x7a, 0x68, 0x65, 0x6e, 0x20, 0x48, 0x61, 0x6c,
    0x69, 0x2d, 0x50, 0x6f, 0x77, 0x65, 0x72, 0x20, 0x49, 0x6e, 0x64, 0x75, 0x73, 0x74, 0x72, 0x69,
    0x61, 0x6c, 0x20, 0x43, 0x6f, 0x2e, 0x2c, 0x20, 0x4c, 0x74, 0x64, 0x2e, 0x00, 0x69, 0x6e, 0x43,
    0x6f, 0x6e, 0x74, 0x41, 0x6c, 0x65, 0x72, 0x74, 0x20, 0x47, 0x6d, 0x62, 0x48, 0x00, 0x66, 0x6c,
    0x65, 0x78, 0x6c, 0x6f, 0x67, 0x20, 0x47, 0x6d, 0x62, 0x48, 0x00, 0x41, 0x75, 0x64, 0x69, 0x6f,
    0x20, 0x52, 0x65, 0x73, 0x65, 0x61, 0x72, 0x63, 0x68, 0x20, 0x43, 0x6f, 0x72, 0x70, 0x6f, 0x72,
    0x61, 0x74, 0x69, 0x6f, 0x6e, 0x00, 0x42, 0x51, 0x54, 0x20, 0x53, 0x6f, 0x6c, 0x75, 0x74, 0x69,
    0x6f, 0x6e, 0x73, 0x20, 0x28, 0x4e, 0x5a, 0x29, 0x20, 0x4c, 0x69, 0x6d, 0x69, 0x74, 0x65, 0x64,
    0x00, 0x52, 0x41, 0x50, 0x49, 0x44, 0x49, 0x53, 0x45, 0x20, 0x54, 0x45, 0x43, 0x48, 0x4e, 0x4f,
    0x4c, 0x4f, 0x47, 0x59, 0x20, 0x50, 0x52, 0x49, 0x56, 0x41, 0x54, 0x45, 0x20, 0x4c, 0x49, 0x4d,
    0x49, 0x54, 0x45, 0x44, 0x00, 0x43, 0x65, 0x62, 0x72, 0x65, 0x6f, 0x20, 0x4d, 0x65, 0x64, 0x69,
    0x63, 0x61, 0x6c, 0x20, 0x41, 0x2f, 0x53, 0x00, 0x4c, 0x69, 0x67, 0x68, 0x74, 0x6e, 0x6f, 0x76,
    0x6f, 0x20, 0x41, 0x70, 0x53, 0x00, 0x50, 0x65, 0x64, 0x69, 0x67, 0x72, 0x65, 0x65, 0x20, 0x54,
    0x65, 0x63, 0x68, 0x6e, 0x6f, 0x6c, 0x6f, 0x67, 0x69, 0x65, 0x73, 0x2c, 0x20, 0x4c, 0x4c, 0x43,
    0x00, 0x5a, 0x68, 0x65, 0x6a, 0x69, 0x61, 0x6e, 0x67, 0x20, 0x57, 0x61, 0x6e, 0x79, 0x6f, 0x75,
    0x20, 0x49, 0x6e, 0x74, 0x65, 0x6c, 0x6c, 0x69, 0x67, 0x65, 0x6e, 0x74, 0x20, 0x54, 0x65, 0x63,
    0x68, 0x6e, 0x6f, 0x6c, 0x6f, 0x67, 0x79, 0x20, 0x43, 0x6f, 0x2e, 0x2c, 0x20, 0x4c, 0x74, 0x64,
    0x2e, 0x00, 0x4d, 0x61, 0x6c, 0x6c, 0x6f, 0x77, 0x00, 0x53, 0x69, 0x67, 0x65, 0x6e, 0x65, 0x72,
    0x67, 0x79, 0x20, 0x54, 0x65, 0x63, 0x68, 0x6e, 0x6f, 0x6c, 0x6f, 0x67, 0x79, 0x20, 0x43, 0x6f,
    0x2e, 0x2c, 0x20, 0x4c, 0x74, 0x64, 0x2e, 0x00, 0x4f, 0x62, 0x6a, 0x65, 0x63, 0x74, 0x53, 0x70,
    0x65, 0x63, 0x74, 0x72, 0x75, 0x6d, 0x2c, 0x20, 0x4c, 0x4c, 0x43, 0x00, 0x41, 0x54, 0x73, 0x65,
    0x6e, 0x73, 0x20, 0x43, 0x6f, 0x2e, 0x2c, 0x4c, 0x74, 0x64, 0x2e, 0x00, 0x43, 0x6f, 0x72, 0x65,
    0x48, 0x57, 0x20, 0x53, 0x65, 0x6d, 0x69, 0x63, 0x6f, 0x6e, 0x64, 0x75, 0x63, 0x74, 0x6f, 0x72,
    0x20, 0x4f, 0x79, 0x00, 0x52, 0x61, 0x79, 0x63, 0x6f, 0x6e, 0x20, 0x49, 0x6e, 0x63, 0x2e, 0x00,
    0x48, 0x61, 0x6e, 0x67, 0x7a, 0x68, 0x6f, 0x75, 0x20, 0x53, 0x44, 0x49, 0x43, 0x20, 0x4d, 0x69,
    0x63, 0x72, 0x6f, 0x65, 0x6c, 0x65, 0x63, 0x74, 0x72, 0x6f, 0x6e, 0x69, 0x63, 0x73, 0x20, 0x49,
    0x6e, 0x63, 0x2e, 0x00, 0x56, 0x53, 0x43, 0x20, 0x53, 0x79, 0x6e, 0x61, 0x70, 0x73, 0x65, 0x20,
    0x4c, 0x4c, 0x43, 0x00, 0x53, 0x65, 0x6e, 0x6f, 0x70, 0x73, 0x20, 0x54, 0x72, 0x61, 0x63, 0x6b,
    0x65, 0x72, 0x2c, 0x20, 0x4c, 0x4c, 0x43, 0x00, 0x53, 0x68, 0x65, 0x6e, 0x7a, 0x68, 0x65, 0x6e,
    0x20, 0x58, 0x75, 0x6e, 0x7a, 0x6f, 0x6e, 0x67, 0x20, 0x5a, 0x68, 0x69, 0x6c, 0x69, 0x61, 0x6e,
    0x20, 0x54, 0x65, 0x63, 0x68, 0x6e, 0x6f, 0x6c, 0x6f, 0x67, 0x79, 0x20, 0x43, 0x6f, 0x2e, 0x2c,
    0x20, 0x4c, 0x74, 0x64, 0x2e, 0x00, 0x48, 0x4f, 0x53, 0x45, 0x4f, 0x54, 0x45, 0x4c, 0x4e, 0x45,
    0x54, 0x20, 0x43, 0x6f, 0x2e, 0x2c, 0x20, 0x4c, 0x74, 0x64, 0x2e, 0x00, 0x53, 0x6f, 0x6c, 0x61,
    0x62, 0x73, 0x20, 0x54, 0x65, 0x63, 0x68, 0x6e, 0x6f, 0x6c, 0x6f, 0x67, 0x79, 0x20, 0x28, 0x48,
    0x4b, 0x29, 0x20, 0x43, 0x6f, 0x2e, 0x2c, 0x20, 0x4c, 0x69, 0x6d, 0x69, 0x74, 0x65, 0x64, 0x00,
    0x53, 0x70, 0x61, 0x72, 0x74, 0x61, 0x6e, 0x4c, 0x79, 0x6e, 0x63, 0x20, 0x54, 0x65, 0x63, 0x68,
    0x6e, 0x6f, 0x6c, 0x6f, 0x67, 0x69, 0x65, 0x73, 0x20, 0x43, 0x6f, 0x72, 0x70, 0x2e, 0x00, 0x53,
    0x48, 0x45, 0x4e, 0x5a, 0x48, 0x45, 0x4e, 0x20, 0x43, 0x48, 0x49, 0x4e, 0x41, 0x20, 0x4d, 0x49,
    0x43, 0x52, 0x4f, 0x20, 0x53, 0x45, 0x4d, 0x49, 0x43, 0x4f, 0x4e, 0x20, 0x43, 0x4f, 0x2e, 0x2c,
    0x4c, 0x49, 0x4d, 0x49, 0x54, 0x45, 0x44, 0x00, 0x46, 0x6f, 0x73, 0x69, 0x6c, 0x69, 0x63, 0x6f,
    0x6e, 0x20, 0x43, 0x6f, 0x2e, 0x2c, 0x20, 0x4c, 0x74, 0x64, 0x00, 0x50, 0x61, 0x6c, 0x61, 0x72,
    0x75, 0x6d, 0x20, 0x4c, 0x4c, 0x43, 0x00, 0x43, 0x59, 0x4e, 0x43, 0x20, 0x4c, 0x61, 0x62, 0x73,
    0x2c, 0x20, 0x49, 0x6e, 0x63, 0x2e, 0x00, 0x4e, 0x6f, 0x62, 0x6c, 0x65, 0x20, 0x48, 0x69, 0x46,
    0x69, 0x2c, 0x20, 0x4c, 0x4c, 0x43, 0x00, 0x56, 0x45, 0x52, 0x47, 0x45, 0x53, 0x45, 0x4e, 0x53,
    0x45, 0x20, 0x49, 0x4e, 0x43, 0x00, 0x48, 0x61, 0x72, 0x6c, 0x65, 0x79, 0x2d, 0x44, 0x61, 0x76,
    0x69, 0x64, 0x73, 0x6f, 0x6e, 0x20, 0x4d, 0x6f, 0x74, 0x6f, 0x72, 0x20, 0x43, 0x6f, 0x6d, 0x70,
    0x61, 0x6e, 0x79, 0x00, 0x56, 0x61, 0x72, 0x69, 0x6f, 0x77, 0x65, 0x6c, 0x6c, 0x20, 0x44, 0x65,
    0x76, 0x65, 0x6c, 0x6f, 0x70, 0x6d, 0x65, 0x6e, 0x74, 0x20, 0x47, 0x6d, 0x62, 0x48, 0x00, 0x55,
    0x4e, 0x49, 0x56, 0x45, 0x52, 0x53, 0x41, 0x4c, 0x20, 0x52, 0x45, 0x4d, 0x4f, 0x54, 0x45, 0x20,
    0x43, 0x4f, 0x4e, 0x54, 0x52, 0x4f, 0x4c, 0x2c, 0x20, 0x49, 0x4e, 0x43, 0x2e, 0x00, 0x41, 0x6c,
    0x6c, 0x20, 0x49, 0x6e, 0x73, 0x70, 0x69, 0x72, 0x65, 0x20, 0x48, 0x65, 0x61, 0x6c, 0x74, 0x68,
    0x2c, 0x20, 0x49, 0x6e, 0x63, 0x2e, 0x00, 0x4d, 0x69, 0x6e, 0x64, 0x61, 0x20, 0x43, 0x6f, 0x72,
    0x70, 0x6f, 0x72, 0x61, 0x74, 0x69, 0x6f, 0x6e, 0x20, 0x4c, 0x74, 0x64, 0x00, 0x53, 0x68, 0x65,
    0x6e, 0x7a, 0x68, 0x65, 0x6e, 0x20, 0x45, 0x43, 0x4f, 0x2d, 0x4e, 0x45, 0x57, 0x4c, 0x45, 0x41,
    0x46, 0x20, 0x43, 0x4f, 0x2e, 0x2c, 0x20, 0x4c, 0x54, 0x44, 0x00, 0x53, 0x61, 0x69, 0x6e, 0x53,
    0x74, 0x6f, 0x72, 0x65, 0x20, 0x54, 0x65, 0x63, 0x68, 0x6e, 0x6f, 0x6c, 0x6f, 0x67, 0x79, 0x20,
    0x43, 0x6f, 0x2e, 0x2c, 0x20, 0x4c, 0x74, 0x64, 0x2e, 0x00, 0x54, 0x45, 0x43, 0x48, 0x20, 0x46,
    0x41, 0x53, 0x53, 0x20, 0x73, 0x2e, 0x72, 0x2e, 0x6f, 0x2e, 0x00, 0x4f, 0x50, 0x49, 0x43, 0x41,
    0x20, 0x47, 0x6d, 0x62, 0x48, 0x00, 0x43, 0x61, 0x72, 0x64, 0x69, 0x6e, 0x61, 0x6c, 0x20, 0x53,
    0x63, 0x61, 0x6c, 0x65, 0x20, 0x4d, 0x66, 0x67, 0x00, 0x50, 0x69, 0x73, 0x63, 0x69, 0x73, 0x65,
    0x61, 0x20, 0x54, 0x65, 0x63, 0x68, 0x20, 0x49, 0x6e, 0x63, 0x00, 0x43, 0x48, 0x49, 0x59, 0x4f,
    0x44, 0x41, 0x20, 0x54, 0x45, 0x43, 0x48, 0x4e, 0x4f, 0x4c, 0x20, 0x43, 0x4f, 0x52, 0x50, 0x4f,
    0x52, 0x41, 0x54, 0x49, 0x4f, 0x4e, 0x00, 0x6d, 0x79, 0x6c, 0x69, 0x66, 0x65, 0x20, 0x44, 0x69,
    0x61, 0x62, 0x65, 0x74, 0x65, 0x73, 0x20, 0x43, 0x61, 0x72, 0x65, 0x20, 0x41, 0x47, 0x00, 0x54,
    0x72, 0x61, 0x63, 0x74, 0x69, 0x61, 0x6e, 0x20, 0x54, 0x65, 0x63, 0x68, 0x6e, 0x6f, 0x6c, 0x6f,
    0x67, 0x69, 0x65, 0x73, 0x20, 0x49, 0x6e, 0x63, 0x2e, 0x00, 0x46, 0x61, 0x69, 0x72, 0x50, 0x68,
    0x6f, 0x6e, 0x65, 0x20, 0x42, 0x2e, 0x56, 0x00, 0x54, 0x68, 0x65, 0x39, 0x30, 0x2c, 0x20, 0x49,
    0x6e, 0x63, 0x2e, 0x00, 0x4c, 0x69, 0x6e, 0x64, 0x65, 0x20, 0x47, 0x6d, 0x62, 0x48, 0x00, 0x4b,
    0x75, 0x6d, 0x68, 0x6f, 0x20, 0x54, 0x69, 0x72, 0x65, 0x00, 0x49, 0x6e, 0x69, 0x74, 0x6f, 0x20,
    0x48, 0x65, 0x61, 0x6c, 0x74, 0x68, 0x20, 0x49, 0x6e, 0x63, 0x2e, 0x00, 0x54, 0x65, 0x6d, 0x70,
    0x75, 0x72, 0x20, 0x57, 0x6f, 0x72, 0x6c, 0x64, 0x2c, 0x20, 0x4c, 0x4c, 0x43, 0x00, 0x42, 0x61,
    0x6e, 0x64, 0x32, 0x34, 0x2c, 0x20, 0x4c, 0x4c, 0x43, 0x00, 0x41, 0x63, 0x65, 0x72, 0x20, 0x49,
    0x6e, 0x63, 0x2e, 0x00, 0x48, 0x65, 0x68, 0x6b, 0x75, 0x20, 0x43, 0x6f, 0x6d, 0x70, 0x61, 0x6e,
    0x79, 0x20, 0x4f, 0x79, 0x00, 0x41, 0x47, 0x43, 0x4f, 0x20, 0x43, 0x6f, 0x72, 0x70, 0x6f, 0x72,
    0x61, 0x74, 0x69, 0x6f, 0x6e, 0x00, 0x56, 0x69, 0x63, 0x74, 0x6f, 0x72, 0x20, 0x48, 0x61, 0x73,
    0x73, 0x65, 0x6c, 0x62, 0x6c, 0x61, 0x64, 0x20, 0x41, 0x42, 0x00, 0x49, 0x6e, 0x74, 0x65, 0x6c,
    0x6c, 0x69, 0x44, 0x65, 0x73, 0x69, 0x67, 0x6e, 0x20, 0x50, 0x74, 0x79, 0x20, 0x4c, 0x74, 0x64,
    0x00, 0x55, 0x6c, 0x74, 0x72, 0x6f, 0x6e, 0x53, 0x4d, 0x41, 0x52, 0x54, 0x20, 0x49, 0x6e, 0x63,
    0x2e, 0x00, 0x41, 0x72, 0x61, 0x73, 0x68, 0x69, 0x20, 0x56, 0x69, 0x73, 0x69, 0x6f, 0x6e, 0x20,
    0x49, 0x6e, 0x63, 0x2e, 0x00, 0x57, 0x65, 0x73, 0x74, 0x66, 0x61, 0x6c, 0x65, 0x6e, 0x20, 0x41,
    0x6b, 0x74, 0x69, 0x65, 0x6e, 0x67, 0x65, 0x73, 0x65, 0x6c, 0x6c, 0x73, 0x63, 0x68, 0x61, 0x66,
    0x74, 0x00, 0x4c, 0x69, 0x65, 0x62, 0x68, 0x65, 0x72, 0x72, 0x2d, 0x48, 0x61, 0x75, 0x73, 0x67,
    0x65, 0x72, 0x61, 0x65, 0x74, 0x65, 0x20, 0x47, 0x6d, 0x62, 0x48, 0x00, 0x53, 0x4b, 0x41, 0x49,
    0x43, 0x68, 0x69, 0x70, 0x73, 0x20, 0x43, 0x6f, 0x2e, 0x2c, 0x4c, 0x74, 0x64, 0x00, 0x53, 0x5a,
    0x20, 0x41, 0x76, 0x69, 0x6e, 0x6f, 0x78, 0x20, 0x49, 0x6e, 0x6e, 0x6f, 0x76, 0x61, 0x74, 0x69,
    0x6f, 0x6e, 0x20, 0x43, 0x6f, 0x2e, 0x2c, 0x20, 0x4c, 0x74, 0x64, 0x2e, 0x00, 0x53, 0x70, 0x65,
    0x63, 0x74, 0x72, 0x61, 0x20, 0x50, 0x72, 0x65, 0x63, 0x69, 0x73, 0x69, 0x6f, 0x6e, 0x20, 0x28,
    0x4b, 0x61, 0x69, 0x73, 0x65, 0x72, 0x73, 0x6c, 0x61, 0x75, 0x74, 0x65, 0x72, 0x6e, 0x29, 0x20,
    0x47, 0x6d, 0x62, 0x48, 0x00, 0x54, 0x72, 0x69, 0x75, 0x6d, 0x70, 0x68, 0x20, 0x44, 0x65, 0x73,
    0x69, 0x67, 0x6e, 0x73, 0x20, 0x4c, 0x74, 0x64, 0x00, 0x47, 0x61, 0x73, 0x74, 0x72, 0x6f, 0x6e,
    0x20, 0x43, 0x6f, 0x2e, 0x2c, 0x4c, 0x74, 0x64, 0x00, 0x48, 0x61, 0x77, 0x6b, 0x65, 0x79, 0x65,
    0x20, 0x53, 0x75, 0x72, 0x67, 0x69, 0x63, 0x61, 0x6c, 0x20, 0x4c, 0x69, 0x67, 0x68, 0x74, 0x69,
    0x6e, 0x67, 0x20, 0x4c, 0x4c, 0x43, 0x00, 0x41, 0x72, 0x6e, 0x6f, 0x6c, 0x64, 0x20, 0x26, 0x20,
    0x52, 0x69, 0x63, 0x68, 0x74, 0x65, 0x72, 0x20, 0x43, 0x69, 0x6e, 0x65, 0x20, 0x54, 0x65, 0x63,
    0x68, 0x6e, 0x69, 0x6b, 0x20, 0x47, 0x6d, 0x62, 0x48, 0x20, 0x26, 0x20, 0x43, 0x6f, 0x2e, 0x20,
    0x42, 0x65, 0x74, 0x72, 0x69, 0x65, 0x62, 0x73, 0x20, 0x4b, 0x47, 0x00, 0x4e, 0x65, 0x75, 0x72,
    0x61, 0x62, 0x6c, 0x65, 0x2c, 0x20, 0x49, 0x6e, 0x63, 0x00, 0x43, 0x41, 0x52, 0x45, 0x48, 0x41,
    0x57, 0x4b, 0x20, 0x49, 0x4e, 0x43, 0x2e, 0x00, 0x56, 0x79, 0x62, 0x65, 0x20, 0x41, 0x75, 0x64,
    0x69, 0x6f, 0x20, 0x4c, 0x4c, 0x43, 0x00, 0x53, 0x6d, 0x61, 0x72, 0x74, 0x20, 0x54, 0x65, 0x63,
    0x68, 0x6e, 0x6f, 0x6c, 0x6f, 0x67, 0x69, 0x65, 0x73, 0x20, 0x55, 0x4c, 0x43, 0x00, 0x44, 0x75,
    0x72, 0x69, 0x6e, 0x2c, 0x20, 0x69, 0x6e, 0x63, 0x2e, 0x00, 0x4b, 0x57, 0x41, 0x4e, 0x47, 0x20,
    0x59, 0x41, 0x4e, 0x47, 0x20, 0x4d, 0x4f, 0x54, 0x4f, 0x52, 0x20, 0x43, 0x4f, 0x2e, 0x2c, 0x20,
    0x4c, 0x54, 0x44, 0x2e, 0x00, 0x50, 0x6c, 0x61, 0x63, 0x65, 0x6e, 0x65, 0x74, 0x20, 0x49, 0x6e,
    0x74, 0x65, 0x72, 0x6e, 0x65, 0x74, 0x20, 0x6f, 0x66, 0x20, 0x50, 0x6c, 0x61, 0x63, 0x65, 0x73,
    0x20, 0x53, 0x2e, 0x4c, 0x2e, 0x00, 0x4c, 0x69, 0x6f, 0x6e, 0x74, 0x72, 0x6f, 0x6e, 0x20, 0x47,
    0x6d, 0x62, 0x48, 0x20, 0x26, 0x20, 0x43, 0x6f, 0x2e, 0x20, 0x4b, 0x47, 0x00, 0x48, 0x61, 0x6e,
    0x6b, 0x6f, 0x6f, 0x6b, 0x20, 0x54, 0x69, 0x72, 0x65, 0x20, 0x26, 0x20, 0x54, 0x65, 0x63, 0x68,
    0x6e, 0x6f, 0x6c, 0x6f, 0x67, 0x79, 0x20, 0x43, 0x6f, 0x2e, 0x2c, 0x20, 0x4c, 0x74, 0x64, 0x2e,
    0x00, 0x47, 0x75, 0x61, 0x6e, 0x67, 0x64, 0x6f, 0x6e, 0x67, 0x20, 0x59, 0x6f, 0x75, 0x68, 0x6f,
    0x6e, 0x67, 0x20, 0x4d, 0x65, 0x64, 0x69, 0x63, 0x61, 0x6c, 0x20, 0x54, 0x65, 0x63, 0x68, 0x6e,
    0x6f, 0x6c, 0x6f, 0x67, 0x79, 0x20, 0x43, 0x6f, 0x2e, 0x2c, 0x4c, 0x74, 0x64, 0x00, 0x46, 0x6f,
    0x6e, 0x74, 0x61, 0x69, 0x6e, 0x65, 0x20, 0x46, 0x69, 0x66, 0x74, 0x68, 0x20, 0x57, 0x68, 0x65,
    0x65, 0x6c, 0x20, 0x43, 0x6f, 0x6d, 0x70, 0x61, 0x6e, 0x79, 0x00, 0x5a, 0x45, 0x4c, 0x50, 0x20,
    0x4c, 0x54, 0x44, 0x00, 0x42, 0x52, 0x49, 0x54, 0x41, 0x20, 0x53, 0x45, 0x00, 0x53, 0x68, 0x61,
    0x6e, 0x67, 0x68, 0x61, 0x69, 0x20, 0x58, 0x59, 0x4c, 0x69, 0x6e, 0x6b, 0x20, 0x4c, 0x69, 0x6d,
    0x69, 0x74, 0x65, 0x64, 0x20, 0x43, 0x6f, 0x72, 0x70, 0x6f, 0x72, 0x61, 0x74, 0x69, 0x6f, 0x6e,
    0x00, 0x4b, 0x65, 0x74, 0x6f, 0x2d, 0x43, 0x68, 0x65, 0x63, 0x6b, 0x20, 0x49, 0x6e, 0x63, 0x2e,
    0x00, 0x52, 0x46, 0x49, 0x44, 0x20, 0x4e, 0x20, 0x50, 0x52, 0x49, 0x4e, 0x54, 0x20, 0x50, 0x54,
    0x59, 0x20, 0x4c, 0x54, 0x44, 0x00, 0x52, 0x61, 0x6c, 0x73, 0x74, 0x6f, 0x6e, 0x20, 0x49, 0x6e,
    0x73, 0x74, 0x72, 0x75, 0x6d, 0x65, 0x6e, 0x74, 0x73, 0x2c, 0x20, 0x4c, 0x4c, 0x43, 0x00, 0x43,
    0x48, 0x49, 0x47, 0x45, 0x45, 0x20, 0x54, 0x45, 0x43, 0x48, 0x4e, 0x4f, 0x4c, 0x4f, 0x47, 0x59,
    0x20, 0x43, 0x4f, 0x2e, 0x2c, 0x20, 0x4c, 0x54, 0x44, 0x2e, 0x00, 0x45, 0x55, 0x52, 0x4f, 0x44,
    0x49, 0x4d, 0x41, 0x20, 0x47, 0x6d, 0x62, 0x48, 0x20, 0x26, 0x20, 0x43, 0x6f, 0x4b, 0x47, 0x00,
    0x53, 0x55, 0x50, 0x45, 0x52, 0x41, 0x52, 0x4b, 0x20, 0x4c, 0x54, 0x44, 0x00, 0x53, 0x68, 0x65,
    0x6e, 0x7a, 0x68, 0x65, 0x6e, 0x20, 0x44, 0x65, 0x65, 0x70, 0x58, 0x20, 0x54, 0x65, 0x63, 0x68,
    0x6e, 0x6f, 0x6c, 0x6f, 0x67, 0x79, 0x20, 0x43, 0x6f, 0x2e, 0x2c, 0x20, 0x4c, 0x74, 0x64, 0x2e,
    0x00, 0x50, 0x72, 0x65, 0x73, 0x73, 0x75, 0x72, 0x65, 0x20, 0x53, 0x79, 0x73, 0x74, 0x65, 0x6d,
    0x73, 0x20, 0x49, 0x6e, 0x74, 0x65, 0x72, 0x6e, 0x61, 0x74, 0x69, 0x6f, 0x6e, 0x61, 0x6c, 0x2c,
    0x20, 0x49, 0x6e, 0x63, 0x2e, 0x00, 0x48, 0x45, 0x58, 0x20, 0x49, 0x4e, 0x4e, 0x4f, 0x56, 0x41,
    0x54, 0x45, 0x20, 0x28, 0x55, 0x4b, 0x29, 0x20, 0x4c, 0x49, 0x4d, 0x49, 0x54, 0x45, 0x44, 0x00,
    0x49, 0x4f, 0x4e, 0x4c, 0x49, 0x4e, 0x45, 0x20, 0x49, 0x4e, 0x54, 0x45, 0x52, 0x4e, 0x45, 0x54,
    0x20, 0x53, 0x45, 0x52, 0x56, 0x49, 0x43, 0x45, 0x20, 0x50, 0x52, 0x4f, 0x56, 0x49, 0x44, 0x45,
    0x52, 0x00, 0x45, 0x76, 0x65, 0x6e, 0x20, 0x52, 0x65, 0x61, 0x6c, 0x69, 0x74, 0x69, 0x65, 0x73,
    0x20, 0x4c, 0x74, 0x64, 0x2e, 0x00, 0x51, 0x50, 0x6c, 0x61, 0x79, 0x20, 0x4c, 0x74, 0x64, 0x00,
    0x48, 0x79, 0x64, 0x72, 0x61, 0x74, 0x75, 0x6e, 0x65, 0x20, 0x41, 0x75, 0x73, 0x74, 0x72, 0x61,
    0x6c, 0x69, 0x61, 0x20, 0x50, 0x74, 0x79, 0x20, 0x4c, 0x74, 0x64, 0x00, 0x43, 0x49, 0x54, 0x45,
    0x43, 0x48, 0x20, 0x43, 0x4f, 0x2e, 0x2c, 0x4c, 0x54, 0x44, 0x2e, 0x00, 0x4e, 0x65, 0x75, 0x72,
    0x61, 0x62, 0x6f, 0x64, 0x79, 0x20, 0x49, 0x6e, 0x63, 0x2e, 0x00, 0x44, 0x61, 0x69, 0x73, 0x65,
    0x6e, 0x20, 0x45, 0x6c, 0x65, 0x63, 0x74, 0x72, 0x6f, 0x6e, 0x69, 0x63, 0x20, 0x49, 0x6e, 0x64,
    0x75, 0x73, 0x74, 0x72, 0x69, 0x61, 0x6c, 0x20, 0x43, 0x6f, 0x2e, 0x2c, 0x20, 0x4c, 0x74, 0x64,
    0x2e, 0x00, 0x53, 0x6f, 0x6e, 0x75, 0x73, 0x20, 0x46, 0x61, 0x62, 0x65, 0x72, 0x20, 0x73, 0x70,
    0x61, 0x00, 0x6d, 0x69, 0x54, 0x68, 0x69, 0x6e, 0x67, 0x73, 0x00, 0x4e, 0x65, 0x61, 0x72, 0x66,
    0x61, 0x63, 0x65, 0x73, 0x20, 0x55, 0x47, 0x20, 0x28, 0x68, 0x61, 0x66, 0x74, 0x75, 0x6e, 0x67,
    0x73, 0x62, 0x65, 0x73, 0x63, 0x68, 0x72, 0xc3, 0xa4, 0x6e, 0x6b, 0x74, 0x29, 0x00, 0x54, 0x65,
    0x6d, 0x70, 0x6c, 0x65, 0x20, 0x50, 0x72, 0x69, 0x76, 0x61, 0x74, 0x65, 0x20, 0x4c, 0x69, 0x6d,
    0x69, 0x74, 0x65, 0x64, 0x00, 0x42, 0x52, 0x49, 0x53, 0x41, 0x4e, 0x54, 0x20, 0x53, 0x45, 0x43,
    0x55, 0x52, 0x45, 0x20, 0x4c, 0x54, 0x44, 0x00, 0x44, 0x61, 0x69, 0x69, 0x63, 0x68, 0x69, 0x20,
    0x45, 0x6c, 0x65, 0x6b, 0x74, 0x72, 0x6f, 0x6e, 0x69, 0x6b, 0x20, 0x53, 0x61, 0x6e, 0x61, 0x79,
    0x69, 0x20, 0x76, 0x65, 0x20, 0x54, 0x69, 0x63, 0x61, 0x72, 0x65, 0x74, 0x2e, 0x20, 0x41, 0x2e,
    0x53, 0x2e, 0x00, 0x43, 0x69, 0x72, 0x72, 0x75, 0x73, 0x20, 0x44, 0x65, 0x73, 0x69, 0x67, 0x6e,
    0x20, 0x43, 0x6f, 0x72, 0x70, 0x6f, 0x72, 0x61, 0x74, 0x69, 0x6f, 0x6e, 0x00, 0x46, 0x6c, 0x69,
    0x63, 0x66, 0x69, 0x74, 0x20, 0x69, 0x6e, 0x63, 0x2e, 0x00, 0x4f, 0x70, 0x74, 0x72, 0x65, 0x6c,
    0x20, 0x41, 0x47, 0x00, 0x42, 0x45, 0x4d, 0x45, 0x52, 0x20, 0x49, 0x6e, 0x74, 0x2e, 0x20, 0x41,
    0x47, 0x00, 0x48, 0x61, 0x6d, 0x6f, 0x64, 0x61, 0x7a, 0x20, 0x43, 0x6f, 0x72, 0x70, 0x6f, 0x72,
    0x61, 0x74, 0x69, 0x6f, 0x6e, 0x00, 0x4f, 0x6e, 0x52, 0x61, 0x63, 0x65, 0x20, 0x4d, 0x6f, 0x74,
    0x6f, 0x72, 0x73, 0x70, 0x6f, 0x72, 0x74, 0x73, 0x00, 0x53, 0x49, 0x47, 0x4d, 0x41, 0x20, 0x43,
    0x4f, 0x52, 0x50, 0x4f, 0x52, 0x41, 0x54, 0x49, 0x4f, 0x4e, 0x00, 0x72, 0x65, 0x73, 0x63, 0x75,
    0x65, 0x74, 0x72, 0x61, 0x63, 0x6b, 0x20, 0x47, 0x6d, 0x62, 0x48, 0x00, 0x41, 0x52, 0x45, 0x54,
    0x41, 0x20, 0x41, 0x49, 0x20, 0x49, 0x4e, 0x43, 0x2e, 0x00, 0x47, 0x69, 0x67, 0x61, 0x77, 0x69,
    0x74, 0x20, 0x45, 0x6c, 0x65, 0x63, 0x74, 0x72, 0x6f, 0x6e, 0x69, 0x63, 0x73, 0x20, 0x4c, 0x54,
    0x44, 0x00, 0x4e, 0x79, 0x6c, 0x69, 0x6e, 0x74, 0x2c, 0x20, 0x4c, 0x4c, 0x43, 0x00, 0x48, 0x61,
    0x6d, 0x61, 0x74, 0x6f, 0x6e, 0x20, 0x49, 0x6e, 0x63, 0x2e, 0x2c, 0x00, 0x52, 0x41, 0x50, 0x53,
    0x4f, 0x44, 0x4f, 0x20, 0x50, 0x54, 0x45, 0x2e, 0x20, 0x4c, 0x54, 0x44, 0x2e, 0x00, 0x4a, 0x75,
    0x73, 0x74, 0x54, 0x65, 0x63, 0x20, 0x47, 0x6d, 0x62, 0x48, 0x00, 0x4f, 0x4e, 0x58, 0x4d, 0x41,
    0x50, 0x53, 0x2c, 0x20, 0x49, 0x4e, 0x43, 0x00, 0x4d, 0x65, 0x74, 0x61, 0x62, 0x6f, 0x77, 0x65,
    0x72, 0x6b, 0x65, 0x20, 0x47, 0x6d, 0x62, 0x48, 0x00, 0x54, 0x68, 0x65, 0x72, 0x6d, 0x69, 0x61,
    0x20, 0x41, 0x6b, 0x74, 0x69, 0x65, 0x62, 0x6f, 0x6c, 0x61, 0x67, 0x00, 0x41, 0x4c, 0x4c, 0x52,
    0x41, 0x20, 0x4c, 0x49, 0x4d, 0x49, 0x54, 0x45, 0x44, 0x00, 0x42, 0x6c, 0x75, 0x65, 0x74, 0x6f,
    0x6f, 0x74, 0x68, 0x20, 0x53, 0x49, 0x47, 0x20, 0x53, 0x70, 0x65, 0x63, 0x69, 0x66, 0x69, 0x63,
    0x61, 0x74, 0x69, 0x6f, 0x6e, 0x20, 0x52, 0x65, 0x73, 0x65, 0x72, 0x76, 0x65, 0x64, 0x20, 0x44,
    0x65, 0x66, 0x61, 0x75, 0x6c, 0x74, 0x20, 0x56, 0x65, 0x6e, 0x64, 0x6f, 0x72, 0x20, 0x49, 0x44,
    0x20, 0x66, 0x6f, 0x72, 0x20, 0x52, 0x65, 0x6d, 0x6f, 0x74, 0x65, 0x20, 0x44, 0x65, 0x76, 0x69,
    0x63, 0x65, 0x73, 0x20, 0x57, 0x69, 0x74, 0x68, 0x6f, 0x75, 0x74, 0x20, 0x44, 0x65, 0x76, 0x69,
    0x63, 0x65, 0x20, 0x49, 0x44, 0x20, 0x53, 0x65, 0x72, 0x76, 0x69, 0x63, 0x65, 0x20, 0x52, 0x65,
    0x63, 0x6f, 0x72, 0x64, 0x2e, 0x00, 0x4e, 0x6f, 0x72, 0x64, 0x69, 0x63, 0x20, 0x4c, 0x45, 0x44,
    0x20, 0x61, 0x6e, 0x64, 0x20, 0x42, 0x75, 0x74, 0x74, 0x6f, 0x6e, 0x20, 0x53, 0x65, 0x72, 0x76,
    0x69, 0x63, 0x65, 0x00, 0x4c, 0x65, 0x67, 0x61, 0x63, 0x79, 0x20, 0x44, 0x46, 0x55, 0x20, 0x53,
    0x65, 0x72, 0x76, 0x69, 0x63, 0x65, 0x00, 0x4c, 0x45, 0x47, 0x4f, 0xc2, 0xae, 0x20, 0x57, 0x69,
    0x72, 0x65, 0x6c, 0x65, 0x73, 0x73, 0x20, 0x50, 0x72, 0x6f, 0x74, 0x6f, 0x63, 0x6f, 0x6c, 0x20,
    0x76, 0x33, 0x20, 0x48, 0x75, 0x62, 0x20, 0x53, 0x65, 0x72, 0x76, 0x69, 0x63, 0x65, 0x00, 0x4c,
    0x45, 0x47, 0x4f, 0xc2, 0xae, 0x20, 0x57, 0x69, 0x72, 0x65, 0x6c, 0x65, 0x73, 0x73, 0x20, 0x50,
    0x72, 0x6f, 0x74, 0x6f, 0x63, 0x6f, 0x6c, 0x20, 0x76, 0x33, 0x20, 0x42, 0x6f, 0x6f, 0x74, 0x6c,
    0x6f, 0x61, 0x64, 0x65, 0x72, 0x20, 0x53, 0x65, 0x72, 0x76, 0x69, 0x63, 0x65, 0x00, 0x47, 0x65,
    0x6e, 0x65, 0x72, 0x69, 0x63, 0x20, 0x41, 0x63, 0x63, 0x65, 0x73, 0x73, 0x00, 0x47, 0x65, 0x6e,
    0x65, 0x72, 0x69, 0x63, 0x20, 0x41, 0x74, 0x74, 0x72, 0x69, 0x62, 0x75, 0x74, 0x65, 0x00, 0x49,
    0x6d, 0x6d, 0x65, 0x64, 0x69, 0x61, 0x74, 0x65, 0x20, 0x41, 0x6c, 0x65, 0x72, 0x74, 0x00, 0x4c,
    0x69, 0x6e, 0x6b, 0x20, 0x4c, 0x6f, 0x73, 0x73, 0x00, 0x54, 0x78, 0x20, 0x50, 0x6f, 0x77, 0x65,
    0x72, 0x00, 0x43, 0x75, 0x72, 0x72, 0x65, 0x6e, 0x74, 0x20, 0x54, 0x69, 0x6d, 0x65, 0x20, 0x53,
    0x65, 0x72, 0x76, 0x69, 0x63, 0x65, 0x00, 0x52, 0x65, 0x66, 0x65, 0x72, 0x65, 0x6e, 0x63, 0x65,
    0x20, 0x54, 0x69, 0x6d, 0x65, 0x20, 0x55, 0x70, 0x64, 0x61, 0x74, 0x65, 0x20, 0x53, 0x65, 0x72,
    0x76, 0x69, 0x63, 0x65, 0x00, 0x4e, 0x65, 0x78, 0x74, 0x20, 0x44, 0x53, 0x54, 0x20, 0x43, 0x68,
    0x61, 0x6e, 0x67, 0x65, 0x20, 0x53, 0x65, 0x72, 0x76, 0x69, 0x63, 0x65, 0x00, 0x47, 0x6c, 0x75,
    0x63, 0x6f, 0x73, 0x65, 0x00, 0x48, 0x65, 0x61, 0x6c, 0x74, 0x68, 0x20, 0x54, 0x68, 0x65, 0x72,
    0x6d, 0x6f, 0x6d, 0x65, 0x74, 0x65, 0x72, 0x00, 0x44, 0x65, 0x76, 0x69, 0x63, 0x65, 0x20, 0x49,
    0x6e, 0x66, 0x6f, 0x72, 0x6d, 0x61, 0x74, 0x69, 0x6f, 0x6e, 0x00, 0x48, 0x65, 0x61, 0x72, 0x74,
    0x20, 0x52, 0x61, 0x74, 0x65, 0x00, 0x50, 0x68, 0x6f, 0x6e, 0x65, 0x20, 0x41, 0x6c, 0x65, 0x72,
    0x74, 0x20, 0x53, 0x74, 0x61, 0x74, 0x75, 0x73, 0x20, 0x53, 0x65, 0x72, 0x76, 0x69, 0x63, 0x65,
    0x00, 0x42, 0x61, 0x74, 0x74, 0x65, 0x72, 0x79, 0x20, 0x53, 0x65, 0x72, 0x76, 0x69, 0x63, 0x65,
    0x00, 0x42, 0x6c, 0x6f, 0x6f, 0x64, 0x20, 0x50, 0x72, 0x65, 0x73, 0x73, 0x75, 0x72, 0x65, 0x00,
    0x41, 0x6c, 0x65, 0x72, 0x74, 0x20, 0x4e, 0x6f, 0x74, 0x69, 0x66, 0x69, 0x63, 0x61, 0x74, 0x69,
    0x6f, 0x6e, 0x20, 0x53, 0x65, 0x72, 0x76, 0x69, 0x63, 0x65, 0x00, 0x48, 0x75, 0x6d, 0x61, 0x6e,
    0x20, 0x49, 0x6e, 0x74, 0x65, 0x72, 0x66, 0x61, 0x63, 0x65, 0x20, 0x44, 0x65, 0x76, 0x69, 0x63,
    0x65, 0x00, 0x53, 0x63, 0x61, 0x6e, 0x20, 0x50, 0x61, 0x72, 0x61, 0x6d, 0x65, 0x74, 0x65, 0x72,
    0x73, 0x00, 0x52, 0x75, 0x6e, 0x6e, 0x69, 0x6e, 0x67, 0x20, 0x53, 0x70, 0x65, 0x65, 0x64, 0x20,
    0x61, 0x6e, 0x64, 0x20, 0x43, 0x61, 0x64, 0x65, 0x6e, 0x63, 0x65, 0x00, 0x41, 0x75, 0x74, 0x6f,
    0x6d, 0x61, 0x74, 0x69, 0x6f, 0x6e, 0x20, 0x49, 0x4f, 0x00, 0x43, 0x79, 0x63, 0x6c, 0x69, 0x6e,
    0x67, 0x20, 0x53, 0x70, 0x65, 0x65, 0x64, 0x20, 0x61, 0x6e, 0x64, 0x20, 0x43, 0x61, 0x64, 0x65,
    0x6e, 0x63, 0x65, 0x00, 0x43, 0x79, 0x63, 0x6c, 0x69, 0x6e, 0x67, 0x20, 0x50, 0x6f, 0x77, 0x65,
    0x72, 0x00, 0x4c, 0x6f, 0x63, 0x61, 0x74, 0x69, 0x6f, 0x6e, 0x20, 0x61, 0x6e, 0x64, 0x20, 0x4e,
    0x61, 0x76, 0x69, 0x67, 0x61, 0x74, 0x69, 0x6f, 0x6e, 0x00, 0x45, 0x6e, 0x76, 0x69, 0x72, 0x6f,
    0x6e, 0x6d, 0x65, 0x6e, 0x74, 0x61, 0x6c, 0x20, 0x53, 0x65, 0x6e, 0x73, 0x69, 0x6e, 0x67, 0x00,
    0x42, 0x6f, 0x64, 0x79, 0x20, 0x43, 0x6f, 0x6d, 0x70, 0x6f, 0x73, 0x69, 0x74, 0x69, 0x6f, 0x6e,
    0x00, 0x55, 0x73, 0x65, 0x72, 0x20, 0x44, 0x61, 0x74, 0x61, 0x00, 0x57, 0x65, 0x69, 0x67, 0x68,
    0x74, 0x20, 0x53, 0x63, 0x61, 0x6c, 0x65, 0x00, 0x42, 0x6f, 0x6e, 0x64, 0x20, 0x4d, 0x61, 0x6e,
    0x61, 0x67, 0x65, 0x6d, 0x65, 0x6e, 0x74, 0x20, 0x53, 0x65, 0x72, 0x76, 0x69, 0x63, 0x65, 0x00,
    0x43, 0x6f, 0x6e, 0x74, 0x69, 0x6e, 0x75, 0x6f, 0x75, 0x73, 0x20, 0x47, 0x6c, 0x75, 0x63, 0x6f,
    0x73, 0x65, 0x20, 0x4d, 0x6f, 0x6e, 0x69, 0x74, 0x6f, 0x72, 0x69, 0x6e, 0x67, 0x00, 0x49, 0x6e,
    0x74, 0x65, 0x72, 0x6e, 0x65, 0x74, 0x20, 0x50, 0x72, 0x6f, 0x74, 0x6f, 0x63, 0x6f, 0x6c, 0x20,
    0x53, 0x75, 0x70, 0x70, 0x6f, 0x72, 0x74, 0x20, 0x53, 0x65, 0x72, 0x76, 0x69, 0x63, 0x65, 0x00,
    0x49, 0x6e, 0x64, 0x6f, 0x6f, 0x72, 0x20, 0x50, 0x6f, 0x73, 0x69, 0x74, 0x69, 0x6f, 0x6e, 0x69,
    0x6e, 0x67, 0x00, 0x50, 0x75, 0x6c, 0x73, 0x65, 0x20, 0x4f, 0x78, 0x69, 0x6d, 0x65, 0x74, 0x65,
    0x72, 0x20, 0x53, 0x65, 0x72, 0x76, 0x69, 0x63, 0x65, 0x00, 0x48, 0x54, 0x54, 0x50, 0x20, 0x50,
    0x72, 0x6f, 0x78, 0x79, 0x00, 0x54, 0x72, 0x61, 0x6e, 0x73, 0x70, 0x6f, 0x72, 0x74, 0x20, 0x44,
    0x69, 0x73, 0x63, 0x6f, 0x76, 0x65, 0x72, 0x79, 0x00, 0x4f, 0x62, 0x6a, 0x65, 0x63, 0x74, 0x20,
    0x54, 0x72, 0x61, 0x6e, 0x73, 0x66, 0x65, 0x72, 0x20, 0x53, 0x65, 0x72, 0x76, 0x69, 0x63, 0x65,
    0x00, 0x46, 0x69, 0x74, 0x6e, 0x65, 0x73, 0x73, 0x20, 0x4d, 0x61, 0x63, 0x68, 0x69, 0x6e, 0x65,
    0x00, 0x4d, 0x65, 0x73, 0x68, 0x20, 0x50, 0x72, 0x6f, 0x76, 0x69, 0x73, 0x69, 0x6f, 0x6e, 0x69,
    0x6e, 0x67, 0x20, 0x53, 0x65, 0x72, 0x76, 0x69, 0x63, 0x65, 0x00, 0x4d, 0x65, 0x73, 0x68, 0x20,
    0x50, 0x72, 0x6f, 0x78, 0x79, 0x20, 0x53, 0x65, 0x72, 0x76, 0x69, 0x63, 0x65, 0x00, 0x52, 0x65,
    0x63, 0x6f, 0x6e, 0x6e, 0x65, 0x63, 0x74, 0x69, 0x6f, 0x6e, 0x20, 0x43, 0x6f, 0x6e, 0x66, 0x69,
    0x67, 0x75, 0x72, 0x61, 0x74, 0x69, 0x6f, 0x6e, 0x00, 0x49, 0x6e, 0x73, 0x75, 0x6c, 0x69, 0x6e,
    0x20, 0x44, 0x65, 0x6c, 0x69, 0x76, 0x65, 0x72, 0x79, 0x00, 0x42, 0x69, 0x6e, 0x61, 0x72, 0x79,
    0x20, 0x53, 0x65, 0x6e, 0x73, 0x6f, 0x72, 0x00, 0x45, 0x6d, 0x65, 0x72, 0x67, 0x65, 0x6e, 0x63,
    0x79, 0x20, 0x43, 0x6f, 0x6e, 0x66, 0x69, 0x67, 0x75, 0x72, 0x61, 0x74, 0x69, 0x6f, 0x6e, 0x00,
    0x50, 0x68, 0x79, 0x73, 0x69, 0x63, 0x61, 0x6c, 0x20, 0x41, 0x63, 0x74, 0x69, 0x76, 0x69, 0x74,
    0x79, 0x20, 0x4d, 0x6f, 0x6e, 0x69, 0x74, 0x6f, 0x72, 0x00, 0x41, 0x75, 0x64, 0x69, 0x6f, 0x20,
    0x49, 0x6e, 0x70, 0x75, 0x74, 0x20, 0x43, 0x6f, 0x6e, 0x74, 0x72, 0x6f, 0x6c, 0x00, 0x56, 0x6f,
    0x6c, 0x75, 0x6d, 0x65, 0x20, 0x43, 0x6f, 0x6e, 0x74, 0x72, 0x6f, 0x6c, 0x00, 0x56, 0x6f, 0x6c,
    0x75, 0x6d, 0x65, 0x20, 0x4f, 0x66, 0x66, 0x73, 0x65, 0x74, 0x20, 0x43, 0x6f, 0x6e, 0x74, 0x72,
    0x6f, 0x6c, 0x00, 0x43, 0x6f, 0x6f, 0x72, 0x64, 0x69, 0x6e, 0x61, 0x74, 0x65, 0x64, 0x20, 0x53,
    0x65, 0x74, 0x20, 0x49, 0x64, 0x65, 0x6e, 0x74, 0x69, 0x66, 0x69, 0x63, 0x61, 0x74, 0x69, 0x6f,
    0x6e, 0x00, 0x44, 0x65, 0x76, 0x69, 0x63, 0x65, 0x20, 0x54, 0x69, 0x6d, 0x65, 0x00, 0x4d, 0x65,
    0x64, 0x69, 0x61, 0x20, 0x43, 0x6f, 0x6e, 0x74, 0x72, 0x6f, 0x6c, 0x00, 0x47, 0x65, 0x6e, 0x65,
    0x72, 0x69, 0x63, 0x20, 0x4d, 0x65, 0x64, 0x69, 0x61, 0x20, 0x43, 0x6f, 0x6e, 0x74, 0x72, 0x6f,
    0x6c, 0x00, 0x43, 0x6f, 0x6e, 0x73, 0x74, 0x61, 0x6e, 0x74, 0x20, 0x54, 0x6f, 0x6e, 0x65, 0x20,
    0x45, 0x78, 0x74, 0x65, 0x6e, 0x73, 0x69, 0x6f, 0x6e, 0x00, 0x54, 0x65, 0x6c, 0x65, 0x70, 0x68,
    0x6f, 0x6e, 0x65, 0x20, 0x42, 0x65, 0x61, 0x72, 0x65, 0x72, 0x00, 0x47, 0x65, 0x6e, 0x65, 0x72,
    0x69, 0x63, 0x20, 0x54, 0x65, 0x6c, 0x65, 0x70, 0x68, 0x6f, 0x6e, 0x65, 0x20, 0x42, 0x65, 0x61,
    0x72, 0x65, 0x72, 0x00, 0x4d, 0x69, 0x63, 0x72, 0x6f, 0x70, 0x68, 0x6f, 0x6e, 0x65, 0x20, 0x43,
    0x6f, 0x6e, 0x74, 0x72, 0x6f, 0x6c, 0x00, 0x41, 0x75, 0x64, 0x69, 0x6f, 0x20, 0x53, 0x74, 0x72,
    0x65, 0x61, 0x6d, 0x20, 0x43, 0x6f, 0x6e, 0x74, 0x72, 0x6f, 0x6c, 0x00, 0x42, 0x72, 0x6f, 0x61,
    0x64, 0x63, 0x61, 0x73, 0x74, 0x20, 0x41, 0x75, 0x64, 0x69, 0x6f, 0x20, 0x53, 0x63, 0x61, 0x6e,
    0x00, 0x50, 0x75, 0x62, 0x6c, 0x69, 0x73, 0x68, 0x65, 0x64, 0x20, 0x41, 0x75, 0x64, 0x69, 0x6f,
    0x20, 0x43, 0x61, 0x70, 0x61, 0x62, 0x69, 0x6c, 0x69, 0x74, 0x69, 0x65, 0x73, 0x00, 0x42, 0x61,
    0x73, 0x69, 0x63, 0x20, 0x41, 0x75, 0x64, 0x69, 0x6f, 0x20, 0x41, 0x6e, 0x6e, 0x6f, 0x75, 0x6e,
    0x63, 0x65, 0x6d, 0x65, 0x6e, 0x74, 0x00, 0x42, 0x72, 0x6f, 0x61, 0x64, 0x63, 0x61, 0x73, 0x74,
    0x20, 0x41, 0x75, 0x64, 0x69, 0x6f, 0x20, 0x41, 0x6e, 0x6e, 0x6f, 0x75, 0x6e, 0x63, 0x65, 0x6d,
    0x65, 0x6e, 0x74, 0x00, 0x43, 0x6f, 0x6d, 0x6d, 0x6f, 0x6e, 0x20, 0x41, 0x75, 0x64, 0x69, 0x6f,
    0x00, 0x48, 0x65, 0x61, 0x72, 0x69, 0x6e, 0x67, 0x20, 0x41, 0x63, 0x63, 0x65, 0x73, 0x73, 0x00,
    0x54, 0x65, 0x6c, 0x65, 0x70, 0x68, 0x6f, 0x6e, 0x79, 0x20, 0x61, 0x6e, 0x64, 0x20, 0x4d, 0x65,
    0x64, 0x69, 0x61, 0x20, 0x41, 0x75, 0x64, 0x69, 0x6f, 0x00, 0x50, 0x75, 0x62, 0x6c, 0x69, 0x63,
    0x20, 0x42, 0x72, 0x6f, 0x61, 0x64, 0x63, 0x61, 0x73, 0x74, 0x20, 0x41, 0x6e, 0x6e, 0x6f, 0x75,
    0x6e, 0x63, 0x65, 0x6d, 0x65, 0x6e, 0x74, 0x00, 0x45, 0x6c, 0x65, 0x63, 0x74, 0x72, 0x6f, 0x6e,
    0x69, 0x63, 0x20, 0x53, 0x68, 0x65, 0x6c, 0x66, 0x20, 0x4c, 0x61, 0x62, 0x65, 0x6c, 0x00, 0x47,
    0x61, 0x6d, 0x69, 0x6e, 0x67, 0x20, 0x41, 0x75, 0x64, 0x69, 0x6f, 0x00, 0x4d, 0x65, 0x73, 0x68,
    0x20, 0x50, 0x72, 0x6f, 0x78, 0x79, 0x20, 0x53, 0x6f, 0x6c, 0x69, 0x63, 0x69, 0x74, 0x61, 0x74,
    0x69, 0x6f, 0x6e, 0x00, 0x52, 0x61, 0x6e, 0x67, 0x69, 0x6e, 0x67, 0x20, 0x53, 0x65, 0x72, 0x76,
    0x69, 0x63, 0x65, 0x20, 0x28, 0x52, 0x41, 0x53, 0x29, 0x00, 0x54, 0x69, 0x72, 0x65, 0x20, 0x50,
    0x72, 0x65, 0x73, 0x73, 0x75, 0x72, 0x65, 0x20, 0x4d, 0x6f, 0x6e, 0x69, 0x74, 0x6f, 0x72, 0x69,
    0x6e, 0x67, 0x20, 0x53, 0x79, 0x73, 0x74, 0x65, 0x6d, 0x20, 0x53, 0x65, 0x72, 0x76, 0x69, 0x63,
    0x65, 0x00, 0x4c, 0x6f, 0x63, 0x61, 0x74, 0x69, 0x6f, 0x6e, 0x20, 0x45, 0x6e, 0x61, 0x62, 0x6c,
    0x65, 0x64, 0x20, 0x41, 0x64, 0x76, 0x65, 0x72, 0x74, 0x69, 0x73, 0x65, 0x6d, 0x65, 0x6e, 0x74,
    0x20, 0x53, 0x65, 0x72, 0x76, 0x69, 0x63, 0x65, 0x00, 0x42, 0x6c, 0x65, 0x63, 0x6f, 0x6e, 0x20,
    0x41, 0x64, 0x76, 0x65, 0x72, 0x74, 0x69, 0x73, 0x69, 0x6e, 0x67, 0x20, 0x53, 0x65, 0x72, 0x76,
    0x69, 0x63, 0x65, 0x00, 0x45, 0x78, 0x70, 0x6f, 0x73, 0x75, 0x72, 0x65, 0x20, 0x4e, 0x6f, 0x74,
    0x69, 0x66, 0x69, 0x63, 0x61, 0x74, 0x69, 0x6f, 0x6e, 0x20, 0x53, 0x65, 0x72, 0x76, 0x69, 0x63,
    0x65, 0x00, 0x53, 0x69, 0x67, 0x6e, 0x69, 0x66, 0x79, 0x20, 0x4e, 0x65, 0x74, 0x68, 0x65, 0x72,
    0x6c, 0x61, 0x6e, 0x64, 0x73, 0x20, 0x42, 0x2e, 0x56, 0x2e, 0x20, 0x28, 0x66, 0x6f, 0x72, 0x6d,
    0x65, 0x72, 0x6c, 0x79, 0x20, 0x50, 0x68, 0x69, 0x6c, 0x69, 0x70, 0x73, 0x20, 0x4c, 0x69, 0x67,
    0x68, 0x74, 0x69, 0x6e, 0x67, 0x29, 0x20, 0x53, 0x65, 0x72, 0x76, 0x69, 0x63, 0x65, 0x00, 0x46,
    0x61, 0x73, 0x74, 0x20, 0x50, 0x61, 0x69, 0x72, 0x20, 0x53, 0x65, 0x72, 0x76, 0x69, 0x63, 0x65,
    0x00, 0x53, 0x65, 0x63, 0x75, 0x72, 0x65, 0x20, 0x44, 0x46, 0x55, 0x20, 0x53, 0x65, 0x72, 0x76,
    0x69, 0x63, 0x65, 0x00, 0x45, 0x64, 0x64, 0x79, 0x73, 0x74, 0x6f, 0x6e, 0x65, 0x00, 0x46, 0x69,
    0x6c, 0x65, 0x20, 0x54, 0x72, 0x61, 0x6e, 0x73, 0x66, 0x65, 0x72, 0x20, 0x53, 0x65, 0x72, 0x76,
    0x69, 0x63, 0x65, 0x20, 0x62, 0x79, 0x20, 0x41, 0x64, 0x61, 0x66, 0x72, 0x75, 0x69, 0x74, 0x00,
    0x4e, 0x6f, 0x72, 0x64, 0x69, 0x63, 0x20, 0x54, 0x68, 0x72, 0x6f, 0x75, 0x67, 0x68, 0x70, 0x75,
    0x74, 0x20, 0x53, 0x65, 0x72, 0x76, 0x69, 0x63, 0x65, 0x00, 0x48, 0x65, 0x6c, 0x69, 0x75, 0x6d,
    0x20, 0x48, 0x6f, 0x74, 0x73, 0x70, 0x6f, 0x74, 0x20, 0x43, 0x75, 0x73, 0x74, 0x6f, 0x6d, 0x20,
    0x53, 0x65, 0x72, 0x76, 0x69, 0x63, 0x65, 0x00, 0x4e, 0x6f, 0x72, 0x64, 0x69, 0x63, 0x20, 0x57,
    0x69, 0x2d, 0x46, 0x69, 0x20, 0x50, 0x72, 0x6f, 0x76, 0x69, 0x73, 0x69, 0x6f, 0x6e, 0x69, 0x6e,
    0x67, 0x20, 0x53, 0x65, 0x72, 0x76, 0x69, 0x63, 0x65, 0x00, 0x4e, 0x6f, 0x72, 0x64, 0x69, 0x63,
    0x20, 0x44, 0x69, 0x72, 0x65, 0x63, 0x74, 0x69, 0x6f, 0x6e, 0x20, 0x61, 0x6e, 0x64, 0x20, 0x44,
    0x69, 0x73, 0x74, 0x61, 0x6e, 0x63, 0x65, 0x20, 0x46, 0x69, 0x6e, 0x64, 0x69, 0x6e, 0x67, 0x20,
    0x53, 0x65, 0x72, 0x76, 0x69, 0x63, 0x65, 0x00, 0x4d, 0x65, 0x6d, 0x66, 0x61, 0x75, 0x6c, 0x74,
    0x20, 0x44, 0x69, 0x61, 0x67, 0x6e, 0x6f, 0x73, 0x74, 0x69, 0x63, 0x20, 0x53, 0x65, 0x72, 0x76,
    0x69, 0x63, 0x65, 0x00, 0x4e, 0x6f, 0x72, 0x64, 0x69, 0x63, 0x20, 0x53, 0x74, 0x61, 0x74, 0x75,
    0x73, 0x20, 0x4d, 0x65, 0x73, 0x73, 0x61, 0x67, 0x65, 0x20, 0x53, 0x65, 0x72, 0x76, 0x69, 0x63,
    0x65, 0x00, 0x4e, 0x6f, 0x72, 0x64, 0x69, 0x63, 0x20, 0x55, 0x41, 0x52, 0x54, 0x20, 0x53, 0x65,
    0x72, 0x76, 0x69, 0x63, 0x65, 0x00, 0x41, 0x70, 0x70, 0x6c, 0x65, 0x20, 0x4e, 0x6f, 0x74, 0x69,
    0x66, 0x69, 0x63, 0x61, 0x74, 0x69, 0x6f, 0x6e, 0x20, 0x43, 0x65, 0x6e, 0x74, 0x65, 0x72, 0x20,
    0x53, 0x65, 0x72, 0x76, 0x69, 0x63, 0x65, 0x00, 0x41, 0x70, 0x70, 0x6c, 0x65, 0x20, 0x52, 0x65,
    0x73, 0x65, 0x72, 0x76, 0x65, 0x64, 0x20, 0x53, 0x65, 0x72, 0x76, 0x69, 0x63, 0x65, 0x00, 0x41,
    0x70, 0x70, 0x6c, 0x65, 0x20, 0x4d, 0x65, 0x64, 0x69, 0x61, 0x20, 0x53, 0x65, 0x72, 0x76, 0x69,
    0x63, 0x65, 0x00, 0x53, 0x4d, 0x50, 0x20, 0x53, 0x65, 0x72, 0x76, 0x69, 0x63, 0x65, 0x00, 0x45,
    0x78, 0x70, 0x65, 0x72, 0x69, 0x6d, 0x65, 0x6e, 0x74, 0x61, 0x6c, 0x20, 0x42, 0x75, 0x74, 0x74,
    0x6f, 0x6e, 0x6c, 0x65, 0x73, 0x73, 0x20, 0x44, 0x46, 0x55, 0x20, 0x53, 0x65, 0x72, 0x76, 0x69,
    0x63, 0x65, 0x00, 0x50, 0x68, 0x69, 0x6c, 0x69, 0x70, 0x73, 0x20, 0x48, 0x75, 0x65, 0x20, 0x4c,
    0x69, 0x67, 0x68, 0x74, 0x20, 0x43, 0x6f, 0x6e, 0x74, 0x72, 0x6f, 0x6c, 0x20, 0x53, 0x65, 0x72,
    0x76, 0x69, 0x63, 0x65, 0x00, 0x45, 0x64, 0x64, 0x79, 0x73, 0x74, 0x6f, 0x6e, 0x65, 0x20, 0x43,
    0x6f, 0x6e, 0x66, 0x69, 0x67, 0x75, 0x72, 0x61, 0x74, 0x69, 0x6f, 0x6e, 0x20, 0x53, 0x65, 0x72,
    0x76, 0x69, 0x63, 0x65, 0x00, 0x54, 0x68, 0x69, 0x6e, 0x67, 0x79, 0x20, 0x53, 0x65, 0x6e, 0x73,
    0x6f, 0x72, 0x20, 0x48, 0x75, 0x62, 0x00, 0x41, 0x64, 0x61, 0x66, 0x72, 0x75, 0x69, 0x74, 0x20,
    0x54, 0x65, 0x6d, 0x70, 0x65, 0x72, 0x61, 0x74, 0x75, 0x72, 0x65, 0x20, 0x53, 0x65, 0x72, 0x76,
    0x69, 0x63, 0x65, 0x00, 0x41, 0x64, 0x61, 0x66, 0x72, 0x75, 0x69, 0x74, 0x20, 0x41, 0x63, 0x63,
    0x65, 0x6c, 0x65, 0x72, 0x6f, 0x6d, 0x65, 0x74, 0x65, 0x72, 0x20, 0x53, 0x65, 0x72, 0x76, 0x69,
    0x63, 0x65, 0x00, 0x41, 0x64, 0x61, 0x66, 0x72, 0x75, 0x69, 0x74, 0x20, 0x4c, 0x69, 0x67, 0x68,
    0x74, 0x20, 0x53, 0x65, 0x72, 0x76, 0x69, 0x63, 0x65, 0x00, 0x41, 0x64, 0x61, 0x66, 0x72, 0x75,
    0x69, 0x74, 0x20, 0x47, 0x79, 0x72, 0x6f, 0x73, 0x63, 0x6f, 0x70, 0x65, 0x20, 0x53, 0x65, 0x72,
    0x76, 0x69, 0x63, 0x65, 0x00, 0x41, 0x64, 0x61, 0x66, 0x72, 0x75, 0x69, 0x74, 0x20, 0x4d, 0x61,
    0x67, 0x6e, 0x65, 0x74, 0x6f, 0x6d, 0x65, 0x74, 0x65, 0x72, 0x20, 0x53, 0x65, 0x72, 0x76, 0x69,
    0x63, 0x65, 0x00, 0x41, 0x64, 0x61, 0x66, 0x72, 0x75, 0x69, 0x74, 0x20, 0x42, 0x75, 0x74, 0x74,
    0x6f, 0x6e, 0x20, 0x53, 0x65, 0x72, 0x76, 0x69, 0x63, 0x65, 0x00, 0x41, 0x64, 0x61, 0x66, 0x72,
    0x75, 0x69, 0x74, 0x20, 0x48, 0x75, 0x6d, 0x69, 0x64, 0x69, 0x74, 0x79, 0x20, 0x53, 0x65, 0x72,
    0x76, 0x69, 0x63, 0x65, 0x00, 0x41, 0x64, 0x61, 0x66, 0x72, 0x75, 0x69, 0x74, 0x20, 0x42, 0x61,
    0x72, 0x6f, 0x6d, 0x65, 0x74, 0x72, 0x69, 0x63, 0x20, 0x53, 0x65, 0x72, 0x76, 0x69, 0x63, 0x65,
    0x00, 0x41, 0x64, 0x61, 0x66, 0x72, 0x75, 0x69, 0x74, 0x20, 0x41, 0x64, 0x64, 0x72, 0x65, 0x73,
    0x73, 0x61, 0x62, 0x6c, 0x65, 0x20, 0x53, 0x65, 0x72, 0x76, 0x69, 0x63, 0x65, 0x00, 0x41, 0x64,
    0x61, 0x66, 0x72, 0x75, 0x69, 0x74, 0x20, 0x43, 0x6f, 0x6c, 0x6f, 0x72, 0x20, 0x53, 0x65, 0x72,
    0x76, 0x69, 0x63, 0x65, 0x00, 0x41, 0x64, 0x61, 0x66, 0x72, 0x75, 0x69, 0x74, 0x20, 0x53, 0x6f,
    0x75, 0x6e, 0x64, 0x20, 0x53, 0x65, 0x72, 0x76, 0x69, 0x63, 0x65, 0x00, 0x41, 0x64, 0x61, 0x66,
    0x72, 0x75, 0x69, 0x74, 0x20, 0x54, 0x6f, 0x6e, 0x65, 0x20, 0x53, 0x65, 0x72, 0x76, 0x69, 0x63,
    0x65, 0x00, 0x41, 0x64, 0x61, 0x66, 0x72, 0x75, 0x69, 0x74, 0x20, 0x51, 0x75, 0x61, 0x74, 0x65,
    0x72, 0x6e, 0x69, 0x6f, 0x6e, 0x20, 0x53, 0x65, 0x72, 0x76, 0x69, 0x63, 0x65, 0x00, 0x41, 0x64,
    0x61, 0x66, 0x72, 0x75, 0x69, 0x74, 0x20, 0x50, 0x72, 0x6f, 0x78, 0x69, 0x6d, 0x69, 0x74, 0x79,
    0x20, 0x53, 0x65, 0x72, 0x76, 0x69, 0x63, 0x65, 0x00, 0x51, 0x75, 0x69, 0x63, 0x6b, 0x53, 0x74,
    0x61, 0x72, 0x74, 0x20, 0x53, 0x65, 0x72, 0x76, 0x69, 0x63, 0x65, 0x00, 0x50, 0x68, 0x69, 0x6c,
    0x69, 0x70, 0x73, 0x20, 0x48, 0x75, 0x65, 0x20, 0x4c, 0x69, 0x67, 0x68, 0x74, 0x20, 0x55, 0x70,
    0x64, 0x61, 0x74, 0x65, 0x20, 0x53, 0x65, 0x72, 0x76, 0x69, 0x63, 0x65, 0x00, 0x45, 0x64, 0x67,
    0x65, 0x20, 0x49, 0x6d, 0x70, 0x75, 0x6c, 0x73, 0x65, 0x20, 0x52, 0x65, 0x6d, 0x6f, 0x74, 0x65,
    0x20, 0x4d, 0x61, 0x6e, 0x61, 0x67, 0x65, 0x6d, 0x65, 0x6e, 0x74, 0x20, 0x53, 0x65, 0x72, 0x76,
    0x69, 0x63, 0x65, 0x00, 0x6d, 0x69, 0x63, 0x72, 0x6f, 0x3a, 0x62, 0x69, 0x74, 0x20, 0x41, 0x63,
    0x63, 0x65, 0x6c, 0x65, 0x72, 0x6f, 0x6d, 0x65, 0x74, 0x65, 0x72, 0x20, 0x53, 0x65, 0x72, 0x76,
    0x69, 0x63, 0x65, 0x00, 0x6d, 0x69, 0x63, 0x72, 0x6f, 0x3a, 0x62, 0x69, 0x74, 0x20, 0x49, 0x4f,
    0x20, 0x50, 0x69, 0x6e, 0x20, 0x53, 0x65, 0x72, 0x76, 0x69, 0x63, 0x65, 0x00, 0x6d, 0x69, 0x63,
    0x72, 0x6f, 0x3a, 0x62, 0x69, 0x74, 0x20, 0x54, 0x65, 0x6d, 0x70, 0x65, 0x72, 0x61, 0x74, 0x75,
    0x72, 0x65, 0x20, 0x53, 0x65, 0x72, 0x76, 0x69, 0x63, 0x65, 0x00, 0x6d, 0x69, 0x63, 0x72, 0x6f,
    0x3a, 0x62, 0x69, 0x74, 0x20, 0x45, 0x76, 0x65, 0x6e, 0x74, 0x20, 0x53, 0x65, 0x72, 0x76, 0x69,
    0x63, 0x65, 0x00, 0x6d, 0x69, 0x63, 0x72, 0x6f, 0x3a, 0x62, 0x69, 0x74, 0x20, 0x44, 0x46, 0x55,
    0x20, 0x43, 0x6f, 0x6e, 0x74, 0x72, 0x6f, 0x6c, 0x20, 0x53, 0x65, 0x72, 0x76, 0x69, 0x63, 0x65,
    0x00, 0x6d, 0x69, 0x63, 0x72, 0x6f, 0x3a, 0x62, 0x69, 0x74, 0x20, 0x42, 0x75, 0x74, 0x74, 0x6f,
    0x6e, 0x20, 0x53, 0x65, 0x72, 0x76, 0x69, 0x63, 0x65, 0x00, 0x6d, 0x69, 0x63, 0x72, 0x6f, 0x3a,
    0x62, 0x69, 0x74, 0x20, 0x4c, 0x45, 0x44, 0x20, 0x53, 0x65, 0x72, 0x76, 0x69, 0x63, 0x65, 0x00,
    0x6d, 0x69, 0x63, 0x72, 0x6f, 0x3a, 0x62, 0x69, 0x74, 0x20, 0x4d, 0x61, 0x67, 0x6e, 0x65, 0x74,
    0x6f, 0x6d, 0x65, 0x74, 0x65, 0x72, 0x20, 0x53, 0x65, 0x72, 0x76, 0x69, 0x63, 0x65, 0x00, 0x54,
    0x68, 0x69, 0x6e, 0x67, 0x79, 0x20, 0x43, 0x6f, 0x6e, 0x66, 0x69, 0x67, 0x75, 0x72, 0x61, 0x74,
    0x69, 0x6f, 0x6e, 0x20, 0x53, 0x65, 0x72, 0x76, 0x69, 0x63, 0x65, 0x00, 0x54, 0x68, 0x69, 0x6e,
    0x67, 0x79, 0x20, 0x57, 0x65, 0x61, 0x74, 0x68, 0x65, 0x72, 0x20, 0x53, 0x74, 0x61, 0x74, 0x69,
    0x6f, 0x6e, 0x20, 0x53, 0x65, 0x72, 0x76, 0x69, 0x63, 0x65, 0x00, 0x54, 0x68, 0x69, 0x6e, 0x67,
    0x79, 0x20, 0x55, 0x49, 0x20, 0x53, 0x65, 0x72, 0x76, 0x69, 0x63, 0x65, 0x00, 0x54, 0x68, 0x69,
    0x6e, 0x67, 0x79, 0x20, 0x4d, 0x6f, 0x74, 0x69, 0x6f, 0x6e, 0x20, 0x53, 0x65, 0x72, 0x76, 0x69,
    0x63, 0x65, 0x00, 0x54, 0x68, 0x69, 0x6e, 0x67, 0x79, 0x20, 0x53, 0x6f, 0x75, 0x6e, 0x64, 0x20,
    0x53, 0x65, 0x72, 0x76, 0x69, 0x63, 0x65, 0x00, 0x54, 0x65, 0x78, 0x61, 0x73, 0x20, 0x49, 0x6e,
    0x73, 0x74, 0x72, 0x75, 0x6d, 0x65, 0x6e, 0x74, 0x73, 0x20, 0x4f, 0x76, 0x65, 0x72, 0x2d, 0x74,
    0x68, 0x65, 0x2d, 0x41, 0x69, 0x72, 0x20, 0x44, 0x6f, 0x77, 0x6e, 0x6c, 0x6f, 0x61, 0x64, 0x20,
    0x28, 0x4f, 0x41, 0x44, 0x29, 0x20, 0x53, 0x65, 0x72, 0x76, 0x69, 0x63, 0x65, 0x00, 0x55, 0x6e,
    0x6b, 0x6e, 0x6f, 0x77, 0x6e, 0x00, 0x50, 0x68, 0x6f, 0x6e, 0x65, 0x00, 0x43, 0x6f, 0x6d, 0x70,
    0x75, 0x74, 0x65, 0x72, 0x00, 0x44, 0x65, 0x73, 0x6b, 0x74, 0x6f, 0x70, 0x20, 0x57, 0x6f, 0x72,
    0x6b, 0x73, 0x74, 0x61, 0x74, 0x69, 0x6f, 0x6e, 0x00, 0x53, 0x65, 0x72, 0x76, 0x65, 0x72, 0x2d,
    0x63, 0x6c, 0x61, 0x73, 0x73, 0x20, 0x43, 0x6f, 0x6d, 0x70, 0x75, 0x74, 0x65, 0x72, 0x00, 0x4c,
    0x61, 0x70, 0x74, 0x6f, 0x70, 0x00, 0x48, 0x61, 0x6e, 0x64, 0x68, 0x65, 0x6c, 0x64, 0x20, 0x50,
    0x43, 0x2f, 0x50, 0x44, 0x41, 0x20, 0x28, 0x63, 0x6c, 0x61, 0x6d, 0x73, 0x68, 0x65, 0x6c, 0x6c,
    0x29, 0x00, 0x50, 0x61, 0x6c, 0x6d, 0x2d, 0x73, 0x69, 0x7a, 0x65, 0x20, 0x50, 0x43, 0x2f, 0x50,
    0x44, 0x41, 0x00, 0x57, 0x65, 0x61, 0x72, 0x61, 0x62, 0x6c, 0x65, 0x20, 0x63, 0x6f, 0x6d, 0x70,
    0x75, 0x74, 0x65, 0x72, 0x20, 0x28, 0x77, 0x61, 0x74, 0x63, 0x68, 0x20, 0x73, 0x69, 0x7a, 0x65,
    0x29, 0x00, 0x54, 0x61, 0x62, 0x6c, 0x65, 0x74, 0x00, 0x44, 0x6f, 0x63, 0x6b, 0x69, 0x6e, 0x67,
    0x20, 0x53, 0x74, 0x61, 0x74, 0x69, 0x6f, 0x6e, 0x00, 0x41, 0x6c, 0x6c, 0x20, 0x69, 0x6e, 0x20,
    0x4f, 0x6e, 0x65, 0x00, 0x42, 0x6c, 0x61, 0x64, 0x65, 0x20, 0x53, 0x65, 0x72, 0x76, 0x65, 0x72,
    0x00, 0x43, 0x6f, 0x6e, 0x76, 0x65, 0x72, 0x74, 0x69, 0x62, 0x6c, 0x65, 0x00, 0x44, 0x65, 0x74,
    0x61, 0x63, 0x68, 0x61, 0x62, 0x6c, 0x65, 0x00, 0x49, 0x6f, 0x54, 0x20, 0x47, 0x61, 0x74, 0x65,
    0x77, 0x61, 0x79, 0x00, 0x4d, 0x69, 0x6e, 0x69, 0x20, 0x50, 0x43, 0x00, 0x53, 0x74, 0x69, 0x63,
    0x6b, 0x20, 0x50, 0x43, 0x00, 0x57, 0x61, 0x74, 0x63, 0x68, 0x00, 0x53, 0x70, 0x6f, 0x72, 0x74,
    0x73, 0x20, 0x57, 0x61, 0x74, 0x63, 0x68, 0x00, 0x53, 0x6d, 0x61, 0x72, 0x74, 0x77, 0x61, 0x74,
    0x63, 0x68, 0x00, 0x43, 0x6c, 0x6f, 0x63, 0x6b, 0x00, 0x44, 0x69, 0x73, 0x70, 0x6c, 0x61, 0x79,
    0x00, 0x52, 0x65, 0x6d, 0x6f, 0x74, 0x65, 0x20, 0x43, 0x6f, 0x6e, 0x74, 0x72, 0x6f, 0x6c, 0x00,
    0x45, 0x79, 0x65, 0x2d, 0x67, 0x6c, 0x61, 0x73, 0x73, 0x65, 0x73, 0x00, 0x54, 0x61, 0x67, 0x00,
    0x4b, 0x65, 0x79, 0x72, 0x69, 0x6e, 0x67, 0x00, 0x4d, 0x65, 0x64, 0x69, 0x61, 0x20, 0x50, 0x6c,
    0x61, 0x79, 0x65, 0x72, 0x00, 0x42, 0x61, 0x72, 0x63, 0x6f, 0x64, 0x65, 0x20, 0x53, 0x63, 0x61,
    0x6e, 0x6e, 0x65, 0x72, 0x00, 0x54, 0x68, 0x65, 0x72, 0x6d, 0x6f, 0x6d, 0x65, 0x74, 0x65, 0x72,
    0x00, 0x45, 0x61, 0x72, 0x20, 0x54, 0x68, 0x65, 0x72, 0x6d, 0x6f, 0x6d, 0x65, 0x74, 0x65, 0x72,
    0x00, 0x48, 0x65, 0x61, 0x72, 0x74, 0x20, 0x52, 0x61, 0x74, 0x65, 0x20, 0x53, 0x65, 0x6e, 0x73,
    0x6f, 0x72, 0x00, 0x48, 0x65, 0x61, 0x72, 0x74, 0x20, 0x52, 0x61, 0x74, 0x65, 0x20, 0x42, 0x65,
    0x6c, 0x74, 0x00, 0x41, 0x72, 0x6d, 0x20, 0x42, 0x6c, 0x6f, 0x6f, 0x64, 0x20, 0x50, 0x72, 0x65,
    0x73, 0x73, 0x75, 0x72, 0x65, 0x00, 0x57, 0x72, 0x69, 0x73, 0x74, 0x20, 0x42, 0x6c, 0x6f, 0x6f,
    0x64, 0x20, 0x50, 0x72, 0x65, 0x73, 0x73, 0x75, 0x72, 0x65, 0x00, 0x4b, 0x65, 0x79, 0x62, 0x6f,
    0x61, 0x72, 0x64, 0x00, 0x4d, 0x6f, 0x75, 0x73, 0x65, 0x00, 0x4a, 0x6f, 0x79, 0x73, 0x74, 0x69,
    0x63, 0x6b, 0x00, 0x47, 0x61, 0x6d, 0x65, 0x70, 0x61, 0x64, 0x00, 0x44, 0x69, 0x67, 0x69, 0x74,
    0x69, 0x7a, 0x65, 0x72, 0x20, 0x54, 0x61, 0x62, 0x6c, 0x65, 0x74, 0x00, 0x43, 0x61, 0x72, 0x64,
    0x20, 0x52, 0x65, 0x61, 0x64, 0x65, 0x72, 0x00, 0x44, 0x69, 0x67, 0x69, 0x74, 0x61, 0x6c, 0x20,
    0x50, 0x65, 0x6e, 0x00, 0x54, 0x6f, 0x75, 0x63, 0x68, 0x70, 0x61, 0x64, 0x00, 0x50, 0x72, 0x65,
    0x73, 0x65, 0x6e, 0x74, 0x61, 0x74, 0x69, 0x6f, 0x6e, 0x20, 0x52, 0x65, 0x6d, 0x6f, 0x74, 0x65,
    0x00, 0x47, 0x6c, 0x75, 0x63, 0x6f, 0x73, 0x65, 0x20, 0x4d, 0x65, 0x74, 0x65, 0x72, 0x00, 0x52,
    0x75, 0x6e, 0x6e, 0x69, 0x6e, 0x67, 0x20, 0x57, 0x61, 0x6c, 0x6b, 0x69, 0x6e, 0x67, 0x20, 0x53,
    0x65, 0x6e, 0x73, 0x6f, 0x72, 0x00, 0x49, 0x6e, 0x2d, 0x53, 0x68, 0x6f, 0x65, 0x20, 0x52, 0x75,
    0x6e, 0x6e, 0x69, 0x6e, 0x67, 0x20, 0x57, 0x61, 0x6c, 0x6b, 0x69, 0x6e, 0x67, 0x20, 0x53, 0x65,
    0x6e, 0x73, 0x6f, 0x72, 0x00, 0x4f, 0x6e, 0x2d, 0x53, 0x68, 0x6f, 0x65, 0x20, 0x52, 0x75, 0x6e,
    0x6e, 0x69, 0x6e, 0x67, 0x20, 0x57, 0x61, 0x6c, 0x6b, 0x69, 0x6e, 0x67, 0x20, 0x53, 0x65, 0x6e,
    0x73, 0x6f, 0x72, 0x00, 0x4f, 0x6e, 0x2d, 0x48, 0x69, 0x70, 0x20, 0x52, 0x75, 0x6e, 0x6e, 0x69,
    0x6e, 0x67, 0x20, 0x57, 0x61, 0x6c, 0x6b, 0x69, 0x6e, 0x67, 0x20, 0x53, 0x65, 0x6e, 0x73, 0x6f,
    0x72, 0x00, 0x43, 0x79, 0x63, 0x6c, 0x69, 0x6e, 0x67, 0x00, 0x43, 0x79, 0x63, 0x6c, 0x69, 0x6e,
    0x67, 0x20, 0x43, 0x6f, 0x6d, 0x70, 0x75, 0x74, 0x65, 0x72, 0x00, 0x53, 0x70, 0x65, 0x65, 0x64,
    0x20, 0x53, 0x65, 0x6e, 0x73, 0x6f, 0x72, 0x00, 0x43, 0x61, 0x64, 0x65, 0x6e, 0x63, 0x65, 0x20,
    0x53, 0x65, 0x6e, 0x73, 0x6f, 0x72, 0x00, 0x50, 0x6f, 0x77, 0x65, 0x72, 0x20, 0x53, 0x65, 0x6e,
    0x73, 0x6f, 0x72, 0x00, 0x53, 0x70, 0x65, 0x65, 0x64, 0x20, 0x61, 0x6e, 0x64, 0x20, 0x43, 0x61,
    0x64, 0x65, 0x6e, 0x63, 0x65, 0x20, 0x53, 0x65, 0x6e, 0x73, 0x6f, 0x72, 0x00, 0x43, 0x6f, 0x6e,
    0x74, 0x72, 0x6f, 0x6c, 0x20, 0x44, 0x65, 0x76, 0x69, 0x63, 0x65, 0x00, 0x53, 0x77, 0x69, 0x74,
    0x63, 0x68, 0x00, 0x4d, 0x75, 0x6c, 0x74, 0x69, 0x2d, 0x73, 0x77, 0x69, 0x74, 0x63, 0x68, 0x00,
    0x42, 0x75, 0x74, 0x74, 0x6f, 0x6e, 0x00, 0x53, 0x6c, 0x69, 0x64, 0x65, 0x72, 0x00, 0x52, 0x6f,
    0x74, 0x61, 0x72, 0x79, 0x20, 0x53, 0x77, 0x69, 0x74, 0x63, 0x68, 0x00, 0x54, 0x6f, 0x75, 0x63,
    0x68, 0x20, 0x50, 0x61, 0x6e, 0x65, 0x6c, 0x00, 0x53, 0x69, 0x6e, 0x67, 0x6c, 0x65, 0x20, 0x53,
    0x77, 0x69, 0x74, 0x63, 0x68, 0x00, 0x44, 0x6f, 0x75, 0x62, 0x6c, 0x65, 0x20, 0x53, 0x77, 0x69,
    0x74, 0x63, 0x68, 0x00, 0x54, 0x72, 0x69, 0x70, 0x6c, 0x65, 0x20, 0x53, 0x77, 0x69, 0x74, 0x63,
    0x68, 0x00, 0x42, 0x61, 0x74, 0x74, 0x65, 0x72, 0x79, 0x20, 0x53, 0x77, 0x69, 0x74, 0x63, 0x68,
    0x00, 0x45, 0x6e, 0x65, 0x72, 0x67, 0x79, 0x20, 0x48, 0x61, 0x72, 0x76, 0x65, 0x73, 0x74, 0x69,
    0x6e, 0x67, 0x20, 0x53, 0x77, 0x69, 0x74, 0x63, 0x68, 0x00, 0x50, 0x75, 0x73, 0x68, 0x20, 0x42,
    0x75, 0x74, 0x74, 0x6f, 0x6e, 0x00, 0x44, 0x69, 0x61, 0x6c, 0x00, 0x4e, 0x65, 0x74, 0x77, 0x6f,
    0x72, 0x6b, 0x20, 0x44, 0x65, 0x76, 0x69, 0x63, 0x65, 0x00, 0x41, 0x63, 0x63, 0x65, 0x73, 0x73,
    0x20, 0x50, 0x6f, 0x69, 0x6e, 0x74, 0x00, 0x4d, 0x65, 0x73, 0x68, 0x20, 0x44, 0x65, 0x76, 0x69,
    0x63, 0x65, 0x00, 0x4d, 0x65, 0x73, 0x68, 0x20, 0x4e, 0x65, 0x74, 0x77, 0x6f, 0x72, 0x6b, 0x20,
    0x50, 0x72, 0x6f, 0x78, 0x79, 0x00, 0x53, 0x65, 0x6e, 0x73, 0x6f, 0x72, 0x00, 0x4d, 0x6f, 0x74,
    0x69, 0x6f, 0x6e, 0x20, 0x53, 0x65, 0x6e, 0x73, 0x6f, 0x72, 0x00, 0x41, 0x69, 0x72, 0x20, 0x71,
    0x75, 0x61, 0x6c, 0x69, 0x74, 0x79, 0x20, 0x53, 0x65, 0x6e, 0x73, 0x6f, 0x72, 0x00, 0x54, 0x65,
    0x6d, 0x70, 0x65, 0x72, 0x61, 0x74, 0x75, 0x72, 0x65, 0x20, 0x53, 0x65, 0x6e, 0x73, 0x6f, 0x72,
    0x00, 0x48, 0x75, 0x6d, 0x69, 0x64, 0x69, 0x74, 0x79, 0x20, 0x53, 0x65, 0x6e, 0x73, 0x6f, 0x72,
    0x00, 0x4c, 0x65, 0x61, 0x6b, 0x20, 0x53, 0x65, 0x6e, 0x73, 0x6f, 0x72, 0x00, 0x53, 0x6d, 0x6f,
    0x6b, 0x65, 0x20, 0x53, 0x65, 0x6e, 0x73, 0x6f, 0x72, 0x00, 0x4f, 0x63, 0x63, 0x75, 0x70, 0x61,
    0x6e, 0x63, 0x79, 0x20, 0x53, 0x65, 0x6e, 0x73, 0x6f, 0x72, 0x00, 0x43, 0x6f, 0x6e, 0x74, 0x61,
    0x63, 0x74, 0x20, 0x53, 0x65, 0x6e, 0x73, 0x6f, 0x72, 0x00, 0x43, 0x61, 0x72, 0x62, 0x6f, 0x6e,
    0x20, 0x4d, 0x6f, 0x6e, 0x6f, 0x78, 0x69, 0x64, 0x65, 0x20, 0x53, 0x65, 0x6e, 0x73, 0x6f, 0x72,
    0x00, 0x43, 0x61, 0x72, 0x62, 0x6f, 0x6e, 0x20, 0x44, 0x69, 0x6f, 0x78, 0x69, 0x64, 0x65, 0x20,
    0x53, 0x65, 0x6e, 0x73, 0x6f, 0x72, 0x00, 0x41, 0x6d, 0x62, 0x69, 0x65, 0x6e, 0x74, 0x20, 0x4c,
    0x69, 0x67, 0x68, 0x74, 0x20, 0x53, 0x65, 0x6e, 0x73, 0x6f, 0x72, 0x00, 0x45, 0x6e, 0x65, 0x72,
    0x67, 0x79, 0x20, 0x53, 0x65, 0x6e, 0x73, 0x6f, 0x72, 0x00, 0x43, 0x6f, 0x6c, 0x6f, 0x72, 0x20,
    0x4c, 0x69, 0x67, 0x68, 0x74, 0x20, 0x53, 0x65, 0x6e, 0x73, 0x6f, 0x72, 0x00, 0x52, 0x61, 0x69,
    0x6e, 0x20, 0x53, 0x65, 0x6e, 0x73, 0x6f, 0x72, 0x00, 0x46, 0x69, 0x72, 0x65, 0x20, 0x53, 0x65,
    0x6e, 0x73, 0x6f, 0x72, 0x00, 0x57, 0x69, 0x6e, 0x64, 0x20, 0x53, 0x65, 0x6e, 0x73, 0x6f, 0x72,
    0x00, 0x50, 0x72, 0x6f, 0x78, 0x69, 0x6d, 0x69, 0x74, 0x79, 0x20, 0x53, 0x65, 0x6e, 0x73, 0x6f,
    0x72, 0x00, 0x4d, 0x75, 0x6c, 0x74, 0x69, 0x2d, 0x53, 0x65, 0x6e, 0x73, 0x6f, 0x72, 0x00, 0x46,
    0x6c, 0x75, 0x73, 0x68, 0x20, 0x4d, 0x6f, 0x75, 0x6e, 0x74, 0x65, 0x64, 0x20, 0x53, 0x65, 0x6e,
    0x73, 0x6f, 0x72, 0x00, 0x43, 0x65, 0x69, 0x6c, 0x69, 0x6e, 0x67, 0x20, 0x4d, 0x6f, 0x75, 0x6e,
    0x74, 0x65, 0x64, 0x20, 0x53, 0x65, 0x6e, 0x73, 0x6f, 0x72, 0x00, 0x57, 0x61, 0x6c, 0x6c, 0x20,
    0x4d, 0x6f, 0x75, 0x6e, 0x74, 0x65, 0x64, 0x20, 0x53, 0x65, 0x6e, 0x73, 0x6f, 0x72, 0x00, 0x4d,
    0x75, 0x6c, 0x74, 0x69, 0x73, 0x65, 0x6e, 0x73, 0x6f, 0x72, 0x00, 0x45, 0x6e, 0x65, 0x72, 0x67,
    0x79, 0x20, 0x4d, 0x65, 0x74, 0x65, 0x72, 0x00, 0x46, 0x6c, 0x61, 0x6d, 0x65, 0x20, 0x44, 0x65,
    0x74, 0x65, 0x63, 0x74, 0x6f, 0x72, 0x00, 0x56, 0x65, 0x68, 0x69, 0x63, 0x6c, 0x65, 0x20, 0x54,
    0x69, 0x72, 0x65, 0x20, 0x50, 0x72, 0x65, 0x73, 0x73, 0x75, 0x72, 0x65, 0x20, 0x53, 0x65, 0x6e,
    0x73, 0x6f, 0x72, 0x00, 0x4c, 0x69, 0x67, 0x68, 0x74, 0x20, 0x46, 0x69, 0x78, 0x74, 0x75, 0x72,
    0x65, 0x73, 0x00, 0x57, 0x61, 0x6c, 0x6c, 0x20, 0x4c, 0x69, 0x67, 0x68, 0x74, 0x00, 0x43, 0x65,
    0x69, 0x6c, 0x69, 0x6e, 0x67, 0x20, 0x4c, 0x69, 0x67, 0x68, 0x74, 0x00, 0x46, 0x6c, 0x6f, 0x6f,
    0x72, 0x20, 0x4c, 0x69, 0x67, 0x68, 0x74, 0x00, 0x43, 0x61, 0x62, 0x69, 0x6e, 0x65, 0x74, 0x20,
    0x4c, 0x69, 0x67, 0x68, 0x74, 0x00, 0x44, 0x65, 0x73, 0x6b, 0x20, 0x4c, 0x69, 0x67, 0x68, 0x74,
    0x00, 0x54, 0x72, 0x6f, 0x66, 0x66, 0x65, 0x72, 0x20, 0x4c, 0x69, 0x67, 0x68, 0x74, 0x00, 0x50,
    0x65, 0x6e, 0x64, 0x61, 0x6e, 0x74, 0x20, 0x4c, 0x69, 0x67, 0x68, 0x74, 0x00, 0x49, 0x6e, 0x2d,
    0x67, 0x72, 0x6f, 0x75, 0x6e, 0x64, 0x20, 0x4c, 0x69, 0x67, 0x68, 0x74, 0x00, 0x46, 0x6c, 0x6f,
    0x6f, 0x64, 0x20, 0x4c, 0x69, 0x67, 0x68, 0x74, 0x00, 0x55, 0x6e, 0x64, 0x65, 0x72, 0x77, 0x61,
    0x74, 0x65, 0x72, 0x20, 0x4c, 0x69, 0x67, 0x68, 0x74, 0x00, 0x42, 0x6f, 0x6c, 0x6c, 0x61, 0x72,
    0x64, 0x20, 0x77, 0x69, 0x74, 0x68, 0x20, 0x4c, 0x69, 0x67, 0x68, 0x74, 0x00, 0x50, 0x61, 0x74,
    0x68, 0x77, 0x61, 0x79, 0x20, 0x4c, 0x69, 0x67, 0x68, 0x74, 0x00, 0x47, 0x61, 0x72, 0x64, 0x65,
    0x6e, 0x20, 0x4c, 0x69, 0x67, 0x68, 0x74, 0x00, 0x50, 0x6f, 0x6c, 0x65, 0x2d, 0x74, 0x6f, 0x70,
    0x20, 0x4c, 0x69, 0x67, 0x68, 0x74, 0x00, 0x53, 0x70, 0x6f, 0x74, 0x6c, 0x69, 0x67, 0x68, 0x74,
    0x00, 0x4c, 0x69, 0x6e, 0x65, 0x61, 0x72, 0x20, 0x4c, 0x69, 0x67, 0x68, 0x74, 0x00, 0x53, 0x74,
    0x72, 0x65, 0x65, 0x74, 0x20, 0x4c, 0x69, 0x67, 0x68, 0x74, 0x00, 0x53, 0x68, 0x65, 0x6c, 0x76,
    0x65, 0x73, 0x20, 0x4c, 0x69, 0x67, 0x68, 0x74, 0x00, 0x42, 0x61, 0x79, 0x20, 0x4c, 0x69, 0x67,
    0x68, 0x74, 0x00, 0x45, 0x6d, 0x65, 0x72, 0x67, 0x65, 0x6e, 0x63, 0x79, 0x20, 0x45, 0x78, 0x69,
    0x74, 0x20, 0x4c, 0x69, 0x67, 0x68, 0x74, 0x00, 0x4c, 0x69, 0x67, 0x68, 0x74, 0x20, 0x43, 0x6f,
    0x6e, 0x74, 0x72, 0x6f, 0x6c, 0x6c, 0x65, 0x72, 0x00, 0x4c, 0x69, 0x67, 0x68, 0x74, 0x20, 0x44,
    0x72, 0x69, 0x76, 0x65, 0x72, 0x00, 0x42, 0x75, 0x6c, 0x62, 0x00, 0x4c, 0x6f, 0x77, 0x2d, 0x62,
    0x61, 0x79, 0x20, 0x4c, 0x69, 0x67, 0x68, 0x74, 0x00, 0x48, 0x69, 0x67, 0x68, 0x2d, 0x62, 0x61,
    0x79, 0x20, 0x4c, 0x69, 0x67, 0x68, 0x74, 0x00, 0x46, 0x61, 0x6e, 0x00, 0x43, 0x65, 0x69, 0x6c,
    0x69, 0x6e, 0x67, 0x20, 0x46, 0x61, 0x6e, 0x00, 0x41, 0x78, 0x69, 0x61, 0x6c, 0x20, 0x46, 0x61,
    0x6e, 0x00, 0x45, 0x78, 0x68, 0x61, 0x75, 0x73, 0x74, 0x20, 0x46, 0x61, 0x6e, 0x00, 0x50, 0x65,
    0x64, 0x65, 0x73, 0x74, 0x61, 0x6c, 0x20, 0x46, 0x61, 0x6e, 0x00, 0x44, 0x65, 0x73, 0x6b, 0x20,
    0x46, 0x61, 0x6e, 0x00, 0x57, 0x61, 0x6c, 0x6c, 0x20, 0x46, 0x61, 0x6e, 0x00, 0x48, 0x56, 0x41,
    0x43, 0x00, 0x54, 0x68, 0x65, 0x72, 0x6d, 0x6f, 0x73, 0x74, 0x61, 0x74, 0x00, 0x48, 0x75, 0x6d,
    0x69, 0x64, 0x69, 0x66, 0x69, 0x65, 0x72, 0x00, 0x44, 0x65, 0x2d, 0x68, 0x75, 0x6d, 0x69, 0x64,
    0x69, 0x66, 0x69, 0x65, 0x72, 0x00, 0x48, 0x65, 0x61, 0x74, 0x65, 0x72, 0x00, 0x52, 0x61, 0x64,
    0x69, 0x61, 0x74, 0x6f, 0x72, 0x00, 0x42, 0x6f, 0x69, 0x6c, 0x65, 0x72, 0x00, 0x48, 0x65, 0x61,
    0x74, 0x20, 0x50, 0x75, 0x6d, 0x70, 0x00, 0x49, 0x6e, 0x66, 0x72, 0x61, 0x72, 0x65, 0x64, 0x20,
    0x48, 0x65, 0x61, 0x74, 0x65, 0x72, 0x00, 0x52, 0x61, 0x64, 0x69, 0x61, 0x6e, 0x74, 0x20, 0x50,
    0x61, 0x6e, 0x65, 0x6c, 0x20, 0x48, 0x65, 0x61, 0x74, 0x65, 0x72, 0x00, 0x46, 0x61, 0x6e, 0x20,
    0x48, 0x65, 0x61, 0x74, 0x65, 0x72, 0x00, 0x41, 0x69, 0x72, 0x20, 0x43, 0x75, 0x72, 0x74, 0x61,
    0x69, 0x6e, 0x00, 0x41, 0x69, 0x72, 0x20, 0x43, 0x6f, 0x6e, 0x64, 0x69, 0x74, 0x69, 0x6f, 0x6e,
    0x69, 0x6e, 0x67, 0x00, 0x48, 0x65, 0x61, 0x74, 0x69, 0x6e, 0x67, 0x00, 0x41, 0x63, 0x63, 0x65,
    0x73, 0x73, 0x20, 0x43, 0x6f, 0x6e, 0x74, 0x72, 0x6f, 0x6c, 0x00, 0x41, 0x63, 0x63, 0x65, 0x73,
    0x73, 0x20, 0x44, 0x6f, 0x6f, 0x72, 0x00, 0x47, 0x61, 0x72, 0x61, 0x67, 0x65, 0x20, 0x44, 0x6f,
    0x6f, 0x72, 0x00, 0x45, 0x6d, 0x65, 0x72, 0x67, 0x65, 0x6e, 0x63, 0x79, 0x20, 0x45, 0x78, 0x69,
    0x74, 0x20, 0x44, 0x6f, 0x6f, 0x72, 0x00, 0x41, 0x63, 0x63, 0x65, 0x73, 0x73, 0x20, 0x4c, 0x6f,
    0x63, 0x6b, 0x00, 0x45, 0x6c, 0x65, 0x76, 0x61, 0x74, 0x6f, 0x72, 0x00, 0x57, 0x69, 0x6e, 0x64,
    0x6f, 0x77, 0x00, 0x45, 0x6e, 0x74, 0x72, 0x61, 0x6e, 0x63, 0x65, 0x20, 0x47, 0x61, 0x74, 0x65,
    0x00, 0x44, 0x6f, 0x6f, 0x72, 0x20, 0x4c, 0x6f, 0x63, 0x6b, 0x00, 0x4c, 0x6f, 0x63, 0x6b, 0x65,
    0x72, 0x00, 0x4d, 0x6f, 0x74, 0x6f, 0x72, 0x69, 0x7a, 0x65, 0x64, 0x20, 0x44, 0x65, 0x76, 0x69,
    0x63, 0x65, 0x00, 0x4d, 0x6f, 0x74, 0x6f, 0x72, 0x69, 0x7a, 0x65, 0x64, 0x20, 0x47, 0x61, 0x74,
    0x65, 0x00, 0x41, 0x77, 0x6e, 0x69, 0x6e, 0x67, 0x00, 0x42, 0x6c, 0x69, 0x6e, 0x64, 0x73, 0x20,
    0x6f, 0x72, 0x20, 0x53, 0x68, 0x61, 0x64, 0x65, 0x73, 0x00, 0x43, 0x75, 0x72, 0x74, 0x61, 0x69,
    0x6e, 0x73, 0x00, 0x53, 0x63, 0x72, 0x65, 0x65, 0x6e, 0x00, 0x50, 0x6f, 0x77, 0x65, 0x72, 0x20,
    0x44, 0x65, 0x76, 0x69, 0x63, 0x65, 0x00, 0x50, 0x6f, 0x77, 0x65, 0x72, 0x20, 0x4f, 0x75, 0x74,
    0x6c, 0x65, 0x74, 0x00, 0x50, 0x6f, 0x77, 0x65, 0x72, 0x20, 0x53, 0x74, 0x72, 0x69, 0x70, 0x00,
    0x50, 0x6c, 0x75, 0x67, 0x00, 0x50, 0x6f, 0x77, 0x65, 0x72, 0x20, 0x53, 0x75, 0x70, 0x70, 0x6c,
    0x79, 0x00, 0x4c, 0x45, 0x44, 0x20, 0x44, 0x72, 0x69, 0x76, 0x65, 0x72, 0x00, 0x46, 0x6c, 0x75,
    0x6f, 0x72, 0x65, 0x73, 0x63, 0x65, 0x6e, 0x74, 0x20, 0x4c, 0x61, 0x6d, 0x70, 0x20, 0x47, 0x65,
    0x61, 0x72, 0x00, 0x48, 0x49, 0x44, 0x20, 0x4c, 0x61, 0x6d, 0x70, 0x20, 0x47, 0x65, 0x61, 0x72,
    0x00, 0x43, 0x68, 0x61, 0x72, 0x67, 0x65, 0x20, 0x43, 0x61, 0x73, 0x65, 0x00, 0x50, 0x6f, 0x77,
    0x65, 0x72, 0x20, 0x42, 0x61, 0x6e, 0x6b, 0x00, 0x4c, 0x69, 0x67, 0x68, 0x74, 0x20, 0x53, 0x6f,
    0x75, 0x72, 0x63, 0x65, 0x00, 0x49, 0x6e, 0x63, 0x61, 0x6e, 0x64, 0x65, 0x73, 0x63, 0x65, 0x6e,
    0x74, 0x20, 0x4c, 0x69, 0x67, 0x68, 0x74, 0x20, 0x42, 0x75, 0x6c, 0x62, 0x00, 0x4c, 0x45, 0x44,
    0x20, 0x4c, 0x61, 0x6d, 0x70, 0x00, 0x48, 0x49, 0x44, 0x20, 0x4c, 0x61, 0x6d, 0x70, 0x00, 0x46,
    0x6c, 0x75, 0x6f, 0x72, 0x65, 0x73, 0x63, 0x65, 0x6e, 0x74, 0x20, 0x4c, 0x61, 0x6d, 0x70, 0x00,
    0x4c, 0x45, 0x44, 0x20, 0x41, 0x72, 0x72, 0x61, 0x79, 0x00, 0x4d, 0x75, 0x6c, 0x74, 0x69, 0x2d,
    0x43, 0x6f, 0x6c, 0x6f, 0x72, 0x20, 0x4c, 0x45, 0x44, 0x20, 0x41, 0x72, 0x72, 0x61, 0x79, 0x00,
    0x4c, 0x6f, 0x77, 0x20, 0x76, 0x6f, 0x6c, 0x74, 0x61, 0x67, 0x65, 0x20, 0x68, 0x61, 0x6c, 0x6f,
    0x67, 0x65, 0x6e, 0x00, 0x4f, 0x72, 0x67, 0x61, 0x6e, 0x69, 0x63, 0x20, 0x6c, 0x69, 0x67, 0x68,
    0x74, 0x20, 0x65, 0x6d, 0x69, 0x74, 0x74, 0x69, 0x6e, 0x67, 0x20, 0x64, 0x69, 0x6f, 0x64, 0x65,
    0x20, 0x28, 0x4f, 0x4c, 0x45, 0x44, 0x29, 0x00, 0x57, 0x69, 0x6e, 0x64, 0x6f, 0x77, 0x20, 0x43,
    0x6f, 0x76, 0x65, 0x72, 0x69, 0x6e, 0x67, 0x00, 0x57, 0x69, 0x6e, 0x64, 0x6f, 0x77, 0x20, 0x53,
    0x68, 0x61, 0x64, 0x65, 0x73, 0x00, 0x57, 0x69, 0x6e, 0x64, 0x6f, 0x77, 0x20, 0x42, 0x6c, 0x69,
    0x6e, 0x64, 0x73, 0x00, 0x57, 0x69, 0x6e, 0x64, 0x6f, 0x77, 0x20, 0x41, 0x77, 0x6e, 0x69, 0x6e,
    0x67, 0x00, 0x57, 0x69, 0x6e, 0x64, 0x6f, 0x77, 0x20, 0x43, 0x75, 0x72, 0x74, 0x61, 0x69, 0x6e,
    0x00, 0x45, 0x78, 0x74, 0x65, 0x72, 0x69, 0x6f, 0x72, 0x20, 0x53, 0x68, 0x75, 0x74, 0x74, 0x65,
    0x72, 0x00, 0x45, 0x78, 0x74, 0x65, 0x72, 0x69, 0x6f, 0x72, 0x20, 0x53, 0x63, 0x72, 0x65, 0x65,
    0x6e, 0x00, 0x41, 0x75, 0x64, 0x69, 0x6f, 0x20, 0x53, 0x69, 0x6e, 0x6b, 0x00, 0x53, 0x74, 0x61,
    0x6e, 0x64, 0x61, 0x6c, 0x6f, 0x6e, 0x65, 0x20, 0x53, 0x70, 0x65, 0x61, 0x6b, 0x65, 0x72, 0x00,
    0x53, 0x6f, 0x75, 0x6e, 0x64, 0x62, 0x61, 0x72, 0x00, 0x42, 0x6f, 0x6f, 0x6b, 0x73, 0x68, 0x65,
    0x6c, 0x66, 0x20, 0x53, 0x70, 0x65, 0x61, 0x6b, 0x65, 0x72, 0x00, 0x53, 0x74, 0x61, 0x6e, 0x64,
    0x6d, 0x6f, 0x75, 0x6e, 0x74, 0x65, 0x64, 0x20, 0x53, 0x70, 0x65, 0x61, 0x6b, 0x65, 0x72, 0x00,
    0x53, 0x70, 0x65, 0x61, 0x6b, 0x65, 0x72, 0x70, 0x68, 0x6f, 0x6e, 0x65, 0x00, 0x41, 0x75, 0x64,
    0x69, 0x6f, 0x20, 0x53, 0x6f, 0x75, 0x72, 0x63, 0x65, 0x00, 0x4d, 0x69, 0x63, 0x72, 0x6f, 0x70,
    0x68, 0x6f, 0x6e, 0x65, 0x00, 0x41, 0x6c, 0x61, 0x72, 0x6d, 0x00, 0x42, 0x65, 0x6c, 0x6c, 0x00,
    0x48, 0x6f, 0x72, 0x6e, 0x00, 0x42, 0x72, 0x6f, 0x61, 0x64, 0x63, 0x61, 0x73, 0x74, 0x69, 0x6e,
    0x67, 0x20, 0x44, 0x65, 0x76, 0x69, 0x63, 0x65, 0x00, 0x53, 0x65, 0x72, 0x76, 0x69, 0x63, 0x65,
    0x20, 0x44, 0x65, 0x73, 0x6b, 0x00, 0x4b, 0x69, 0x6f, 0x73, 0x6b, 0x00, 0x42, 0x72, 0x6f, 0x61,
    0x64, 0x63, 0x61, 0x73, 0x74, 0x69, 0x6e, 0x67, 0x20, 0x52, 0x6f, 0x6f, 0x6d, 0x00, 0x41, 0x75,
    0x64, 0x69, 0x74, 0x6f, 0x72, 0x69, 0x75, 0x6d, 0x00, 0x4d, 0x6f, 0x74, 0x6f, 0x72, 0x69, 0x7a,
    0x65, 0x64, 0x20, 0x56, 0x65, 0x68, 0x69, 0x63, 0x6c, 0x65, 0x00, 0x43, 0x61, 0x72, 0x00, 0x4c,
    0x61, 0x72, 0x67, 0x65, 0x20, 0x47, 0x6f, 0x6f, 0x64, 0x73, 0x20, 0x56, 0x65, 0x68, 0x69, 0x63,
    0x6c, 0x65, 0x00, 0x32, 0x2d, 0x57, 0x68, 0x65, 0x65, 0x6c, 0x65, 0x64, 0x20, 0x56, 0x65, 0x68,
    0x69, 0x63, 0x6c, 0x65, 0x00, 0x4d, 0x6f, 0x74, 0x6f, 0x72, 0x62, 0x69, 0x6b, 0x65, 0x00, 0x53,
    0x63, 0x6f, 0x6f, 0x74, 0x65, 0x72, 0x00, 0x4d, 0x6f, 0x70, 0x65, 0x64, 0x00, 0x33, 0x2d, 0x57,
    0x68, 0x65, 0x65, 0x6c, 0x65, 0x64, 0x20, 0x56, 0x65, 0x68, 0x69, 0x63, 0x6c, 0x65, 0x00, 0x4c,
    0x69, 0x67, 0x68, 0x74, 0x20, 0x56, 0x65, 0x68, 0x69, 0x63, 0x6c, 0x65, 0x00, 0x51, 0x75, 0x61,
    0x64, 0x20, 0x42, 0x69, 0x6b, 0x65, 0x00, 0x4d, 0x69, 0x6e, 0x69, 0x62, 0x75, 0x73, 0x00, 0x42,
    0x75, 0x73, 0x00, 0x54, 0x72, 0x6f, 0x6c, 0x6c, 0x65, 0x79, 0x00, 0x41, 0x67, 0x72, 0x69, 0x63,
    0x75, 0x6c, 0x74, 0x75, 0x72, 0x61, 0x6c, 0x20, 0x56, 0x65, 0x68, 0x69, 0x63, 0x6c, 0x65, 0x00,
    0x43, 0x61, 0x6d, 0x70, 0x65, 0x72, 0x20, 0x2f, 0x20, 0x43, 0x61, 0x72, 0x61, 0x76, 0x61, 0x6e,
    0x00, 0x52, 0x65, 0x63, 0x72, 0x65, 0x61, 0x74, 0x69, 0x6f, 0x6e, 0x61, 0x6c, 0x20, 0x56, 0x65,
    0x68, 0x69, 0x63, 0x6c, 0x65, 0x20, 0x2f, 0x20, 0x4d, 0x6f, 0x74, 0x6f, 0x72, 0x20, 0x48, 0x6f,
    0x6d, 0x65, 0x00, 0x44, 0x6f, 0x6d, 0x65, 0x73, 0x74, 0x69, 0x63, 0x20, 0x41, 0x70, 0x70, 0x6c,
    0x69, 0x61, 0x6e, 0x63, 0x65, 0x00, 0x52, 0x65, 0x66, 0x72, 0x69, 0x67, 0x65, 0x72, 0x61, 0x74,
    0x6f, 0x72, 0x00, 0x46, 0x72, 0x65, 0x65, 0x7a, 0x65, 0x72, 0x00, 0x4f, 0x76, 0x65, 0x6e, 0x00,
    0x4d, 0x69, 0x63, 0x72, 0x6f, 0x77, 0x61, 0x76, 0x65, 0x00, 0x54, 0x6f, 0x61, 0x73, 0x74, 0x65,
    0x72, 0x00, 0x57, 0x61, 0x73, 0x68, 0x69, 0x6e, 0x67, 0x20, 0x4d, 0x61, 0x63, 0x68, 0x69, 0x6e,
    0x65, 0x00, 0x44, 0x72, 0x79, 0x65, 0x72, 0x00, 0x43, 0x6f, 0x66, 0x66, 0x65, 0x65, 0x20, 0x6d,
    0x61, 0x6b, 0x65, 0x72, 0x00, 0x43, 0x6c, 0x6f, 0x74, 0x68, 0x65, 0x73, 0x20, 0x69, 0x72, 0x6f,
    0x6e, 0x00, 0x43, 0x75, 0x72, 0x6c, 0x69, 0x6e, 0x67, 0x20, 0x69, 0x72, 0x6f, 0x6e, 0x00, 0x48,
    0x61, 0x69, 0x72, 0x20, 0x64, 0x72, 0x79, 0x65, 0x72, 0x00, 0x56, 0x61, 0x63, 0x75, 0x75, 0x6d,
    0x20, 0x63, 0x6c, 0x65, 0x61, 0x6e, 0x65, 0x72, 0x00, 0x52, 0x6f, 0x62, 0x6f, 0x74, 0x69, 0x63,
    0x20, 0x76, 0x61, 0x63, 0x75, 0x75, 0x6d, 0x20, 0x63, 0x6c, 0x65, 0x61, 0x6e, 0x65, 0x72, 0x00,
    0x52, 0x69, 0x63, 0x65, 0x20, 0x63, 0x6f, 0x6f, 0x6b, 0x65, 0x72, 0x00, 0x43, 0x6c, 0x6f, 0x74,
    0x68, 0x65, 0x73, 0x20, 0x73, 0x74, 0x65, 0x61, 0x6d, 0x65, 0x72, 0x00, 0x57, 0x65, 0x61, 0x72,
    0x61, 0x62, 0x6c, 0x65, 0x20, 0x41, 0x75, 0x64, 0x69, 0x6f, 0x20, 0x44, 0x65, 0x76, 0x69, 0x63,
    0x65, 0x00, 0x45, 0x61, 0x72, 0x62, 0x75, 0x64, 0x00, 0x48, 0x65, 0x61, 0x64, 0x73, 0x65, 0x74,
    0x00, 0x48, 0x65, 0x61, 0x64, 0x70, 0x68, 0x6f, 0x6e, 0x65, 0x73, 0x00, 0x4e, 0x65, 0x63, 0x6b,
    0x20, 0x42, 0x61, 0x6e, 0x64, 0x00, 0x41, 0x69, 0x72, 0x63, 0x72, 0x61, 0x66, 0x74, 0x00, 0x4c,
    0x69, 0x67, 0x68, 0x74, 0x20, 0x41, 0x69, 0x72, 0x63, 0x72, 0x61, 0x66, 0x74, 0x00, 0x4d, 0x69,
    0x63, 0x72, 0x6f, 0x6c, 0x69, 0x67, 0x68, 0x74, 0x00, 0x50, 0x61, 0x72, 0x61, 0x67, 0x6c, 0x69,
    0x64, 0x65, 0x72, 0x00, 0x4c, 0x61, 0x72, 0x67, 0x65, 0x20, 0x50, 0x61, 0x73, 0x73, 0x65, 0x6e,
    0x67, 0x65, 0x72, 0x20, 0x41, 0x69, 0x72, 0x63, 0x72, 0x61, 0x66, 0x74, 0x00, 0x41, 0x56, 0x20,
    0x45, 0x71, 0x75, 0x69, 0x70, 0x6d, 0x65, 0x6e, 0x74, 0x00, 0x41, 0x6d, 0x70, 0x6c, 0x69, 0x66,
    0x69, 0x65, 0x72, 0x00, 0x52, 0x65, 0x63, 0x65, 0x69, 0x76, 0x65, 0x72, 0x00, 0x52, 0x61, 0x64,
    0x69, 0x6f, 0x00, 0x54, 0x75, 0x6e, 0x65, 0x72, 0x00, 0x54, 0x75, 0x72, 0x6e, 0x74, 0x61, 0x62,
    0x6c, 0x65, 0x00, 0x43, 0x44, 0x20, 0x50, 0x6c, 0x61, 0x79, 0x65, 0x72, 0x00, 0x44, 0x56, 0x44,
    0x20, 0x50, 0x6c, 0x61, 0x79, 0x65, 0x72, 0x00, 0x42, 0x6c, 0x75, 0x72, 0x61, 0x79, 0x20, 0x50,
    0x6c, 0x61, 0x79, 0x65, 0x72, 0x00, 0x4f, 0x70, 0x74, 0x69, 0x63, 0x61, 0x6c, 0x20, 0x44, 0x69,
    0x73, 0x63, 0x20, 0x50, 0x6c, 0x61, 0x79, 0x65, 0x72, 0x00, 0x53, 0x65, 0x74, 0x2d, 0x54, 0x6f,
    0x70, 0x20, 0x42, 0x6f, 0x78, 0x00, 0x44, 0x69, 0x73, 0x70, 0x6c, 0x61, 0x79, 0x20, 0x45, 0x71,
    0x75, 0x69, 0x70, 0x6d, 0x65, 0x6e, 0x74, 0x00, 0x54, 0x65, 0x6c, 0x65, 0x76, 0x69, 0x73, 0x69,
    0x6f, 0x6e, 0x00, 0x4d, 0x6f, 0x6e, 0x69, 0x74, 0x6f, 0x72, 0x00, 0x50, 0x72, 0x6f, 0x6a, 0x65,
    0x63, 0x74, 0x6f, 0x72, 0x00, 0x48, 0x65, 0x61, 0x72, 0x69, 0x6e, 0x67, 0x20, 0x61, 0x69, 0x64,
    0x00, 0x49, 0x6e, 0x2d, 0x65, 0x61, 0x72, 0x20, 0x68, 0x65, 0x61, 0x72, 0x69, 0x6e, 0x67, 0x20,
    0x61, 0x69, 0x64, 0x00, 0x42, 0x65, 0x68, 0x69, 0x6e, 0x64, 0x2d, 0x65, 0x61, 0x72, 0x20, 0x68,
    0x65, 0x61, 0x72, 0x69, 0x6e, 0x67, 0x20, 0x61, 0x69, 0x64, 0x00, 0x43, 0x6f, 0x63, 0x68, 0x6c,
    0x65, 0x61, 0x72, 0x20, 0x49, 0x6d, 0x70, 0x6c, 0x61, 0x6e, 0x74, 0x00, 0x47, 0x61, 0x6d, 0x69,
    0x6e, 0x67, 0x00, 0x48, 0x6f, 0x6d, 0x65, 0x20, 0x56, 0x69, 0x64, 0x65, 0x6f, 0x20, 0x47, 0x61,
    0x6d, 0x65, 0x20, 0x43, 0x6f, 0x6e, 0x73, 0x6f, 0x6c, 0x65, 0x00, 0x50, 0x6f, 0x72, 0x74, 0x61,
    0x62, 0x6c, 0x65, 0x20, 0x68, 0x61, 0x6e, 0x64, 0x68, 0x65, 0x6c, 0x64, 0x20, 0x63, 0x6f, 0x6e,
    0x73, 0x6f, 0x6c, 0x65, 0x00, 0x53, 0x69, 0x67, 0x6e, 0x61, 0x67, 0x65, 0x00, 0x44, 0x69, 0x67,
    0x69, 0x74, 0x61, 0x6c, 0x20, 0x53, 0x69, 0x67, 0x6e, 0x61, 0x67, 0x65, 0x00, 0x45, 0x6c, 0x65,
    0x63, 0x74, 0x72, 0x6f, 0x6e, 0x69, 0x63, 0x20, 0x4c, 0x61, 0x62, 0x65, 0x6c, 0x00, 0x50, 0x75,
    0x6c, 0x73, 0x65, 0x20, 0x4f, 0x78, 0x69, 0x6d, 0x65, 0x74, 0x65, 0x72, 0x00, 0x46, 0x69, 0x6e,
    0x67, 0x65, 0x72, 0x74, 0x69, 0x70, 0x20, 0x50, 0x75, 0x6c, 0x73, 0x65, 0x20, 0x4f, 0x78, 0x69,
    0x6d, 0x65, 0x74, 0x65, 0x72, 0x00, 0x57, 0x72, 0x69, 0x73, 0x74, 0x20, 0x57, 0x6f, 0x72, 0x6e,
    0x20, 0x50, 0x75, 0x6c, 0x73, 0x65, 0x20, 0x4f, 0x78, 0x69, 0x6d, 0x65, 0x74, 0x65, 0x72, 0x00,
    0x50, 0x65, 0x72, 0x73, 0x6f, 0x6e, 0x61, 0x6c, 0x20, 0x4d, 0x6f, 0x62, 0x69, 0x6c, 0x69, 0x74,
    0x79, 0x20, 0x44, 0x65, 0x76, 0x69, 0x63, 0x65, 0x00, 0x50, 0x6f, 0x77, 0x65, 0x72, 0x65, 0x64,
    0x20, 0x57, 0x68, 0x65, 0x65, 0x6c, 0x63, 0x68, 0x61, 0x69, 0x72, 0x00, 0x4d, 0x6f, 0x62, 0x69,
    0x6c, 0x69, 0x74, 0x79, 0x20, 0x53, 0x63, 0x6f, 0x6f, 0x74, 0x65, 0x72, 0x00, 0x43, 0x6f, 0x6e,
    0x74, 0x69, 0x6e, 0x75, 0x6f, 0x75, 0x73, 0x20, 0x47, 0x6c, 0x75, 0x63, 0x6f, 0x73, 0x65, 0x20,
    0x4d, 0x6f, 0x6e, 0x69, 0x74, 0x6f, 0x72, 0x00, 0x49, 0x6e, 0x73, 0x75, 0x6c, 0x69, 0x6e, 0x20,
    0x50, 0x75, 0x6d, 0x70, 0x00, 0x49, 0x6e, 0x73, 0x75, 0x6c, 0x69, 0x6e, 0x20, 0x50, 0x75, 0x6d,
    0x70, 0x2c, 0x20, 0x64, 0x75, 0x72, 0x61, 0x62, 0x6c, 0x65, 0x20, 0x70, 0x75, 0x6d, 0x70, 0x00,
    0x49, 0x6e, 0x73, 0x75, 0x6c, 0x69, 0x6e, 0x20, 0x50, 0x75, 0x6d, 0x70, 0x2c, 0x20, 0x70, 0x61,
    0x74, 0x63, 0x68, 0x20, 0x70, 0x75, 0x6d, 0x70, 0x00, 0x49, 0x6e, 0x73, 0x75, 0x6c, 0x69, 0x6e,
    0x20, 0x50, 0x65, 0x6e, 0x00, 0x4d, 0x65, 0x64, 0x69, 0x63, 0x61, 0x74, 0x69, 0x6f, 0x6e, 0x20,
    0x44, 0x65, 0x6c, 0x69, 0x76, 0x65, 0x72, 0x79, 0x00, 0x53, 0x70, 0x69, 0x72, 0x6f, 0x6d, 0x65,
    0x74, 0x65, 0x72, 0x00, 0x48, 0x61, 0x6e, 0x64, 0x68, 0x65, 0x6c, 0x64, 0x20, 0x53, 0x70, 0x69,
    0x72, 0x6f, 0x6d, 0x65, 0x74, 0x65, 0x72, 0x00, 0x4f, 0x75, 0x74, 0x64, 0x6f, 0x6f, 0x72, 0x20,
    0x53, 0x70, 0x6f, 0x72, 0x74, 0x73, 0x20, 0x41, 0x63, 0x74, 0x69, 0x76, 0x69, 0x74, 0x79, 0x00,
    0x4c, 0x6f, 0x63, 0x61, 0x74, 0x69, 0x6f, 0x6e, 0x20, 0x44, 0x69, 0x73, 0x70, 0x6c, 0x61, 0x79,
    0x00, 0x4c, 0x6f, 0x63, 0x61, 0x74, 0x69, 0x6f, 0x6e, 0x20, 0x61, 0x6e, 0x64, 0x20, 0x4e, 0x61,
    0x76, 0x69, 0x67, 0x61, 0x74, 0x69, 0x6f, 0x6e, 0x20, 0x44, 0x69, 0x73, 0x70, 0x6c, 0x61, 0x79,
    0x00, 0x4c, 0x6f, 0x63, 0x61, 0x74, 0x69, 0x6f, 0x6e, 0x20, 0x50, 0x6f, 0x64, 0x00, 0x4c, 0x6f,
    0x63, 0x61, 0x74, 0x69, 0x6f, 0x6e, 0x20, 0x61, 0x6e, 0x64, 0x20, 0x4e, 0x61, 0x76, 0x69, 0x67,
    0x61, 0x74, 0x69, 0x6f, 0x6e, 0x20, 0x50, 0x6f, 0x64, 0x00,
};
const size_t radio_registry_strings_size = 91530u;
